{"5":[0.9885714285714285,0.9885714285714285,0.9885714285714285,0.9885714285714285,0.9885714285714285,0.9885714285714285,0.9885714285714285,0.9885714285714285,0.9885714285714285,0.9885714285714285,0.9885714285714285,0.9885714285714285,0.9885714285714285,0.9885714285714285,0.9885714285714285,0.9885714285714285,0.9885714285714285,0.9885714285714285,0.9885714285714285,0.9885714285714285],"56":[0.9714285714285714,0.9714285714285714,0.9714285714285714,0.9714285714285714,0.9714285714285714,0.9714285714285714,0.9714285714285714,0.9714285714285714,0.9714285714285714,0.9714285714285714,0.9714285714285714,0.9714285714285714,0.9714285714285714,0.9714285714285714,0.9714285714285714,0.9714285714285714,0.9714285714285714,0.9714285714285714,0.9714285714285714,0.9714285714285714],"35":[0.9971428571428571,0.9971428571428571,0.9971428571428571,0.9971428571428571,0.9971428571428571,0.9971428571428571,0.9971428571428571,0.9971428571428571,0.9971428571428571,0.9971428571428571,0.9971428571428571,0.9971428571428571,0.9971428571428571,0.9971428571428571,0.9971428571428571,0.9971428571428571,0.9971428571428571,0.9971428571428571,0.9971428571428571,0.9971428571428571],"55":[1.0,1.0,1.0,1.0,1.0,1.0,1.0,1.0,1.0,1.0,1.0,1.0,1.0,1.0,1.0,1.0,1.0,1.0,1.0,1.0],"60":[0.9942857142857143,0.9942857142857143,0.9942857142857143,0.9942857142857143,0.9942857142857143,0.9942857142857143,0.9942857142857143,0.9942857142857143,0.9942857142857143,0.9942857142857143,0.9942857142857143,0.9942857142857143,0.9942857142857143,0.9942857142857143,0.9942857142857143,0.9942857142857143,0.9942857142857143,0.9942857142857143,0.9942857142857143,0.9942857142857143],"30":[1.0,1.0,1.0,1.0,1.0,1.0,1.0,1.0,1.0,1.0,1.0,1.0,1.0,1.0,1.0,1.0,1.0,1.0,1.0,1.0],"32":[0.9942857142857143,0.9942857142857143,0.9942857142857143,0.9942857142857143,0.9942857142857143,0.9942857142857143,0.9942857142857143,0.9942857142857143,0.9942857142857143,0.9942857142857143,0.9942857142857143,0.9942857142857143,0.9942857142857143,0.9942857142857143,0.9942857142857143,0.9942857142857143,0.9942857142857143,0.9942857142857143,0.9942857142857143,0.9942857142857143],"6":[0.9971428571428571,0.9971428571428571,0.9971428571428571,0.9971428571428571,0.9971428571428571,0.9971428571428571,0.9971428571428571,0.9971428571428571,0.9971428571428571,0.9971428571428571,0.9971428571428571,0.9971428571428571,0.9971428571428571,0.9971428571428571,0.9971428571428571,0.9971428571428571,0.9971428571428571,0.9971428571428571,0.9971428571428571,0.9971428571428571],"67":[0.9971428571428571,0.9971428571428571,0.9971428571428571,0.9971428571428571,0.9971428571428571,0.9971428571428571,0.9971428571428571,0.9971428571428571,0.9971428571428571,0.9971428571428571,0.9971428571428571,0.9971428571428571,0.9971428571428571,0.9971428571428571,0.9971428571428571,0.9971428571428571,0.9971428571428571,0.9971428571428571,0.9971428571428571,0.9971428571428571],"45":[0.9971428571428571,0.9971428571428571,0.9971428571428571,0.9971428571428571,0.9971428571428571,0.9971428571428571,0.9971428571428571,0.9971428571428571,0.9971428571428571,0.9971428571428571,0.9971428571428571,0.9971428571428571,0.9971428571428571,0.9971428571428571,0.9971428571428571,0.9971428571428571,0.9971428571428571,0.9971428571428571,0.9971428571428571,0.9971428571428571],"73":[1.0,1.0,1.0,1.0,1.0,1.0,1.0,1.0,1.0,1.0,1.0,1.0,1.0,1.0,1.0,1.0,1.0,1.0,1.0,1.0],"64":[0.9971428571428571,0.9971428571428571,0.9971428571428571,0.9971428571428571,0.9971428571428571,0.9971428571428571,0.9971428571428571,0.9971428571428571,0.9971428571428571,0.9971428571428571,0.9971428571428571,0.9971428571428571,0.9971428571428571,0.9971428571428571,0.9971428571428571,0.9971428571428571,0.9971428571428571,0.9971428571428571,0.9971428571428571,0.9971428571428571],"4":[1.0,1.0,1.0,1.0,1.0,1.0,1.0,1.0,1.0,1.0,1.0,1.0,1.0,1.0,1.0,1.0,1.0,1.0,1.0,1.0],"13":[0.98,0.98,0.98,0.98,0.98,0.98,0.98,0.98,0.98,0.98,0.98,0.98,0.98,0.98,0.98,0.98,0.98,0.98,0.98,0.98],"54":[0.9942857142857143,0.9942857142857143,0.9942857142857143,0.9942857142857143,0.9942857142857143,0.9942857142857143,0.9942857142857143,0.9942857142857143,0.9942857142857143,0.9942857142857143,0.9942857142857143,0.9942857142857143,0.9942857142857143,0.9942857142857143,0.9942857142857143,0.9942857142857143,0.9942857142857143,0.9942857142857143,0.9942857142857143,0.9942857142857143],"63":[1.0,1.0,1.0,1.0,1.0,1.0,1.0,1.0,1.0,1.0,1.0,1.0,1.0,1.0,1.0,1.0,1.0,1.0,1.0,1.0],"62":[0.98,0.98,0.98,0.98,0.98,0.98,0.98,0.98,0.98,0.98,0.98,0.98,0.98,0.98,0.98,0.98,0.98,0.98,0.98,0.98],"58":[0.9971428571428571,0.9971428571428571,0.9971428571428571,0.9971428571428571,0.9971428571428571,0.9971428571428571,0.9971428571428571,0.9971428571428571,0.9971428571428571,0.9971428571428571,0.9971428571428571,0.9971428571428571,0.9971428571428571,0.9971428571428571,0.9971428571428571,0.9971428571428571,0.9971428571428571,0.9971428571428571,0.9971428571428571,0.9971428571428571],"52":[0.9942857142857143,0.9942857142857143,0.9942857142857143,0.9942857142857143,0.9942857142857143,0.9942857142857143,0.9942857142857143,0.9942857142857143,0.9942857142857143,0.9942857142857143,0.9942857142857143,0.9942857142857143,0.9942857142857143,0.9942857142857143,0.9942857142857143,0.9942857142857143,0.9942857142857143,0.9942857142857143,0.9942857142857143,0.9942857142857143],"12":[1.0,1.0,1.0,1.0,1.0,1.0,1.0,1.0,1.0,1.0,1.0,1.0,1.0,1.0,1.0,1.0,1.0,1.0,1.0,1.0],"28":[0.9971428571428571,0.9971428571428571,0.9971428571428571,0.9971428571428571,0.9971428571428571,0.9971428571428571,0.9971428571428571,0.9971428571428571,0.9971428571428571,0.9971428571428571,0.9971428571428571,0.9971428571428571,0.9971428571428571,0.9971428571428571,0.9971428571428571,0.9971428571428571,0.9971428571428571,0.9971428571428571,0.9971428571428571,0.9971428571428571],"23":[0.9942857142857143,0.9942857142857143,0.9942857142857143,0.9942857142857143,0.9942857142857143,0.9942857142857143,0.9942857142857143,0.9942857142857143,0.9942857142857143,0.9942857142857143,0.9942857142857143,0.9942857142857143,0.9942857142857143,0.9942857142857143,0.9942857142857143,0.9942857142857143,0.9942857142857143,0.9942857142857143,0.9942857142857143,0.9942857142857143],"41":[0.9742857142857143,0.9742857142857143,0.9742857142857143,0.9742857142857143,0.9742857142857143,0.9742857142857143,0.9742857142857143,0.9742857142857143,0.9742857142857143,0.9742857142857143,0.9742857142857143,0.9742857142857143,0.9742857142857143,0.9742857142857143,0.9742857142857143,0.9742857142857143,0.9742857142857143,0.9742857142857143,0.9742857142857143,0.9742857142857143],"43":[0.9942857142857143,0.9942857142857143,0.9942857142857143,0.9942857142857143,0.9942857142857143,0.9942857142857143,0.9942857142857143,0.9942857142857143,0.9942857142857143,0.9942857142857143,0.9942857142857143,0.9942857142857143,0.9942857142857143,0.9942857142857143,0.9942857142857143,0.9942857142857143,0.9942857142857143,0.9942857142857143,0.9942857142857143,0.9942857142857143],"11":[1.0,1.0,1.0,1.0,1.0,1.0,1.0,1.0,1.0,1.0,1.0,1.0,1.0,1.0,1.0,1.0,1.0,1.0,1.0,1.0],"36":[1.0,1.0,1.0,1.0,1.0,1.0,1.0,1.0,1.0,1.0,1.0,1.0,1.0,1.0,1.0,1.0,1.0,1.0,1.0,1.0],"68":[1.0,1.0,1.0,1.0,1.0,1.0,1.0,1.0,1.0,1.0,1.0,1.0,1.0,1.0,1.0,1.0,1.0,1.0,1.0,1.0],"69":[1.0,1.0,1.0,1.0,1.0,1.0,1.0,1.0,1.0,1.0,1.0,1.0,1.0,1.0,1.0,1.0,1.0,1.0,1.0,1.0],"39":[0.9942857142857143,0.9942857142857143,0.9942857142857143,0.9942857142857143,0.9942857142857143,0.9942857142857143,0.9942857142857143,0.9942857142857143,0.9942857142857143,0.9942857142857143,0.9942857142857143,0.9942857142857143,0.9942857142857143,0.9942857142857143,0.9942857142857143,0.9942857142857143,0.9942857142857143,0.9942857142857143,0.9942857142857143,0.9942857142857143],