{"5":[0.9971428571428571,0.9971428571428571,0.9971428571428571,0.9971428571428571,0.9971428571428571,0.9971428571428571,0.9971428571428571,0.9971428571428571,0.9971428571428571,0.9971428571428571,0.9971428571428571,0.9971428571428571,0.9971428571428571,0.9971428571428571,0.9971428571428571,0.9971428571428571,0.9971428571428571,0.9971428571428571,0.9971428571428571,0.9971428571428571],"56":[0.9914285714285714,0.9914285714285714,0.9914285714285714,0.9914285714285714,0.9914285714285714,0.9914285714285714,0.9914285714285714,0.9914285714285714,0.9914285714285714,0.9914285714285714,0.9914285714285714,0.9914285714285714,0.9914285714285714,0.9914285714285714,0.9914285714285714,0.9914285714285714,0.9914285714285714,0.9914285714285714,0.9914285714285714,0.9914285714285714],"35":[0.9971428571428571,0.9971428571428571,0.9971428571428571,0.9971428571428571,0.9971428571428571,0.9971428571428571,0.9971428571428571,0.9971428571428571,0.9971428571428571,0.9971428571428571,0.9971428571428571,0.9971428571428571,0.9971428571428571,0.9971428571428571,0.9971428571428571,0.9971428571428571,0.9971428571428571,0.9971428571428571,0.9971428571428571,0.9971428571428571],"55":[0.9971428571428571,0.9971428571428571,0.9971428571428571,0.9971428571428571,0.9971428571428571,0.9971428571428571,0.9971428571428571,0.9971428571428571,0.9971428571428571,0.9971428571428571,0.9971428571428571,0.9971428571428571,0.9971428571428571,0.9971428571428571,0.9971428571428571,0.9971428571428571,0.9971428571428571,0.9971428571428571,0.9971428571428571,0.9971428571428571],"60":[0.9942857142857143,0.9942857142857143,0.9942857142857143,0.9942857142857143,0.9942857142857143,0.9942857142857143,0.9942857142857143,0.9942857142857143,0.9942857142857143,0.9942857142857143,0.9942857142857143,0.9942857142857143,0.9942857142857143,0.9942857142857143,0.9942857142857143,0.9942857142857143,0.9942857142857143,0.9942857142857143,0.9942857142857143,0.9942857142857143],"30":[1.0,1.0,1.0,1.0,1.0,1.0,1.0,1.0,1.0,1.0,1.0,1.0,1.0,1.0,1.0,1.0,1.0,1.0,1.0,1.0],"32":[1.0,1.0,1.0,1.0,1.0,1.0,1.0,1.0,1.0,1.0,1.0,1.0,1.0,1.0,1.0,1.0,1.0,1.0,1.0,1.0],"6":[1.0,1.0,1.0,1.0,1.0,1.0,1.0,1.0,1.0,1.0,1.0,1.0,1.0,1.0,1.0,1.0,1.0,1.0,1.0,1.0],"67":[1.0,1.0,1.0,1.0,1.0,1.0,1.0,1.0,1.0,1.0,1.0,1.0,1.0,1.0,1.0,1.0,1.0,1.0,1.0,1.0],"45":[1.0,1.0,1.0,1.0,1.0,1.0,1.0,1.0,1.0,1.0,1.0,1.0,1.0,1.0,1.0,1.0,1.0,1.0,1.0,1.0],"64":[0.9714285714285714,0.9714285714285714,0.9714285714285714,0.9714285714285714,0.9714285714285714,0.9714285714285714,0.9714285714285714,0.9714285714285714,0.9714285714285714,0.9714285714285714,0.9714285714285714,0.9714285714285714,0.9714285714285714,0.9714285714285714,0.9714285714285714,0.9714285714285714,0.9714285714285714,0.9714285714285714,0.9714285714285714,0.9714285714285714],"4":[1.0,1.0,1.0,1.0,1.0,1.0,1.0,1.0,1.0,1.0,1.0,1.0,1.0,1.0,1.0,1.0,1.0,1.0,1.0,1.0],"13":[1.0,1.0,1.0,1.0,1.0,1.0,1.0,1.0,1.0,1.0,1.0,1.0,1.0,1.0,1.0,1.0,1.0,1.0,1.0,1.0],"54":[1.0,1.0,1.0,1.0,1.0,1.0,1.0,1.0,1.0,1.0,1.0,1.0,1.0,1.0,1.0,1.0,1.0,1.0,1.0,1.0],"63":[1.0,1.0,1.0,1.0,1.0,1.0,1.0,1.0,1.0,1.0,1.0,1.0,1.0,1.0,1.0,1.0,1.0,1.0,1.0,1.0],"62":[1.0,1.0,1.0,1.0,1.0,1.0,1.0,1.0,1.0,1.0,1.0,1.0,1.0,1.0,1.0,1.0,1.0,1.0,1.0,1.0],"58":[1.0,1.0,1.0,1.0,1.0,1.0,1.0,1.0,1.0,1.0,1.0,1.0,1.0,1.0,1.0,1.0,1.0,1.0,1.0,1.0],"52":[0.96,0.96,0.96,0.96,0.96,0.96,0.96,0.96,0.96,0.96,0.96,0.96,0.96,0.96,0.96,0.96,0.96,0.96,0.96,0.96],"12":[0.9942857142857143,0.9942857142857143,0.9942857142857143,0.9942857142857143,0.9942857142857143,0.9942857142857143,0.9942857142857143,0.9942857142857143,0.9942857142857143,0.9942857142857143,0.9942857142857143,0.9942857142857143,0.9942857142857143,0.9942857142857143,0.9942857142857143,0.9942857142857143,0.9942857142857143,0.9942857142857143,0.9942857142857143,0.9942857142857143],"28":[1.0,1.0,1.0,1.0,1.0,1.0,1.0,1.0,1.0,1.0,1.0,1.0,1.0,1.0,1.0,1.0,1.0,1.0,1.0,1.0],"23":[1.0,1.0,1.0,1.0,1.0,1.0,1.0,1.0,1.0,1.0,1.0,1.0,1.0,1.0,1.0,1.0,1.0,1.0,1.0,1.0],"41":[1.0,1.0,1.0,1.0,1.0,1.0,1.0,1.0,1.0,1.0,1.0,1.0,1.0,1.0,1.0,1.0,1.0,1.0,1.0,1.0],"43":[0.9971428571428571,0.9971428571428571,0.9971428571428571,0.9971428571428571,0.9971428571428571,0.9971428571428571,0.9971428571428571,0.9971428571428571,0.9971428571428571,0.9971428571428571,0.9971428571428571,0.9971428571428571,0.9971428571428571,0.9971428571428571,0.9971428571428571,0.9971428571428571,0.9971428571428571,0.9971428571428571,0.9971428571428571,0.9971428571428571],"11":[1.0,1.0,1.0,1.0,1.0,1.0,1.0,1.0,1.0,1.0,1.0,1.0,1.0,1.0,1.0,1.0,1.0,1.0,1.0,1.0],"36":[1.0,1.0,1.0,1.0,1.0,1.0,1.0,1.0,1.0,1.0,1.0,1.0,1.0,1.0,1.0,1.0,1.0,1.0,1.0,1.0],"68":[0.9885714285714285,0.9885714285714285,0.9885714285714285,0.9885714285714285,0.9885714285714285,0.9885714285714285,0.9885714285714285,0.9885714285714285,0.9885714285714285,0.9885714285714285,0.9885714285714285,0.9885714285714285,0.9885714285714285,0.9885714285714285,0.9885714285714285,0.9885714285714285,0.9885714285714285,0.9885714285714285,0.9885714285714285,0.9885714285714285],"69":[0.9914285714285714,0.9914285714285714,0.9914285714285714,0.9914285714285714,0.9914285714285714,0.9914285714285714,0.9914285714285714,0.9914285714285714,0.9914285714285714,0.9914285714285714,0.9914285714285714,0.9914285714285714,0.9914285714285714,0.9914285714285714,0.9914285714285714,0.9914285714285714,0.9914285714285714,0.9914285714285714,0.9914285714285714,0.9914285714285714],"39":[1.0,1.0,1.0,1.0,1.0,1.0,1.0,1.0,1.0,1.0,1.0,1.0,1.0,1.0,1.0,1.0,1.0,1.0,1.0,1.0],"7":[0.9942857142857143,0.9942857142857143,0.9942857142857143,0.9942857142857143,0.9942857142857143,0.9942857142857143,0.9942857142857143,0.9942857142857143,0.9942857142857143,0.9942857142857143,0.9942857142857143,0.9942857142857143,0.9942857142857143,0.9942857142857143,0.9942857142857143,0.9942857142857143,0.9942857142857143,0.9942857142857143,0.9942857142857143,0.9942857142857143],"25":[0.9885714285714285,0.9885714285714285,0.9885714285714285,0.9885714285714285,0.9885714285714285,0.9885714285714285,0.9885714285714285,0.9885714285714285,0.9885714285714285,0.9885714285714285,0.9885714285714285,0.9885714285714285,0.9885714285714285,0.9885714285714285,0.9885714285714285,0.9885714285714285,0.9885714285714285,0.9885714285714285,0.9885714285714285,0.9885714285714285],"71":[1.0,1.0,1.0,1.0,1.0,1.0,1.0,1.0,1.0,1.0,1.0,1.0,1.0,1.0,1.0,1.0,1.0,1.0,1.0,1.0],"66":[1.0,1.0,1.0,1.0,1.0,1.0,1.0,1.0,1.0,1.0,1.0,1.0,1.0,1.0,1.0,1.0,1.0,1.0,1.0,1.0],"34":[0.9857142857142858,0.9857142857142858,0.9857142857142858,0.9857142857142858,0.9857142857142858,0.9857142857142858,0.9857142857142858,0.9857142857142858,0.9857142857142858,0.9857142857142858,0.9857142857142858,0.9857142857142858,0.9857142857142858,0.9857142857142858,0.9857142857142858,0.9857142857142858,0.9857142857142858,0.9857142857142858,0.9857142857142858,0.9857142857142858],"50":[0.9942857142857143,0.9942857142857143,0.9942857142857143,0.9942857142857143,0.9942857142857143,0.9942857142857143,0.9942857142857143,0.9942857142857143,0.9942857142857143,0.9942857142857143,0.9942857142857143,0.9942857142857143,0.9942857142857143,0.9942857142857143,0.9942857142857143,0.9942857142857143,0.9942857142857143,0.9942857142857143,0.9942857142857143,0.9942857142857143],"59":[1.0,1.0,1.0,1.0,1.0,1.0,1.0,1.0,1.0,1.0,1.0,1.0,1.0,1.0,1.0,1.0,1.0,1.0,1.0,1.0],"2":[1.0,1.0,1.0,1.0,1.0,1.0,1.0,1.0,1.0,1.0,1.0,1.0,1.0,1.0,1.0,1.0,1.0,1.0,1.0,1.0],"10":[0.9971428571428571,0.9971428571428571,0.9971428571428571,0.9971428571428571,0.9971428571428571,0.9971428571428571,0.9971428571428571,0.9971428571428571,0.9971428571428571,0.9971428571428571,0.9971428571428571,0.9971428571428571,0.9971428571428571,0.9971428571428571,0.9971428571428571,0.9971428571428571,0.9971428571428571,0.9971428571428571,0.9971428571428571,0.9971428571428571],