{"5":[0.9857142857142858,0.9857142857142858,0.9857142857142858,0.9857142857142858,0.9857142857142858,0.9857142857142858,0.9857142857142858,0.9857142857142858,0.9857142857142858,0.9857142857142858,0.9857142857142858,0.9857142857142858,0.9857142857142858,0.9857142857142858,0.9857142857142858,0.9857142857142858,0.9857142857142858,0.9857142857142858,0.9857142857142858,0.9857142857142858],"56":[0.9971428571428571,0.9971428571428571,0.9971428571428571,0.9971428571428571,0.9971428571428571,0.9971428571428571,0.9971428571428571,0.9971428571428571,0.9971428571428571,0.9971428571428571,0.9971428571428571,0.9971428571428571,0.9971428571428571,0.9971428571428571,0.9971428571428571,0.9971428571428571,0.9971428571428571,0.9971428571428571,0.9971428571428571,0.9971428571428571],"35":[1.0,1.0,1.0,1.0,1.0,1.0,1.0,1.0,1.0,1.0,1.0,1.0,1.0,1.0,1.0,1.0,1.0,1.0,1.0,1.0],"55":[0.9971428571428571,0.9971428571428571,0.9971428571428571,0.9971428571428571,0.9971428571428571,0.9971428571428571,0.9971428571428571,0.9971428571428571,0.9971428571428571,0.9971428571428571,0.9971428571428571,0.9971428571428571,0.9971428571428571,0.9971428571428571,0.9971428571428571,0.9971428571428571,0.9971428571428571,0.9971428571428571,0.9971428571428571,0.9971428571428571],"60":[0.9971428571428571,0.9971428571428571,0.9971428571428571,0.9971428571428571,0.9971428571428571,0.9971428571428571,0.9971428571428571,0.9971428571428571,0.9971428571428571,0.9971428571428571,0.9971428571428571,0.9971428571428571,0.9971428571428571,0.9971428571428571,0.9971428571428571,0.9971428571428571,0.9971428571428571,0.9971428571428571,0.9971428571428571,0.9971428571428571],"30":[0.9942857142857143,0.9942857142857143,0.9942857142857143,0.9942857142857143,0.9942857142857143,0.9942857142857143,0.9942857142857143,0.9942857142857143,0.9942857142857143,0.9942857142857143,0.9942857142857143,0.9942857142857143,0.9942857142857143,0.9942857142857143,0.9942857142857143,0.9942857142857143,0.9942857142857143,0.9942857142857143,0.9942857142857143,0.9942857142857143],"32":[1.0,1.0,1.0,1.0,1.0,1.0,1.0,1.0,1.0,1.0,1.0,1.0,1.0,1.0,1.0,1.0,1.0,1.0,1.0,1.0],"6":[1.0,1.0,1.0,1.0,1.0,1.0,1.0,1.0,1.0,1.0,1.0,1.0,1.0,1.0,1.0,1.0,1.0,1.0,1.0,1.0],"67":[0.9857142857142858,0.9857142857142858,0.9857142857142858,0.9857142857142858,0.9857142857142858,0.9857142857142858,0.9857142857142858,0.9857142857142858,0.9857142857142858,0.9857142857142858,0.9857142857142858,0.9857142857142858,0.9857142857142858,0.9857142857142858,0.9857142857142858,0.9857142857142858,0.9857142857142858,0.9857142857142858,0.9857142857142858,0.9857142857142858],"45":[0.9971428571428571,0.9971428571428571,0.9971428571428571,0.9971428571428571,0.9971428571428571,0.9971428571428571,0.9971428571428571,0.9971428571428571,0.9971428571428571,0.9971428571428571,0.9971428571428571,0.9971428571428571,0.9971428571428571,0.9971428571428571,0.9971428571428571,0.9971428571428571,0.9971428571428571,0.9971428571428571,0.9971428571428571,0.9971428571428571],"64":[1.0,1.0,1.0,1.0,1.0,1.0,1.0,1.0,1.0,1.0,1.0,1.0,1.0,1.0,1.0,1.0,1.0,1.0,1.0,1.0],"4":[1.0,1.0,1.0,1.0,1.0,1.0,1.0,1.0,1.0,1.0,1.0,1.0,1.0,1.0,1.0,1.0,1.0,1.0,1.0,1.0],"13":[0.9942857142857143,0.9942857142857143,0.9942857142857143,0.9942857142857143,0.9942857142857143,0.9942857142857143,0.9942857142857143,0.9942857142857143,0.9942857142857143,0.9942857142857143,0.9942857142857143,0.9942857142857143,0.9942857142857143,0.9942857142857143,0.9942857142857143,0.9942857142857143,0.9942857142857143,0.9942857142857143,0.9942857142857143,0.9942857142857143],"54":[1.0,1.0,1.0,1.0,1.0,1.0,1.0,1.0,1.0,1.0,1.0,1.0,1.0,1.0,1.0,1.0,1.0,1.0,1.0,1.0],"63":[1.0,1.0,1.0,1.0,1.0,1.0,1.0,1.0,1.0,1.0,1.0,1.0,1.0,1.0,1.0,1.0,1.0,1.0,1.0,1.0],"62":[1.0,1.0,1.0,1.0,1.0,1.0,1.0,1.0,1.0,1.0,1.0,1.0,1.0,1.0,1.0,1.0,1.0,1.0,1.0,1.0],"58":[1.0,1.0,1.0,1.0,1.0,1.0,1.0,1.0,1.0,1.0,1.0,1.0,1.0,1.0,1.0,1.0,1.0,1.0,1.0,1.0],"52":[0.9714285714285714,0.9714285714285714,0.9714285714285714,0.9714285714285714,0.9714285714285714,0.9714285714285714,0.9714285714285714,0.9714285714285714,0.9714285714285714,0.9714285714285714,0.9714285714285714,0.9714285714285714,0.9714285714285714,0.9714285714285714,0.9714285714285714,0.9714285714285714,0.9714285714285714,0.9714285714285714,0.9714285714285714,0.9714285714285714],"12":[0.9942857142857143,0.9942857142857143,0.9942857142857143,0.9942857142857143,0.9942857142857143,0.9942857142857143,0.9942857142857143,0.9942857142857143,0.9942857142857143,0.9942857142857143,0.9942857142857143,0.9942857142857143,0.9942857142857143,0.9942857142857143,0.9942857142857143,0.9942857142857143,0.9942857142857143,0.9942857142857143,0.9942857142857143,0.9942857142857143],"28":[1.0,1.0,1.0,1.0,1.0,1.0,1.0,1.0,1.0,1.0,1.0,1.0,1.0,1.0,1.0,1.0,1.0,1.0,1.0,1.0],"23":[0.9942857142857143,0.9942857142857143,0.9942857142857143,0.9942857142857143,0.9942857142857143,0.9942857142857143,0.9942857142857143,0.9942857142857143,0.9942857142857143,0.9942857142857143,0.9942857142857143,0.9942857142857143,0.9942857142857143,0.9942857142857143,0.9942857142857143,0.9942857142857143,0.9942857142857143,0.9942857142857143,0.9942857142857143,0.9942857142857143],"41":[0.9942857142857143,0.9942857142857143,0.9942857142857143,0.9942857142857143,0.9942857142857143,0.9942857142857143,0.9942857142857143,0.9942857142857143,0.9942857142857143,0.9942857142857143,0.9942857142857143,0.9942857142857143,0.9942857142857143,0.9942857142857143,0.9942857142857143,0.9942857142857143,0.9942857142857143,0.9942857142857143,0.9942857142857143,0.9942857142857143],"43":[0.9971428571428571,0.9971428571428571,0.9971428571428571,0.9971428571428571,0.9971428571428571,0.9971428571428571,0.9971428571428571,0.9971428571428571,0.9971428571428571,0.9971428571428571,0.9971428571428571,0.9971428571428571,0.9971428571428571,0.9971428571428571,0.9971428571428571,0.9971428571428571,0.9971428571428571,0.9971428571428571,0.9971428571428571,0.9971428571428571],"11":[0.9971428571428571,0.9971428571428571,0.9971428571428571,0.9971428571428571,0.9971428571428571,0.9971428571428571,0.9971428571428571,0.9971428571428571,0.9971428571428571,0.9971428571428571,0.9971428571428571,0.9971428571428571,0.9971428571428571,0.9971428571428571,0.9971428571428571,0.9971428571428571,0.9971428571428571,0.9971428571428571,0.9971428571428571,0.9971428571428571],"36":[1.0,1.0,1.0,1.0,1.0,1.0,1.0,1.0,1.0,1.0,1.0,1.0,1.0,1.0,1.0,1.0,1.0,1.0,1.0,1.0],"68":[1.0,1.0,1.0,1.0,1.0,1.0,1.0,1.0,1.0,1.0,1.0,1.0,1.0,1.0,1.0,1.0,1.0,1.0,1.0,1.0],"69":[1.0,1.0,1.0,1.0,1.0,1.0,1.0,1.0,1.0,1.0,1.0,1.0,1.0,1.0,1.0,1.0,1.0,1.0,1.0,1.0],"39":[1.0,1.0,1.0,1.0,1.0,1.0,1.0,1.0,1.0,1.0,1.0,1.0,1.0,1.0,1.0,1.0,1.0,1.0,1.0,1.0],"7":[1.0,1.0,1.0,1.0,1.0,1.0,1.0,1.0,1.0,1.0,1.0,1.0,1.0,1.0,1.0,1.0,1.0,1.0,1.0,1.0],"25":[1.0,1.0,1.0,1.0,1.0,1.0,1.0,1.0,1.0,1.0,1.0,1.0,1.0,1.0,1.0,1.0,1.0,1.0,1.0,1.0],"66":[0.9914285714285714,0.9914285714285714,0.9914285714285714,0.9914285714285714,0.9914285714285714,0.9914285714285714,0.9914285714285714,0.9914285714285714,0.9914285714285714,0.9914285714285714,0.9914285714285714,0.9914285714285714,0.9914285714285714,0.9914285714285714,0.9914285714285714,0.9914285714285714,0.9914285714285714,0.9914285714285714,0.9914285714285714,0.9914285714285714],"34":[1.0,1.0,1.0,1.0,1.0,1.0,1.0,1.0,1.0,1.0,1.0,1.0,1.0,1.0,1.0,1.0,1.0,1.0,1.0,1.0],"50":[0.9971428571428571,0.9971428571428571,0.9971428571428571,0.9971428571428571,0.9971428571428571,0.9971428571428571,0.9971428571428571,0.9971428571428571,0.9971428571428571,0.9971428571428571,0.9971428571428571,0.9971428571428571,0.9971428571428571,0.9971428571428571,0.9971428571428571,0.9971428571428571,0.9971428571428571,0.9971428571428571,0.9971428571428571,0.9971428571428571],"59":[1.0,1.0,1.0,1.0,1.0,1.0,1.0,1.0,1.0,1.0,1.0,1.0,1.0,1.0,1.0,1.0,1.0,1.0,1.0,1.0],