{"5":[0.9942857142857143,0.9942857142857143,0.9942857142857143,0.9942857142857143,0.9942857142857143,0.9942857142857143,0.9942857142857143,0.9942857142857143,0.9942857142857143,0.9942857142857143,0.9942857142857143,0.9942857142857143,0.9942857142857143,0.9942857142857143,0.9942857142857143,0.9942857142857143,0.9942857142857143,0.9942857142857143,0.9942857142857143,0.9942857142857143],"56":[1.0,1.0,1.0,1.0,1.0,1.0,1.0,1.0,1.0,1.0,1.0,1.0,1.0,1.0,1.0,1.0,1.0,1.0,1.0,1.0],"35":[0.9942857142857143,0.9942857142857143,0.9942857142857143,0.9942857142857143,0.9942857142857143,0.9942857142857143,0.9942857142857143,0.9942857142857143,0.9942857142857143,0.9942857142857143,0.9942857142857143,0.9942857142857143,0.9942857142857143,0.9942857142857143,0.9942857142857143,0.9942857142857143,0.9942857142857143,0.9942857142857143,0.9942857142857143,0.9942857142857143],"55":[1.0,1.0,1.0,1.0,1.0,1.0,1.0,1.0,1.0,1.0,1.0,1.0,1.0,1.0,1.0,1.0,1.0,1.0,1.0,1.0],"60":[0.9971428571428571,0.9971428571428571,0.9971428571428571,0.9971428571428571,0.9971428571428571,0.9971428571428571,0.9971428571428571,0.9971428571428571,0.9971428571428571,0.9971428571428571,0.9971428571428571,0.9971428571428571,0.9971428571428571,0.9971428571428571,0.9971428571428571,0.9971428571428571,0.9971428571428571,0.9971428571428571,0.9971428571428571,0.9971428571428571],"30":[1.0,1.0,1.0,1.0,1.0,1.0,1.0,1.0,1.0,1.0,1.0,1.0,1.0,1.0,1.0,1.0,1.0,1.0,1.0,1.0],"32":[1.0,1.0,1.0,1.0,1.0,1.0,1.0,1.0,1.0,1.0,1.0,1.0,1.0,1.0,1.0,1.0,1.0,1.0,1.0,1.0],"6":[0.9771428571428571,0.9771428571428571,0.9771428571428571,0.9771428571428571,0.9771428571428571,0.9771428571428571,0.9771428571428571,0.9771428571428571,0.9771428571428571,0.9771428571428571,0.9771428571428571,0.9771428571428571,0.9771428571428571,0.9771428571428571,0.9771428571428571,0.9771428571428571,0.9771428571428571,0.9771428571428571,0.9771428571428571,0.9771428571428571],"67":[1.0,1.0,1.0,1.0,1.0,1.0,1.0,1.0,1.0,1.0,1.0,1.0,1.0,1.0,1.0,1.0,1.0,1.0,1.0,1.0],"45":[0.9771428571428571,0.9771428571428571,0.9771428571428571,0.9771428571428571,0.9771428571428571,0.9771428571428571,0.9771428571428571,0.9771428571428571,0.9771428571428571,0.9771428571428571,0.9771428571428571,0.9771428571428571,0.9771428571428571,0.9771428571428571,0.9771428571428571,0.9771428571428571,0.9771428571428571,0.9771428571428571,0.9771428571428571,0.9771428571428571],"73":[0.9942857142857143,0.9942857142857143,0.9942857142857143,0.9942857142857143,0.9942857142857143,0.9942857142857143,0.9942857142857143,0.9942857142857143,0.9942857142857143,0.9942857142857143,0.9942857142857143,0.9942857142857143,0.9942857142857143,0.9942857142857143,0.9942857142857143,0.9942857142857143,0.9942857142857143,0.9942857142857143,0.9942857142857143,0.9942857142857143],"64":[0.9971428571428571,0.9971428571428571,0.9971428571428571,0.9971428571428571,0.9971428571428571,0.9971428571428571,0.9971428571428571,0.9971428571428571,0.9971428571428571,0.9971428571428571,0.9971428571428571,0.9971428571428571,0.9971428571428571,0.9971428571428571,0.9971428571428571,0.9971428571428571,0.9971428571428571,0.9971428571428571,0.9971428571428571,0.9971428571428571],"4":[1.0,1.0,1.0,1.0,1.0,1.0,1.0,1.0,1.0,1.0,1.0,1.0,1.0,1.0,1.0,1.0,1.0,1.0,1.0,1.0],"13":[1.0,1.0,1.0,1.0,1.0,1.0,1.0,1.0,1.0,1.0,1.0,1.0,1.0,1.0,1.0,1.0,1.0,1.0,1.0,1.0],"54":[1.0,1.0,1.0,1.0,1.0,1.0,1.0,1.0,1.0,1.0,1.0,1.0,1.0,1.0,1.0,1.0,1.0,1.0,1.0,1.0],"63":[0.9942857142857143,0.9942857142857143,0.9942857142857143,0.9942857142857143,0.9942857142857143,0.9942857142857143,0.9942857142857143,0.9942857142857143,0.9942857142857143,0.9942857142857143,0.9942857142857143,0.9942857142857143,0.9942857142857143,0.9942857142857143,0.9942857142857143,0.9942857142857143,0.9942857142857143,0.9942857142857143,0.9942857142857143,0.9942857142857143],"62":[1.0,1.0,1.0,1.0,1.0,1.0,1.0,1.0,1.0,1.0,1.0,1.0,1.0,1.0,1.0,1.0,1.0,1.0,1.0,1.0],"58":[1.0,1.0,1.0,1.0,1.0,1.0,1.0,1.0,1.0,1.0,1.0,1.0,1.0,1.0,1.0,1.0,1.0,1.0,1.0,1.0],"52":[0.9971428571428571,0.9971428571428571,0.9971428571428571,0.9971428571428571,0.9971428571428571,0.9971428571428571,0.9971428571428571,0.9971428571428571,0.9971428571428571,0.9971428571428571,0.9971428571428571,0.9971428571428571,0.9971428571428571,0.9971428571428571,0.9971428571428571,0.9971428571428571,0.9971428571428571,0.9971428571428571,0.9971428571428571,0.9971428571428571],"12":[1.0,1.0,1.0,1.0,1.0,1.0,1.0,1.0,1.0,1.0,1.0,1.0,1.0,1.0,1.0,1.0,1.0,1.0,1.0,1.0],"28":[1.0,1.0,1.0,1.0,1.0,1.0,1.0,1.0,1.0,1.0,1.0,1.0,1.0,1.0,1.0,1.0,1.0,1.0,1.0,1.0],"23":[1.0,1.0,1.0,1.0,1.0,1.0,1.0,1.0,1.0,1.0,1.0,1.0,1.0,1.0,1.0,1.0,1.0,1.0,1.0,1.0],"41":[0.9971428571428571,0.9971428571428571,0.9971428571428571,0.9971428571428571,0.9971428571428571,0.9971428571428571,0.9971428571428571,0.9971428571428571,0.9971428571428571,0.9971428571428571,0.9971428571428571,0.9971428571428571,0.9971428571428571,0.9971428571428571,0.9971428571428571,0.9971428571428571,0.9971428571428571,0.9971428571428571,0.9971428571428571,0.9971428571428571],"43":[1.0,1.0,1.0,1.0,1.0,1.0,1.0,1.0,1.0,1.0,1.0,1.0,1.0,1.0,1.0,1.0,1.0,1.0,1.0,1.0],"11":[0.9828571428571429,0.9828571428571429,0.9828571428571429,0.9828571428571429,0.9828571428571429,0.9828571428571429,0.9828571428571429,0.9828571428571429,0.9828571428571429,0.9828571428571429,0.9828571428571429,0.9828571428571429,0.9828571428571429,0.9828571428571429,0.9828571428571429,0.9828571428571429,0.9828571428571429,0.9828571428571429,0.9828571428571429,0.9828571428571429],"36":[0.9971428571428571,0.9971428571428571,0.9971428571428571,0.9971428571428571,0.9971428571428571,0.9971428571428571,0.9971428571428571,0.9971428571428571,0.9971428571428571,0.9971428571428571,0.9971428571428571,0.9971428571428571,0.9971428571428571,0.9971428571428571,0.9971428571428571,0.9971428571428571,0.9971428571428571,0.9971428571428571,0.9971428571428571,0.9971428571428571],"68":[0.9971428571428571,0.9971428571428571,0.9971428571428571,0.9971428571428571,0.9971428571428571,0.9971428571428571,0.9971428571428571,0.9971428571428571,0.9971428571428571,0.9971428571428571,0.9971428571428571,0.9971428571428571,0.9971428571428571,0.9971428571428571,0.9971428571428571,0.9971428571428571,0.9971428571428571,0.9971428571428571,0.9971428571428571,0.9971428571428571],"69":[1.0,1.0,1.0,1.0,1.0,1.0,1.0,1.0,1.0,1.0,1.0,1.0,1.0,1.0,1.0,1.0,1.0,1.0,1.0,1.0],"39":[1.0,1.0,1.0,1.0,1.0,1.0,1.0,1.0,1.0,1.0,1.0,1.0,1.0,1.0,1.0,1.0,1.0,1.0,1.0,1.0],"7":[1.0,1.0,1.0,1.0,1.0,1.0,1.0,1.0,1.0,1.0,1.0,1.0,1.0,1.0,1.0,1.0,1.0,1.0,1.0,1.0],"25":[1.0,1.0,1.0,1.0,1.0,1.0,1.0,1.0,1.0,1.0,1.0,1.0,1.0,1.0,1.0,1.0,1.0,1.0,1.0,1.0],"71":[1.0,1.0,1.0,1.0,1.0,1.0,1.0,1.0,1.0,1.0,1.0,1.0,1.0,1.0,1.0,1.0,1.0,1.0,1.0,1.0],"66":[0.9742857142857143,0.9742857142857143,0.9742857142857143,0.9742857142857143,0.9742857142857143,0.9742857142857143,0.9742857142857143,0.9742857142857143,0.9742857142857143,0.9742857142857143,0.9742857142857143,0.9742857142857143,0.9742857142857143,0.9742857142857143,0.9742857142857143,0.9742857142857143,0.9742857142857143,0.9742857142857143,0.9742857142857143,0.9742857142857143],"34":[0.9942857142857143,0.9942857142857143,0.9942857142857143,0.9942857142857143,0.9942857142857143,0.9942857142857143,0.9942857142857143,0.9942857142857143,0.9942857142857143,0.9942857142857143,0.9942857142857143,0.9942857142857143,0.9942857142857143,0.9942857142857143,0.9942857142857143,0.9942857142857143,0.9942857142857143,0.9942857142857143,0.9942857142857143,0.9942857142857143],"50":[0.96,0.96,0.96,0.96,0.96,0.96,0.96,0.96,0.96,0.96,0.96,0.96,0.96,0.96,0.96,0.96,0.96,0.96,0.96,0.96],"59":[0.9942857142857143,0.9942857142857143,0.9942857142857143,0.9942857142857143,0.9942857142857143,0.9942857142857143,0.9942857142857143,0.9942857142857143,0.9942857142857143,0.9942857142857143,0.9942857142857143,0.9942857142857143,0.9942857142857143,0.9942857142857143,0.9942857142857143,0.9942857142857143,0.9942857142857143,0.9942857142857143,0.9942857142857143,0.9942857142857143],