{"5":[1.0,1.0,1.0,1.0,1.0,1.0,1.0,1.0,1.0,1.0,1.0,1.0,1.0,1.0,1.0,1.0,1.0,1.0,1.0,1.0],"56":[1.0,1.0,1.0,1.0,1.0,1.0,1.0,1.0,1.0,1.0,1.0,1.0,1.0,1.0,1.0,1.0,1.0,1.0,1.0,1.0],"35":[1.0,1.0,1.0,1.0,1.0,1.0,1.0,1.0,1.0,1.0,1.0,1.0,1.0,1.0,1.0,1.0,1.0,1.0,1.0,1.0],"55":[0.9942857142857143,0.9942857142857143,0.9942857142857143,0.9942857142857143,0.9942857142857143,0.9942857142857143,0.9942857142857143,0.9942857142857143,0.9942857142857143,0.9942857142857143,0.9942857142857143,0.9942857142857143,0.9942857142857143,0.9942857142857143,0.9942857142857143,0.9942857142857143,0.9942857142857143,0.9942857142857143,0.9942857142857143,0.9942857142857143],"60":[1.0,1.0,1.0,1.0,1.0,1.0,1.0,1.0,1.0,1.0,1.0,1.0,1.0,1.0,1.0,1.0,1.0,1.0,1.0,1.0],"30":[1.0,1.0,1.0,1.0,1.0,1.0,1.0,1.0,1.0,1.0,1.0,1.0,1.0,1.0,1.0,1.0,1.0,1.0,1.0,1.0],"32":[1.0,1.0,1.0,1.0,1.0,1.0,1.0,1.0,1.0,1.0,1.0,1.0,1.0,1.0,1.0,1.0,1.0,1.0,1.0,1.0],"6":[0.9971428571428571,0.9971428571428571,0.9971428571428571,0.9971428571428571,0.9971428571428571,0.9971428571428571,0.9971428571428571,0.9971428571428571,0.9971428571428571,0.9971428571428571,0.9971428571428571,0.9971428571428571,0.9971428571428571,0.9971428571428571,0.9971428571428571,0.9971428571428571,0.9971428571428571,0.9971428571428571,0.9971428571428571,0.9971428571428571],"67":[0.9971428571428571,0.9971428571428571,0.9971428571428571,0.9971428571428571,0.9971428571428571,0.9971428571428571,0.9971428571428571,0.9971428571428571,0.9971428571428571,0.9971428571428571,0.9971428571428571,0.9971428571428571,0.9971428571428571,0.9971428571428571,0.9971428571428571,0.9971428571428571,0.9971428571428571,0.9971428571428571,0.9971428571428571,0.9971428571428571],"45":[0.98,0.98,0.98,0.98,0.98,0.98,0.98,0.98,0.98,0.98,0.98,0.98,0.98,0.98,0.98,0.98,0.98,0.98,0.98,0.98],"73":[1.0,1.0,1.0,1.0,1.0,1.0,1.0,1.0,1.0,1.0,1.0,1.0,1.0,1.0,1.0,1.0,1.0,1.0,1.0,1.0],"64":[0.9971428571428571,0.9971428571428571,0.9971428571428571,0.9971428571428571,0.9971428571428571,0.9971428571428571,0.9971428571428571,0.9971428571428571,0.9971428571428571,0.9971428571428571,0.9971428571428571,0.9971428571428571,0.9971428571428571,0.9971428571428571,0.9971428571428571,0.9971428571428571,0.9971428571428571,0.9971428571428571,0.9971428571428571,0.9971428571428571],"4":[1.0,1.0,1.0,1.0,1.0,1.0,1.0,1.0,1.0,1.0,1.0,1.0,1.0,1.0,1.0,1.0,1.0,1.0,1.0,1.0],"13":[1.0,1.0,1.0,1.0,1.0,1.0,1.0,1.0,1.0,1.0,1.0,1.0,1.0,1.0,1.0,1.0,1.0,1.0,1.0,1.0],"54":[1.0,1.0,1.0,1.0,1.0,1.0,1.0,1.0,1.0,1.0,1.0,1.0,1.0,1.0,1.0,1.0,1.0,1.0,1.0,1.0],"63":[1.0,1.0,1.0,1.0,1.0,1.0,1.0,1.0,1.0,1.0,1.0,1.0,1.0,1.0,1.0,1.0,1.0,1.0,1.0,1.0],"62":[0.9942857142857143,0.9942857142857143,0.9942857142857143,0.9942857142857143,0.9942857142857143,0.9942857142857143,0.9942857142857143,0.9942857142857143,0.9942857142857143,0.9942857142857143,0.9942857142857143,0.9942857142857143,0.9942857142857143,0.9942857142857143,0.9942857142857143,0.9942857142857143,0.9942857142857143,0.9942857142857143,0.9942857142857143,0.9942857142857143],"58":[1.0,1.0,1.0,1.0,1.0,1.0,1.0,1.0,1.0,1.0,1.0,1.0,1.0,1.0,1.0,1.0,1.0,1.0,1.0,1.0],"52":[0.9885714285714285,0.9885714285714285,0.9885714285714285,0.9885714285714285,0.9885714285714285,0.9885714285714285,0.9885714285714285,0.9885714285714285,0.9885714285714285,0.9885714285714285,0.9885714285714285,0.9885714285714285,0.9885714285714285,0.9885714285714285,0.9885714285714285,0.9885714285714285,0.9885714285714285,0.9885714285714285,0.9885714285714285,0.9885714285714285],"12":[1.0,1.0,1.0,1.0,1.0,1.0,1.0,1.0,1.0,1.0,1.0,1.0,1.0,1.0,1.0,1.0,1.0,1.0,1.0,1.0],"28":[0.9942857142857143,0.9942857142857143,0.9942857142857143,0.9942857142857143,0.9942857142857143,0.9942857142857143,0.9942857142857143,0.9942857142857143,0.9942857142857143,0.9942857142857143,0.9942857142857143,0.9942857142857143,0.9942857142857143,0.9942857142857143,0.9942857142857143,0.9942857142857143,0.9942857142857143,0.9942857142857143,0.9942857142857143,0.9942857142857143],"75":[0.9942857142857143,0.9942857142857143,0.9942857142857143,0.9942857142857143,0.9942857142857143,0.9942857142857143,0.9942857142857143,0.9942857142857143,0.9942857142857143,0.9942857142857143,0.9942857142857143,0.9942857142857143,0.9942857142857143,0.9942857142857143,0.9942857142857143,0.9942857142857143,0.9942857142857143,0.9942857142857143,0.9942857142857143,0.9942857142857143],"23":[0.9971428571428571,0.9971428571428571,0.9971428571428571,0.9971428571428571,0.9971428571428571,0.9971428571428571,0.9971428571428571,0.9971428571428571,0.9971428571428571,0.9971428571428571,0.9971428571428571,0.9971428571428571,0.9971428571428571,0.9971428571428571,0.9971428571428571,0.9971428571428571,0.9971428571428571,0.9971428571428571,0.9971428571428571,0.9971428571428571],"41":[1.0,1.0,1.0,1.0,1.0,1.0,1.0,1.0,1.0,1.0,1.0,1.0,1.0,1.0,1.0,1.0,1.0,1.0,1.0,1.0],"43":[1.0,1.0,1.0,1.0,1.0,1.0,1.0,1.0,1.0,1.0,1.0,1.0,1.0,1.0,1.0,1.0,1.0,1.0,1.0,1.0],"11":[1.0,1.0,1.0,1.0,1.0,1.0,1.0,1.0,1.0,1.0,1.0,1.0,1.0,1.0,1.0,1.0,1.0,1.0,1.0,1.0],"36":[1.0,1.0,1.0,1.0,1.0,1.0,1.0,1.0,1.0,1.0,1.0,1.0,1.0,1.0,1.0,1.0,1.0,1.0,1.0,1.0],"68":[0.9885714285714285,0.9885714285714285,0.9885714285714285,0.9885714285714285,0.9885714285714285,0.9885714285714285,0.9885714285714285,0.9885714285714285,0.9885714285714285,0.9885714285714285,0.9885714285714285,0.9885714285714285,0.9885714285714285,0.9885714285714285,0.9885714285714285,0.9885714285714285,0.9885714285714285,0.9885714285714285,0.9885714285714285,0.9885714285714285],"69":[0.9942857142857143,0.9942857142857143,0.9942857142857143,0.9942857142857143,0.9942857142857143,0.9942857142857143,0.9942857142857143,0.9942857142857143,0.9942857142857143,0.9942857142857143,0.9942857142857143,0.9942857142857143,0.9942857142857143,0.9942857142857143,0.9942857142857143,0.9942857142857143,0.9942857142857143,0.9942857142857143,0.9942857142857143,0.9942857142857143],"39":[0.9942857142857143,0.9942857142857143,0.9942857142857143,0.9942857142857143,0.9942857142857143,0.9942857142857143,0.9942857142857143,0.9942857142857143,0.9942857142857143,0.9942857142857143,0.9942857142857143,0.9942857142857143,0.9942857142857143,0.9942857142857143,0.9942857142857143,0.9942857142857143,0.9942857142857143,0.9942857142857143,0.9942857142857143,0.9942857142857143],"77":[1.0,1.0,1.0,1.0,1.0,1.0,1.0,1.0,1.0,1.0,1.0,1.0,1.0,1.0,1.0,1.0,1.0,1.0,1.0,1.0],"7":[1.0,1.0,1.0,1.0,1.0,1.0,1.0,1.0,1.0,1.0,1.0,1.0,1.0,1.0,1.0,1.0,1.0,1.0,1.0,1.0],"25":[1.0,1.0,1.0,1.0,1.0,1.0,1.0,1.0,1.0,1.0,1.0,1.0,1.0,1.0,1.0,1.0,1.0,1.0,1.0,1.0],"71":[1.0,1.0,1.0,1.0,1.0,1.0,1.0,1.0,1.0,1.0,1.0,1.0,1.0,1.0,1.0,1.0,1.0,1.0,1.0,1.0],"66":[0.9885714285714285,0.9885714285714285,0.9885714285714285,0.9885714285714285,0.9885714285714285,0.9885714285714285,0.9885714285714285,0.9885714285714285,0.9885714285714285,0.9885714285714285,0.9885714285714285,0.9885714285714285,0.9885714285714285,0.9885714285714285,0.9885714285714285,0.9885714285714285,0.9885714285714285,0.9885714285714285,0.9885714285714285,0.9885714285714285],"76":[1.0,1.0,1.0,1.0,1.0,1.0,1.0,1.0,1.0,1.0,1.0,1.0,1.0,1.0,1.0,1.0,1.0,1.0,1.0,1.0],"34":[0.9914285714285714,0.9914285714285714,0.9914285714285714,0.9914285714285714,0.9914285714285714,0.9914285714285714,0.9914285714285714,0.9914285714285714,0.9914285714285714,0.9914285714285714,0.9914285714285714,0.9914285714285714,0.9914285714285714,0.9914285714285714,0.9914285714285714,0.9914285714285714,0.9914285714285714,0.9914285714285714,0.9914285714285714,0.9914285714285714],"50":[0.9828571428571429,0.9828571428571429,0.9828571428571429,0.9828571428571429,0.9828571428571429,0.9828571428571429,0.9828571428571429,0.9828571428571429,0.9828571428571429,0.9828571428571429,0.9828571428571429,0.9828571428571429,0.9828571428571429,0.9828571428571429,0.9828571428571429,0.9828571428571429,0.9828571428571429,0.9828571428571429,0.9828571428571429,0.9828571428571429],