{"5":[0.34,0.34,0.34,0.34,0.34,0.34,0.34,0.34,0.34,0.34,0.34,0.34,0.34,0.34,0.34,0.34,0.34,0.34,0.34,0.34],"16":[0.64,0.64,0.64,0.64,0.64,0.64,0.64,0.64,0.64,0.64,0.64,0.64,0.64,0.64,0.64,0.64,0.64,0.64,0.64,0.64],"20":[0.64,0.62,0.64,0.62,0.64,0.62,0.64,0.62,0.64,0.62,0.64,0.62,0.64,0.62,0.64,0.62,0.64,0.62,0.64,0.62],"12":[0.52,0.54,0.52,0.54,0.52,0.54,0.52,0.54,0.52,0.54,0.52,0.54,0.52,0.54,0.52,0.54,0.52,0.54,0.52,0.54],"24":[0.56,0.56,0.56,0.56,0.56,0.56,0.56,0.56,0.56,0.56,0.56,0.56,0.56,0.56,0.56,0.56,0.56,0.56,0.56,0.56],"28":[0.44,0.42,0.44,0.42,0.44,0.42,0.44,0.42,0.44,0.42,0.44,0.42,0.44,0.42,0.44,0.42,0.44,0.42,0.44,0.42],"8":[0.52,0.52,0.52,0.52,0.52,0.52,0.52,0.52,0.52,0.52,0.52,0.52,0.52,0.52,0.52,0.52,0.52,0.52,0.52,0.52],"17":[0.5,0.51,0.5,0.51,0.5,0.51,0.5,0.51,0.5,0.51,0.5,0.51,0.5,0.51,0.5,0.51,0.5,0.51,0.5,0.51],"30":[0.96,0.96,0.96,0.96,0.96,0.96,0.96,0.96,0.96,0.96,0.96,0.96,0.96,0.96,0.96,0.96,0.96,0.96,0.96,0.96],"1":[0.96,0.96,0.96,0.96,0.96,0.96,0.96,0.96,0.96,0.96,0.96,0.96,0.96,0.96,0.96,0.96,0.96,0.96,0.96,0.96],"19":[0.92,0.92,0.92,0.92,0.92,0.92,0.92,0.92,0.92,0.92,0.92,0.92,0.92,0.92,0.92,0.92,0.92,0.92,0.92,0.92],"22":[0.4,0.4,0.4,0.4,0.4,0.4,0.4,0.4,0.4,0.4,0.4,0.4,0.4,0.4,0.4,0.4,0.4,0.4,0.4,0.4],"23":[0.72,0.72,0.72,0.72,0.72,0.72,0.72,0.72,0.72,0.72,0.72,0.72,0.72,0.72,0.72,0.72,0.72,0.72,0.72,0.72],"6":[0.58,0.58,0.58,0.58,0.58,0.58,0.58,0.58,0.58,0.58,0.58,0.58,0.58,0.58,0.58,0.58,0.58,0.58,0.58,0.58],"11":[0.6,0.62,0.6,0.62,0.6,0.62,0.6,0.62,0.6,0.62,0.6,0.62,0.6,0.62,0.6,0.62,0.6,0.62,0.6,0.62],"9":[0.58,0.58,0.58,0.58,0.58,0.58,0.58,0.58,0.58,0.58,0.58,0.58,0.58,0.58,0.58,0.58,0.58,0.58,0.58,0.58],"14":[0.66,0.66,0.66,0.66,0.66,0.66,0.66,0.66,0.66,0.66,0.66,0.66,0.66,0.66,0.66,0.66,0.66,0.66,0.66,0.66],"3":[0.5700000000000001,0.5700000000000001,0.5700000000000001,0.5700000000000001,0.5700000000000001,0.5700000000000001,0.5700000000000001,0.5700000000000001,0.5700000000000001,0.5700000000000001,0.5700000000000001,0.5700000000000001,0.5700000000000001,0.5700000000000001,0.5700000000000001,0.5700000000000001,0.5700000000000001,0.5700000000000001,0.5700000000000001,0.5700000000000001],"29":[0.4,0.4,0.4,0.4,0.4,0.4,0.4,0.4,0.4,0.4,0.4,0.4,0.4,0.4,0.4,0.4,0.4,0.4,0.4,0.4],"7":[0.64,0.64,0.64,0.64,0.64,0.64,0.64,0.64,0.64,0.64,0.64,0.64,0.64,0.64,0.64,0.64,0.64,0.64,0.64,0.64],"25":[0.68,0.68,0.68,0.68,0.68,0.68,0.68,0.68,0.68,0.68,0.68,0.68,0.68,0.68,0.68,0.68,0.68,0.68,0.68,0.68],"4":[0.42,0.42,0.42,0.42,0.42,0.42,0.42,0.42,0.42,0.42,0.42,0.42,0.42,0.42,0.42,0.42,0.42,0.42,0.42,0.42],"13":[0.5,0.5,0.5,0.5,0.5,0.5,0.5,0.5,0.5,0.5,0.5,0.5,0.5,0.5,0.5,0.5,0.5,0.5,0.5,0.5],"15":[0.7000000000000001,0.7000000000000001,0.7000000000000001,0.7000000000000001,0.7000000000000001,0.7000000000000001,0.7000000000000001,0.7000000000000001,0.7000000000000001,0.7000000000000001,0.7000000000000001,0.7000000000000001,0.7000000000000001,0.7000000000000001,0.7000000000000001,0.7000000000000001,0.7000000000000001,0.7000000000000001,0.7000000000000001,0.7000000000000001],"2":[0.73,0.77,0.73,0.77,0.73,0.77,0.73,0.77,0.73,0.77,0.73,0.77,0.73,0.77,0.73,0.77,0.73,0.77,0.73,0.77],"10":[0.74,0.74,0.74,0.74,0.74,0.74,0.74,0.74,0.74,0.74,0.74,0.74,0.74,0.74,0.74,0.74,0.74,0.74,0.74,0.74],"18":[0.4,0.4,0.4,0.4,0.4,0.4,0.4,0.4,0.4,0.4,0.4,0.4,0.4,0.4,0.4,0.4,0.4,0.4,0.4,0.4],"21":[0.52,0.48,0.52,0.48,0.52,0.48,0.52,0.48,0.52,0.48,0.52,0.48,0.52,0.48,0.52,0.48,0.52,0.48,0.52,0.48],"26":[0.47000000000000003,0.47000000000000003,0.47000000000000003,0.47000000000000003,0.47000000000000003,0.47000000000000003,0.47000000000000003,0.47000000000000003,0.47000000000000003,0.47000000000000003,0.47000000000000003,0.47000000000000003,0.47000000000000003,0.47000000000000003,0.47000000000000003,0.47000000000000003,0.47000000000000003,0.47000000000000003,0.47000000000000003,0.47000000000000003],"27":[0.8,0.8,0.8,0.8,0.8,0.8,0.8,0.8,0.8,0.8,0.8,0.8,0.8,0.8,0.8,0.8,0.8,0.8,0.8,0.8]}