{"5":[0.9966666666666667,0.9966666666666667,0.9966666666666667,0.9966666666666667,0.9966666666666667,0.9966666666666667,0.9966666666666667,0.9966666666666667,0.9966666666666667,0.9966666666666667,0.9966666666666667,0.9966666666666667,0.9966666666666667,0.9966666666666667,0.9966666666666667,0.9966666666666667,0.9966666666666667,0.9966666666666667,0.9966666666666667,0.9966666666666667],"56":[1.0,1.0,1.0,1.0,1.0,1.0,1.0,1.0,1.0,1.0,1.0,1.0,1.0,1.0,1.0,1.0,1.0,1.0,1.0,1.0],"35":[1.0,1.0,1.0,1.0,1.0,1.0,1.0,1.0,1.0,1.0,1.0,1.0,1.0,1.0,1.0,1.0,1.0,1.0,1.0,1.0],"55":[0.9966666666666667,0.9966666666666667,0.9966666666666667,0.9966666666666667,0.9966666666666667,0.9966666666666667,0.9966666666666667,0.9966666666666667,0.9966666666666667,0.9966666666666667,0.9966666666666667,0.9966666666666667,0.9966666666666667,0.9966666666666667,0.9966666666666667,0.9966666666666667,0.9966666666666667,0.9966666666666667,0.9966666666666667,0.9966666666666667],"60":[1.0,1.0,1.0,1.0,1.0,1.0,1.0,1.0,1.0,1.0,1.0,1.0,1.0,1.0,1.0,1.0,1.0,1.0,1.0,1.0],"30":[1.0,1.0,1.0,1.0,1.0,1.0,1.0,1.0,1.0,1.0,1.0,1.0,1.0,1.0,1.0,1.0,1.0,1.0,1.0,1.0],"32":[0.9900000000000001,0.9900000000000001,0.9900000000000001,0.9900000000000001,0.9900000000000001,0.9900000000000001,0.9900000000000001,0.9900000000000001,0.9900000000000001,0.9900000000000001,0.9900000000000001,0.9900000000000001,0.9900000000000001,0.9900000000000001,0.9900000000000001,0.9900000000000001,0.9900000000000001,0.9900000000000001,0.9900000000000001,0.9900000000000001],"6":[0.9966666666666667,0.9966666666666667,0.9966666666666667,0.9966666666666667,0.9966666666666667,0.9966666666666667,0.9966666666666667,0.9966666666666667,0.9966666666666667,0.9966666666666667,0.9966666666666667,0.9966666666666667,0.9966666666666667,0.9966666666666667,0.9966666666666667,0.9966666666666667,0.9966666666666667,0.9966666666666667,0.9966666666666667,0.9966666666666667],"45":[1.0,1.0,1.0,1.0,1.0,1.0,1.0,1.0,1.0,1.0,1.0,1.0,1.0,1.0,1.0,1.0,1.0,1.0,1.0,1.0],"64":[1.0,1.0,1.0,1.0,1.0,1.0,1.0,1.0,1.0,1.0,1.0,1.0,1.0,1.0,1.0,1.0,1.0,1.0,1.0,1.0],"4":[1.0,1.0,1.0,1.0,1.0,1.0,1.0,1.0,1.0,1.0,1.0,1.0,1.0,1.0,1.0,1.0,1.0,1.0,1.0,1.0],"13":[1.0,1.0,1.0,1.0,1.0,1.0,1.0,1.0,1.0,1.0,1.0,1.0,1.0,1.0,1.0,1.0,1.0,1.0,1.0,1.0],"54":[1.0,1.0,1.0,1.0,1.0,1.0,1.0,1.0,1.0,1.0,1.0,1.0,1.0,1.0,1.0,1.0,1.0,1.0,1.0,1.0],"63":[1.0,1.0,1.0,1.0,1.0,1.0,1.0,1.0,1.0,1.0,1.0,1.0,1.0,1.0,1.0,1.0,1.0,1.0,1.0,1.0],"62":[1.0,1.0,1.0,1.0,1.0,1.0,1.0,1.0,1.0,1.0,1.0,1.0,1.0,1.0,1.0,1.0,1.0,1.0,1.0,1.0],"58":[0.8733333333333334,0.88,0.8733333333333334,0.88,0.8733333333333334,0.88,0.8733333333333334,0.88,0.8733333333333334,0.88,0.8733333333333334,0.88,0.8733333333333334,0.88,0.8733333333333334,0.88,0.8733333333333334,0.88,0.8733333333333334,0.88],"52":[1.0,1.0,1.0,1.0,1.0,1.0,1.0,1.0,1.0,1.0,1.0,1.0,1.0,1.0,1.0,1.0,1.0,1.0,1.0,1.0],"12":[0.9733333333333334,0.9766666666666667,0.9733333333333334,0.9766666666666667,0.9733333333333334,0.9766666666666667,0.9733333333333334,0.9766666666666667,0.9733333333333334,0.9766666666666667,0.9733333333333334,0.9766666666666667,0.9733333333333334,0.9766666666666667,0.9733333333333334,0.9766666666666667,0.9733333333333334,0.9766666666666667,0.9733333333333334,0.9766666666666667],"28":[0.9966666666666667,0.9966666666666667,0.9966666666666667,0.9966666666666667,0.9966666666666667,0.9966666666666667,0.9966666666666667,0.9966666666666667,0.9966666666666667,0.9966666666666667,0.9966666666666667,0.9966666666666667,0.9966666666666667,0.9966666666666667,0.9966666666666667,0.9966666666666667,0.9966666666666667,0.9966666666666667,0.9966666666666667,0.9966666666666667],"23":[1.0,1.0,1.0,1.0,1.0,1.0,1.0,1.0,1.0,1.0,1.0,1.0,1.0,1.0,1.0,1.0,1.0,1.0,1.0,1.0],"41":[0.9933333333333334,0.9933333333333334,0.9933333333333334,0.9933333333333334,0.9933333333333334,0.9933333333333334,0.9933333333333334,0.9933333333333334,0.9933333333333334,0.9933333333333334,0.9933333333333334,0.9933333333333334,0.9933333333333334,0.9933333333333334,0.9933333333333334,0.9933333333333334,0.9933333333333334,0.9933333333333334,0.9933333333333334,0.9933333333333334],"43":[1.0,1.0,1.0,1.0,1.0,1.0,1.0,1.0,1.0,1.0,1.0,1.0,1.0,1.0,1.0,1.0,1.0,1.0,1.0,1.0],"11":[1.0,1.0,1.0,1.0,1.0,1.0,1.0,1.0,1.0,1.0,1.0,1.0,1.0,1.0,1.0,1.0,1.0,1.0,1.0,1.0],"36":[0.9733333333333334,0.9733333333333334,0.9733333333333334,0.9733333333333334,0.9733333333333334,0.9733333333333334,0.9733333333333334,0.9733333333333334,0.9733333333333334,0.9733333333333334,0.9733333333333334,0.9733333333333334,0.9733333333333334,0.9733333333333334,0.9733333333333334,0.9733333333333334,0.9733333333333334,0.9733333333333334,0.9733333333333334,0.9733333333333334],"39":[0.9966666666666667,0.9966666666666667,0.9966666666666667,0.9966666666666667,0.9966666666666667,0.9966666666666667,0.9966666666666667,0.9966666666666667,0.9966666666666667,0.9966666666666667,0.9966666666666667,0.9966666666666667,0.9966666666666667,0.9966666666666667,0.9966666666666667,0.9966666666666667,0.9966666666666667,0.9966666666666667,0.9966666666666667,0.9966666666666667],"7":[0.9833333333333334,0.9833333333333334,0.9833333333333334,0.9833333333333334,0.9833333333333334,0.9833333333333334,0.9833333333333334,0.9833333333333334,0.9833333333333334,0.9833333333333334,0.9833333333333334,0.9833333333333334,0.9833333333333334,0.9833333333333334,0.9833333333333334,0.9833333333333334,0.9833333333333334,0.9833333333333334,0.9833333333333334,0.9833333333333334],"25":[1.0,1.0,1.0,1.0,1.0,1.0,1.0,1.0,1.0,1.0,1.0,1.0,1.0,1.0,1.0,1.0,1.0,1.0,1.0,1.0],"34":[1.0,1.0,1.0,1.0,1.0,1.0,1.0,1.0,1.0,1.0,1.0,1.0,1.0,1.0,1.0,1.0,1.0,1.0,1.0,1.0],"50":[0.9866666666666667,0.9866666666666667,0.9866666666666667,0.9866666666666667,0.9866666666666667,0.9866666666666667,0.9866666666666667,0.9866666666666667,0.9866666666666667,0.9866666666666667,0.9866666666666667,0.9866666666666667,0.9866666666666667,0.9866666666666667,0.9866666666666667,0.9866666666666667,0.9866666666666667,0.9866666666666667,0.9866666666666667,0.9866666666666667],"59":[0.9933333333333334,0.9933333333333334,0.9933333333333334,0.9933333333333334,0.9933333333333334,0.9933333333333334,0.9933333333333334,0.9933333333333334,0.9933333333333334,0.9933333333333334,0.9933333333333334,0.9933333333333334,0.9933333333333334,0.9933333333333334,0.9933333333333334,0.9933333333333334,0.9933333333333334,0.9933333333333334,0.9933333333333334,0.9933333333333334],"2":[0.9966666666666667,0.9966666666666667,0.9966666666666667,0.9966666666666667,0.9966666666666667,0.9966666666666667,0.9966666666666667,0.9966666666666667,0.9966666666666667,0.9966666666666667,0.9966666666666667,0.9966666666666667,0.9966666666666667,0.9966666666666667,0.9966666666666667,0.9966666666666667,0.9966666666666667,0.9966666666666667,0.9966666666666667,0.9966666666666667],"10":[0.9633333333333334,0.9633333333333334,0.9633333333333334,0.9633333333333334,0.9633333333333334,0.9633333333333334,0.9633333333333334,0.9633333333333334,0.9633333333333334,0.9633333333333334,0.9633333333333334,0.9633333333333334,0.9633333333333334,0.9633333333333334,0.9633333333333334,0.9633333333333334,0.9633333333333334,0.9633333333333334,0.9633333333333334,0.9633333333333334],"18":[1.0,1.0,1.0,1.0,1.0,1.0,1.0,1.0,1.0,1.0,1.0,1.0,1.0,1.0,1.0,1.0,1.0,1.0,1.0,1.0],"26":[0.9933333333333334,0.9933333333333334,0.9933333333333334,0.9933333333333334,0.9933333333333334,0.9933333333333334,0.9933333333333334,0.9933333333333334,0.9933333333333334,0.9933333333333334,0.9933333333333334,0.9933333333333334,0.9933333333333334,0.9933333333333334,0.9933333333333334,0.9933333333333334,0.9933333333333334,0.9933333333333334,0.9933333333333334,0.9933333333333334],"27":[1.0,1.0,1.0,1.0,1.0,1.0,1.0,1.0,1.0,1.0,1.0,1.0,1.0,1.0,1.0,1.0,1.0,1.0,1.0,1.0],"42":[1.0,1.0,1.0,1.0,1.0,1.0,1.0,1.0,1.0,1.0,1.0,1.0,1.0,1.0,1.0,1.0,1.0,1.0,1.0,1.0],"16":[1.0,1.0,1.0,1.0,1.0,1.0,1.0,1.0,1.0,1.0,1.0,1.0,1.0,1.0,1.0,1.0,1.0,1.0,1.0,1.0],