{"5":[1.0,1.0,1.0,1.0,1.0,1.0,1.0,1.0,1.0,1.0,1.0,1.0,1.0,1.0,1.0,1.0,1.0,1.0,1.0,1.0],"56":[0.9966666666666667,0.9966666666666667,0.9966666666666667,0.9966666666666667,0.9966666666666667,0.9966666666666667,0.9966666666666667,0.9966666666666667,0.9966666666666667,0.9966666666666667,0.9966666666666667,0.9966666666666667,0.9966666666666667,0.9966666666666667,0.9966666666666667,0.9966666666666667,0.9966666666666667,0.9966666666666667,0.9966666666666667,0.9966666666666667],"35":[0.9800000000000001,0.9800000000000001,0.9800000000000001,0.9800000000000001,0.9800000000000001,0.9800000000000001,0.9800000000000001,0.9800000000000001,0.9800000000000001,0.9800000000000001,0.9800000000000001,0.9800000000000001,0.9800000000000001,0.9800000000000001,0.9800000000000001,0.9800000000000001,0.9800000000000001,0.9800000000000001,0.9800000000000001,0.9800000000000001],"55":[0.9933333333333334,0.9933333333333334,0.9933333333333334,0.9933333333333334,0.9933333333333334,0.9933333333333334,0.9933333333333334,0.9933333333333334,0.9933333333333334,0.9933333333333334,0.9933333333333334,0.9933333333333334,0.9933333333333334,0.9933333333333334,0.9933333333333334,0.9933333333333334,0.9933333333333334,0.9933333333333334,0.9933333333333334,0.9933333333333334],"60":[0.9933333333333334,0.9933333333333334,0.9933333333333334,0.9933333333333334,0.9933333333333334,0.9933333333333334,0.9933333333333334,0.9933333333333334,0.9933333333333334,0.9933333333333334,0.9933333333333334,0.9933333333333334,0.9933333333333334,0.9933333333333334,0.9933333333333334,0.9933333333333334,0.9933333333333334,0.9933333333333334,0.9933333333333334,0.9933333333333334],"30":[0.9933333333333334,0.9933333333333334,0.9933333333333334,0.9933333333333334,0.9933333333333334,0.9933333333333334,0.9933333333333334,0.9933333333333334,0.9933333333333334,0.9933333333333334,0.9933333333333334,0.9933333333333334,0.9933333333333334,0.9933333333333334,0.9933333333333334,0.9933333333333334,0.9933333333333334,0.9933333333333334,0.9933333333333334,0.9933333333333334],"32":[1.0,1.0,1.0,1.0,1.0,1.0,1.0,1.0,1.0,1.0,1.0,1.0,1.0,1.0,1.0,1.0,1.0,1.0,1.0,1.0],"6":[0.9033333333333334,0.9033333333333334,0.9033333333333334,0.9033333333333334,0.9033333333333334,0.9033333333333334,0.9033333333333334,0.9033333333333334,0.9033333333333334,0.9033333333333334,0.9033333333333334,0.9033333333333334,0.9033333333333334,0.9033333333333334,0.9033333333333334,0.9033333333333334,0.9033333333333334,0.9033333333333334,0.9033333333333334,0.9033333333333334],"67":[0.9900000000000001,0.9900000000000001,0.9900000000000001,0.9900000000000001,0.9900000000000001,0.9900000000000001,0.9900000000000001,0.9900000000000001,0.9900000000000001,0.9900000000000001,0.9900000000000001,0.9900000000000001,0.9900000000000001,0.9900000000000001,0.9900000000000001,0.9900000000000001,0.9900000000000001,0.9900000000000001,0.9900000000000001,0.9900000000000001],"45":[0.9800000000000001,0.9800000000000001,0.9800000000000001,0.9800000000000001,0.9800000000000001,0.9800000000000001,0.9800000000000001,0.9800000000000001,0.9800000000000001,0.9800000000000001,0.9800000000000001,0.9800000000000001,0.9800000000000001,0.9800000000000001,0.9800000000000001,0.9800000000000001,0.9800000000000001,0.9800000000000001,0.9800000000000001,0.9800000000000001],"64":[0.9966666666666667,0.9966666666666667,0.9966666666666667,0.9966666666666667,0.9966666666666667,0.9966666666666667,0.9966666666666667,0.9966666666666667,0.9966666666666667,0.9966666666666667,0.9966666666666667,0.9966666666666667,0.9966666666666667,0.9966666666666667,0.9966666666666667,0.9966666666666667,0.9966666666666667,0.9966666666666667,0.9966666666666667,0.9966666666666667],"4":[1.0,1.0,1.0,1.0,1.0,1.0,1.0,1.0,1.0,1.0,1.0,1.0,1.0,1.0,1.0,1.0,1.0,1.0,1.0,1.0],"13":[1.0,1.0,1.0,1.0,1.0,1.0,1.0,1.0,1.0,1.0,1.0,1.0,1.0,1.0,1.0,1.0,1.0,1.0,1.0,1.0],"54":[1.0,1.0,1.0,1.0,1.0,1.0,1.0,1.0,1.0,1.0,1.0,1.0,1.0,1.0,1.0,1.0,1.0,1.0,1.0,1.0],"63":[0.9833333333333334,0.9833333333333334,0.9833333333333334,0.9833333333333334,0.9833333333333334,0.9833333333333334,0.9833333333333334,0.9833333333333334,0.9833333333333334,0.9833333333333334,0.9833333333333334,0.9833333333333334,0.9833333333333334,0.9833333333333334,0.9833333333333334,0.9833333333333334,0.9833333333333334,0.9833333333333334,0.9833333333333334,0.9833333333333334],"62":[1.0,1.0,1.0,1.0,1.0,1.0,1.0,1.0,1.0,1.0,1.0,1.0,1.0,1.0,1.0,1.0,1.0,1.0,1.0,1.0],"58":[1.0,1.0,1.0,1.0,1.0,1.0,1.0,1.0,1.0,1.0,1.0,1.0,1.0,1.0,1.0,1.0,1.0,1.0,1.0,1.0],"52":[0.9866666666666667,0.9866666666666667,0.9866666666666667,0.9866666666666667,0.9866666666666667,0.9866666666666667,0.9866666666666667,0.9866666666666667,0.9866666666666667,0.9866666666666667,0.9866666666666667,0.9866666666666667,0.9866666666666667,0.9866666666666667,0.9866666666666667,0.9866666666666667,0.9866666666666667,0.9866666666666667,0.9866666666666667,0.9866666666666667],"12":[0.9966666666666667,0.9966666666666667,0.9966666666666667,0.9966666666666667,0.9966666666666667,0.9966666666666667,0.9966666666666667,0.9966666666666667,0.9966666666666667,0.9966666666666667,0.9966666666666667,0.9966666666666667,0.9966666666666667,0.9966666666666667,0.9966666666666667,0.9966666666666667,0.9966666666666667,0.9966666666666667,0.9966666666666667,0.9966666666666667],"28":[0.9966666666666667,0.9966666666666667,0.9966666666666667,0.9966666666666667,0.9966666666666667,0.9966666666666667,0.9966666666666667,0.9966666666666667,0.9966666666666667,0.9966666666666667,0.9966666666666667,0.9966666666666667,0.9966666666666667,0.9966666666666667,0.9966666666666667,0.9966666666666667,0.9966666666666667,0.9966666666666667,0.9966666666666667,0.9966666666666667],"23":[1.0,1.0,1.0,1.0,1.0,1.0,1.0,1.0,1.0,1.0,1.0,1.0,1.0,1.0,1.0,1.0,1.0,1.0,1.0,1.0],"41":[0.9633333333333334,0.9633333333333334,0.9633333333333334,0.9633333333333334,0.9633333333333334,0.9633333333333334,0.9633333333333334,0.9633333333333334,0.9633333333333334,0.9633333333333334,0.9633333333333334,0.9633333333333334,0.9633333333333334,0.9633333333333334,0.9633333333333334,0.9633333333333334,0.9633333333333334,0.9633333333333334,0.9633333333333334,0.9633333333333334],"43":[0.9766666666666667,0.9766666666666667,0.9766666666666667,0.9766666666666667,0.9766666666666667,0.9766666666666667,0.9766666666666667,0.9766666666666667,0.9766666666666667,0.9766666666666667,0.9766666666666667,0.9766666666666667,0.9766666666666667,0.9766666666666667,0.9766666666666667,0.9766666666666667,0.9766666666666667,0.9766666666666667,0.9766666666666667,0.9766666666666667],"11":[1.0,1.0,1.0,1.0,1.0,1.0,1.0,1.0,1.0,1.0,1.0,1.0,1.0,1.0,1.0,1.0,1.0,1.0,1.0,1.0],"36":[0.9233333333333333,0.9233333333333333,0.9233333333333333,0.9233333333333333,0.9233333333333333,0.9233333333333333,0.9233333333333333,0.9233333333333333,0.9233333333333333,0.9233333333333333,0.9233333333333333,0.9233333333333333,0.9233333333333333,0.9233333333333333,0.9233333333333333,0.9233333333333333,0.9233333333333333,0.9233333333333333,0.9233333333333333,0.9233333333333333],"68":[1.0,1.0,1.0,1.0,1.0,1.0,1.0,1.0,1.0,1.0,1.0,1.0,1.0,1.0,1.0,1.0,1.0,1.0,1.0,1.0],"69":[0.9966666666666667,0.9966666666666667,0.9966666666666667,0.9966666666666667,0.9966666666666667,0.9966666666666667,0.9966666666666667,0.9966666666666667,0.9966666666666667,0.9966666666666667,0.9966666666666667,0.9966666666666667,0.9966666666666667,0.9966666666666667,0.9966666666666667,0.9966666666666667,0.9966666666666667,0.9966666666666667,0.9966666666666667,0.9966666666666667],"39":[0.9966666666666667,0.9966666666666667,0.9966666666666667,0.9966666666666667,0.9966666666666667,0.9966666666666667,0.9966666666666667,0.9966666666666667,0.9966666666666667,0.9966666666666667,0.9966666666666667,0.9966666666666667,0.9966666666666667,0.9966666666666667,0.9966666666666667,0.9966666666666667,0.9966666666666667,0.9966666666666667,0.9966666666666667,0.9966666666666667],"7":[1.0,1.0,1.0,1.0,1.0,1.0,1.0,1.0,1.0,1.0,1.0,1.0,1.0,1.0,1.0,1.0,1.0,1.0,1.0,1.0],