{"5":[1.0,1.0,1.0,1.0,1.0,1.0,1.0,1.0,1.0,1.0,1.0,1.0,1.0,1.0,1.0,1.0,1.0,1.0,1.0,1.0],"56":[0.9866666666666667,0.9866666666666667,0.9866666666666667,0.9866666666666667,0.9866666666666667,0.9866666666666667,0.9866666666666667,0.9866666666666667,0.9866666666666667,0.9866666666666667,0.9866666666666667,0.9866666666666667,0.9866666666666667,0.9866666666666667,0.9866666666666667,0.9866666666666667,0.9866666666666667,0.9866666666666667,0.9866666666666667,0.9866666666666667],"35":[1.0,1.0,1.0,1.0,1.0,1.0,1.0,1.0,1.0,1.0,1.0,1.0,1.0,1.0,1.0,1.0,1.0,1.0,1.0,1.0],"55":[0.9966666666666667,0.9966666666666667,0.9966666666666667,0.9966666666666667,0.9966666666666667,0.9966666666666667,0.9966666666666667,0.9966666666666667,0.9966666666666667,0.9966666666666667,0.9966666666666667,0.9966666666666667,0.9966666666666667,0.9966666666666667,0.9966666666666667,0.9966666666666667,0.9966666666666667,0.9966666666666667,0.9966666666666667,0.9966666666666667],"60":[1.0,1.0,1.0,1.0,1.0,1.0,1.0,1.0,1.0,1.0,1.0,1.0,1.0,1.0,1.0,1.0,1.0,1.0,1.0,1.0],"30":[1.0,1.0,1.0,1.0,1.0,1.0,1.0,1.0,1.0,1.0,1.0,1.0,1.0,1.0,1.0,1.0,1.0,1.0,1.0,1.0],"32":[0.9966666666666667,0.9966666666666667,0.9966666666666667,0.9966666666666667,0.9966666666666667,0.9966666666666667,0.9966666666666667,0.9966666666666667,0.9966666666666667,0.9966666666666667,0.9966666666666667,0.9966666666666667,0.9966666666666667,0.9966666666666667,0.9966666666666667,0.9966666666666667,0.9966666666666667,0.9966666666666667,0.9966666666666667,0.9966666666666667],"6":[1.0,1.0,1.0,1.0,1.0,1.0,1.0,1.0,1.0,1.0,1.0,1.0,1.0,1.0,1.0,1.0,1.0,1.0,1.0,1.0],"45":[0.9833333333333334,0.9833333333333334,0.9833333333333334,0.9833333333333334,0.9833333333333334,0.9833333333333334,0.9833333333333334,0.9833333333333334,0.9833333333333334,0.9833333333333334,0.9833333333333334,0.9833333333333334,0.9833333333333334,0.9833333333333334,0.9833333333333334,0.9833333333333334,0.9833333333333334,0.9833333333333334,0.9833333333333334,0.9833333333333334],"4":[1.0,1.0,1.0,1.0,1.0,1.0,1.0,1.0,1.0,1.0,1.0,1.0,1.0,1.0,1.0,1.0,1.0,1.0,1.0,1.0],"13":[1.0,1.0,1.0,1.0,1.0,1.0,1.0,1.0,1.0,1.0,1.0,1.0,1.0,1.0,1.0,1.0,1.0,1.0,1.0,1.0],"54":[1.0,1.0,1.0,1.0,1.0,1.0,1.0,1.0,1.0,1.0,1.0,1.0,1.0,1.0,1.0,1.0,1.0,1.0,1.0,1.0],"63":[1.0,1.0,1.0,1.0,1.0,1.0,1.0,1.0,1.0,1.0,1.0,1.0,1.0,1.0,1.0,1.0,1.0,1.0,1.0,1.0],"62":[1.0,1.0,1.0,1.0,1.0,1.0,1.0,1.0,1.0,1.0,1.0,1.0,1.0,1.0,1.0,1.0,1.0,1.0,1.0,1.0],"58":[0.9933333333333334,0.9933333333333334,0.9933333333333334,0.9933333333333334,0.9933333333333334,0.9933333333333334,0.9933333333333334,0.9933333333333334,0.9933333333333334,0.9933333333333334,0.9933333333333334,0.9933333333333334,0.9933333333333334,0.9933333333333334,0.9933333333333334,0.9933333333333334,0.9933333333333334,0.9933333333333334,0.9933333333333334,0.9933333333333334],"52":[1.0,1.0,1.0,1.0,1.0,1.0,1.0,1.0,1.0,1.0,1.0,1.0,1.0,1.0,1.0,1.0,1.0,1.0,1.0,1.0],"12":[1.0,1.0,1.0,1.0,1.0,1.0,1.0,1.0,1.0,1.0,1.0,1.0,1.0,1.0,1.0,1.0,1.0,1.0,1.0,1.0],"28":[0.9966666666666667,0.9966666666666667,0.9966666666666667,0.9966666666666667,0.9966666666666667,0.9966666666666667,0.9966666666666667,0.9966666666666667,0.9966666666666667,0.9966666666666667,0.9966666666666667,0.9966666666666667,0.9966666666666667,0.9966666666666667,0.9966666666666667,0.9966666666666667,0.9966666666666667,0.9966666666666667,0.9966666666666667,0.9966666666666667],"23":[0.9966666666666667,0.9966666666666667,0.9966666666666667,0.9966666666666667,0.9966666666666667,0.9966666666666667,0.9966666666666667,0.9966666666666667,0.9966666666666667,0.9966666666666667,0.9966666666666667,0.9966666666666667,0.9966666666666667,0.9966666666666667,0.9966666666666667,0.9966666666666667,0.9966666666666667,0.9966666666666667,0.9966666666666667,0.9966666666666667],"41":[1.0,1.0,1.0,1.0,1.0,1.0,1.0,1.0,1.0,1.0,1.0,1.0,1.0,1.0,1.0,1.0,1.0,1.0,1.0,1.0],"43":[0.9966666666666667,0.9966666666666667,0.9966666666666667,0.9966666666666667,0.9966666666666667,0.9966666666666667,0.9966666666666667,0.9966666666666667,0.9966666666666667,0.9966666666666667,0.9966666666666667,0.9966666666666667,0.9966666666666667,0.9966666666666667,0.9966666666666667,0.9966666666666667,0.9966666666666667,0.9966666666666667,0.9966666666666667,0.9966666666666667],"11":[1.0,1.0,1.0,1.0,1.0,1.0,1.0,1.0,1.0,1.0,1.0,1.0,1.0,1.0,1.0,1.0,1.0,1.0,1.0,1.0],"36":[0.9933333333333334,0.9933333333333334,0.9933333333333334,0.9933333333333334,0.9933333333333334,0.9933333333333334,0.9933333333333334,0.9933333333333334,0.9933333333333334,0.9933333333333334,0.9933333333333334,0.9933333333333334,0.9933333333333334,0.9933333333333334,0.9933333333333334,0.9933333333333334,0.9933333333333334,0.9933333333333334,0.9933333333333334,0.9933333333333334],"39":[1.0,1.0,1.0,1.0,1.0,1.0,1.0,1.0,1.0,1.0,1.0,1.0,1.0,1.0,1.0,1.0,1.0,1.0,1.0,1.0],"7":[0.9866666666666667,0.9833333333333334,0.9866666666666667,0.9833333333333334,0.9866666666666667,0.9833333333333334,0.9866666666666667,0.9833333333333334,0.9866666666666667,0.9833333333333334,0.9866666666666667,0.9833333333333334,0.9866666666666667,0.9833333333333334,0.9866666666666667,0.9833333333333334,0.9866666666666667,0.9833333333333334,0.9866666666666667,0.9833333333333334],"25":[1.0,1.0,1.0,1.0,1.0,1.0,1.0,1.0,1.0,1.0,1.0,1.0,1.0,1.0,1.0,1.0,1.0,1.0,1.0,1.0],"34":[0.9900000000000001,0.9900000000000001,0.9900000000000001,0.9900000000000001,0.9900000000000001,0.9900000000000001,0.9900000000000001,0.9900000000000001,0.9900000000000001,0.9900000000000001,0.9900000000000001,0.9900000000000001,0.9900000000000001,0.9900000000000001,0.9900000000000001,0.9900000000000001,0.9900000000000001,0.9900000000000001,0.9900000000000001,0.9900000000000001],"50":[1.0,1.0,1.0,1.0,1.0,1.0,1.0,1.0,1.0,1.0,1.0,1.0,1.0,1.0,1.0,1.0,1.0,1.0,1.0,1.0],"59":[1.0,1.0,1.0,1.0,1.0,1.0,1.0,1.0,1.0,1.0,1.0,1.0,1.0,1.0,1.0,1.0,1.0,1.0,1.0,1.0],"2":[1.0,1.0,1.0,1.0,1.0,1.0,1.0,1.0,1.0,1.0,1.0,1.0,1.0,1.0,1.0,1.0,1.0,1.0,1.0,1.0],"10":[1.0,1.0,1.0,1.0,1.0,1.0,1.0,1.0,1.0,1.0,1.0,1.0,1.0,1.0,1.0,1.0,1.0,1.0,1.0,1.0],"18":[1.0,1.0,1.0,1.0,1.0,1.0,1.0,1.0,1.0,1.0,1.0,1.0,1.0,1.0,1.0,1.0,1.0,1.0,1.0,1.0],"26":[0.9966666666666667,0.9966666666666667,0.9966666666666667,0.9966666666666667,0.9966666666666667,0.9966666666666667,0.9966666666666667,0.9966666666666667,0.9966666666666667,0.9966666666666667,0.9966666666666667,0.9966666666666667,0.9966666666666667,0.9966666666666667,0.9966666666666667,0.9966666666666667,0.9966666666666667,0.9966666666666667,0.9966666666666667,0.9966666666666667],"27":[0.9933333333333334,0.9933333333333334,0.9933333333333334,0.9933333333333334,0.9933333333333334,0.9933333333333334,0.9933333333333334,0.9933333333333334,0.9933333333333334,0.9933333333333334,0.9933333333333334,0.9933333333333334,0.9933333333333334,0.9933333333333334,0.9933333333333334,0.9933333333333334,0.9933333333333334,0.9933333333333334,0.9933333333333334,0.9933333333333334],"42":[0.9966666666666667,0.9966666666666667,0.9966666666666667,0.9966666666666667,0.9966666666666667,0.9966666666666667,0.9966666666666667,0.9966666666666667,0.9966666666666667,0.9966666666666667,0.9966666666666667,0.9966666666666667,0.9966666666666667,0.9966666666666667,0.9966666666666667,0.9966666666666667,0.9966666666666667,0.9966666666666667,0.9966666666666667,0.9966666666666667],"16":[1.0,1.0,1.0,1.0,1.0,1.0,1.0,1.0,1.0,1.0,1.0,1.0,1.0,1.0,1.0,1.0,1.0,1.0,1.0,1.0],"20":[0.9966666666666667,0.9966666666666667,0.9966666666666667,0.9966666666666667,0.9966666666666667,0.9966666666666667,0.9966666666666667,0.9966666666666667,0.9966666666666667,0.9966666666666667,0.9966666666666667,0.9966666666666667,0.9966666666666667,0.9966666666666667,0.9966666666666667,0.9966666666666667,0.9966666666666667,0.9966666666666667,0.9966666666666667,0.9966666666666667],