{"5":[0.9822222222222222,0.9822222222222222,0.9822222222222222,0.9822222222222222,0.9822222222222222,0.9822222222222222,0.9822222222222222,0.9822222222222222,0.9822222222222222,0.9822222222222222,0.9822222222222222,0.9822222222222222,0.9822222222222222,0.9822222222222222,0.9822222222222222,0.9822222222222222,0.9822222222222222,0.9822222222222222,0.9822222222222222,0.9822222222222222],"56":[0.9844444444444445,0.9844444444444445,0.9844444444444445,0.9844444444444445,0.9844444444444445,0.9844444444444445,0.9844444444444445,0.9844444444444445,0.9844444444444445,0.9844444444444445,0.9844444444444445,0.9844444444444445,0.9844444444444445,0.9844444444444445,0.9844444444444445,0.9844444444444445,0.9844444444444445,0.9844444444444445,0.9844444444444445,0.9844444444444445],"35":[0.9977777777777778,0.9977777777777778,0.9977777777777778,0.9977777777777778,0.9977777777777778,0.9977777777777778,0.9977777777777778,0.9977777777777778,0.9977777777777778,0.9977777777777778,0.9977777777777778,0.9977777777777778,0.9977777777777778,0.9977777777777778,0.9977777777777778,0.9977777777777778,0.9977777777777778,0.9977777777777778,0.9977777777777778,0.9977777777777778],"55":[1.0,1.0,1.0,1.0,1.0,1.0,1.0,1.0,1.0,1.0,1.0,1.0,1.0,1.0,1.0,1.0,1.0,1.0,1.0,1.0],"60":[0.9977777777777778,0.9977777777777778,0.9977777777777778,0.9977777777777778,0.9977777777777778,0.9977777777777778,0.9977777777777778,0.9977777777777778,0.9977777777777778,0.9977777777777778,0.9977777777777778,0.9977777777777778,0.9977777777777778,0.9977777777777778,0.9977777777777778,0.9977777777777778,0.9977777777777778,0.9977777777777778,0.9977777777777778,0.9977777777777778],"30":[1.0,1.0,1.0,1.0,1.0,1.0,1.0,1.0,1.0,1.0,1.0,1.0,1.0,1.0,1.0,1.0,1.0,1.0,1.0,1.0],"32":[0.9977777777777778,0.9977777777777778,0.9977777777777778,0.9977777777777778,0.9977777777777778,0.9977777777777778,0.9977777777777778,0.9977777777777778,0.9977777777777778,0.9977777777777778,0.9977777777777778,0.9977777777777778,0.9977777777777778,0.9977777777777778,0.9977777777777778,0.9977777777777778,0.9977777777777778,0.9977777777777778,0.9977777777777778,0.9977777777777778],"6":[1.0,1.0,1.0,1.0,1.0,1.0,1.0,1.0,1.0,1.0,1.0,1.0,1.0,1.0,1.0,1.0,1.0,1.0,1.0,1.0],"67":[0.9888888888888889,0.9888888888888889,0.9888888888888889,0.9888888888888889,0.9888888888888889,0.9888888888888889,0.9888888888888889,0.9888888888888889,0.9888888888888889,0.9888888888888889,0.9888888888888889,0.9888888888888889,0.9888888888888889,0.9888888888888889,0.9888888888888889,0.9888888888888889,0.9888888888888889,0.9888888888888889,0.9888888888888889,0.9888888888888889],"45":[0.9977777777777778,0.9977777777777778,0.9977777777777778,0.9977777777777778,0.9977777777777778,0.9977777777777778,0.9977777777777778,0.9977777777777778,0.9977777777777778,0.9977777777777778,0.9977777777777778,0.9977777777777778,0.9977777777777778,0.9977777777777778,0.9977777777777778,0.9977777777777778,0.9977777777777778,0.9977777777777778,0.9977777777777778,0.9977777777777778],"73":[1.0,1.0,1.0,1.0,1.0,1.0,1.0,1.0,1.0,1.0,1.0,1.0,1.0,1.0,1.0,1.0,1.0,1.0,1.0,1.0],"64":[1.0,1.0,1.0,1.0,1.0,1.0,1.0,1.0,1.0,1.0,1.0,1.0,1.0,1.0,1.0,1.0,1.0,1.0,1.0,1.0],"90":[0.9977777777777778,0.9977777777777778,0.9977777777777778,0.9977777777777778,0.9977777777777778,0.9977777777777778,0.9977777777777778,0.9977777777777778,0.9977777777777778,0.9977777777777778,0.9977777777777778,0.9977777777777778,0.9977777777777778,0.9977777777777778,0.9977777777777778,0.9977777777777778,0.9977777777777778,0.9977777777777778,0.9977777777777778,0.9977777777777778],"4":[0.9866666666666667,0.9866666666666667,0.9866666666666667,0.9866666666666667,0.9866666666666667,0.9866666666666667,0.9866666666666667,0.9866666666666667,0.9866666666666667,0.9866666666666667,0.9866666666666667,0.9866666666666667,0.9866666666666667,0.9866666666666667,0.9866666666666667,0.9866666666666667,0.9866666666666667,0.9866666666666667,0.9866666666666667,0.9866666666666667],"13":[1.0,1.0,1.0,1.0,1.0,1.0,1.0,1.0,1.0,1.0,1.0,1.0,1.0,1.0,1.0,1.0,1.0,1.0,1.0,1.0],"54":[0.9977777777777778,0.9977777777777778,0.9977777777777778,0.9977777777777778,0.9977777777777778,0.9977777777777778,0.9977777777777778,0.9977777777777778,0.9977777777777778,0.9977777777777778,0.9977777777777778,0.9977777777777778,0.9977777777777778,0.9977777777777778,0.9977777777777778,0.9977777777777778,0.9977777777777778,0.9977777777777778,0.9977777777777778,0.9977777777777778],"63":[0.9977777777777778,0.9977777777777778,0.9977777777777778,0.9977777777777778,0.9977777777777778,0.9977777777777778,0.9977777777777778,0.9977777777777778,0.9977777777777778,0.9977777777777778,0.9977777777777778,0.9977777777777778,0.9977777777777778,0.9977777777777778,0.9977777777777778,0.9977777777777778,0.9977777777777778,0.9977777777777778,0.9977777777777778,0.9977777777777778],"86":[0.9977777777777778,0.9977777777777778,0.9977777777777778,0.9977777777777778,0.9977777777777778,0.9977777777777778,0.9977777777777778,0.9977777777777778,0.9977777777777778,0.9977777777777778,0.9977777777777778,0.9977777777777778,0.9977777777777778,0.9977777777777778,0.9977777777777778,0.9977777777777778,0.9977777777777778,0.9977777777777778,0.9977777777777778,0.9977777777777778],"91":[1.0,1.0,1.0,1.0,1.0,1.0,1.0,1.0,1.0,1.0,1.0,1.0,1.0,1.0,1.0,1.0,1.0,1.0,1.0,1.0],"62":[0.9666666666666667,0.9666666666666667,0.9666666666666667,0.9666666666666667,0.9666666666666667,0.9666666666666667,0.9666666666666667,0.9666666666666667,0.9666666666666667,0.9666666666666667,0.9666666666666667,0.9666666666666667,0.9666666666666667,0.9666666666666667,0.9666666666666667,0.9666666666666667,0.9666666666666667,0.9666666666666667,0.9666666666666667,0.9666666666666667],"58":[1.0,1.0,1.0,1.0,1.0,1.0,1.0,1.0,1.0,1.0,1.0,1.0,1.0,1.0,1.0,1.0,1.0,1.0,1.0,1.0],"52":[1.0,1.0,1.0,1.0,1.0,1.0,1.0,1.0,1.0,1.0,1.0,1.0,1.0,1.0,1.0,1.0,1.0,1.0,1.0,1.0],"12":[1.0,1.0,1.0,1.0,1.0,1.0,1.0,1.0,1.0,1.0,1.0,1.0,1.0,1.0,1.0,1.0,1.0,1.0,1.0,1.0],"28":[0.9955555555555555,0.9955555555555555,0.9955555555555555,0.9955555555555555,0.9955555555555555,0.9955555555555555,0.9955555555555555,0.9955555555555555,0.9955555555555555,0.9955555555555555,0.9955555555555555,0.9955555555555555,0.9955555555555555,0.9955555555555555,0.9955555555555555,0.9955555555555555,0.9955555555555555,0.9955555555555555,0.9955555555555555,0.9955555555555555],"75":[1.0,1.0,1.0,1.0,1.0,1.0,1.0,1.0,1.0,1.0,1.0,1.0,1.0,1.0,1.0,1.0,1.0,1.0,1.0,1.0],"23":[0.9933333333333333,0.9933333333333333,0.9933333333333333,0.9933333333333333,0.9933333333333333,0.9933333333333333,0.9933333333333333,0.9933333333333333,0.9933333333333333,0.9933333333333333,0.9933333333333333,0.9933333333333333,0.9933333333333333,0.9933333333333333,0.9933333333333333,0.9933333333333333,0.9933333333333333,0.9933333333333333,0.9933333333333333,0.9933333333333333],"92":[1.0,1.0,1.0,1.0,1.0,1.0,1.0,1.0,1.0,1.0,1.0,1.0,1.0,1.0,1.0,1.0,1.0,1.0,1.0,1.0],"41":[1.0,1.0,1.0,1.0,1.0,1.0,1.0,1.0,1.0,1.0,1.0,1.0,1.0,1.0,1.0,1.0,1.0,1.0,1.0,1.0],"43":[1.0,1.0,1.0,1.0,1.0,1.0,1.0,1.0,1.0,1.0,1.0,1.0,1.0,1.0,1.0,1.0,1.0,1.0,1.0,1.0],"11":[1.0,1.0,1.0,1.0,1.0,1.0,1.0,1.0,1.0,1.0,1.0,1.0,1.0,1.0,1.0,1.0,1.0,1.0,1.0,1.0],"36":[0.9977777777777778,0.9977777777777778,0.9977777777777778,0.9977777777777778,0.9977777777777778,0.9977777777777778,0.9977777777777778,0.9977777777777778,0.9977777777777778,0.9977777777777778,0.9977777777777778,0.9977777777777778,0.9977777777777778,0.9977777777777778,0.9977777777777778,0.9977777777777778,0.9977777777777778,0.9977777777777778,0.9977777777777778,0.9977777777777778],"68":[0.9977777777777778,0.9977777777777778,0.9977777777777778,0.9977777777777778,0.9977777777777778,0.9977777777777778,0.9977777777777778,0.9977777777777778,0.9977777777777778,0.9977777777777778,0.9977777777777778,0.9977777777777778,0.9977777777777778,0.9977777777777778,0.9977777777777778,0.9977777777777778,0.9977777777777778,0.9977777777777778,0.9977777777777778,0.9977777777777778],