{"5":[1.0,1.0,1.0,1.0,1.0,1.0,1.0,1.0,1.0,1.0,1.0,1.0,1.0,1.0,1.0,1.0,1.0,1.0,1.0,1.0],"56":[0.9955555555555555,0.9955555555555555,0.9955555555555555,0.9955555555555555,0.9955555555555555,0.9955555555555555,0.9955555555555555,0.9955555555555555,0.9955555555555555,0.9955555555555555,0.9955555555555555,0.9955555555555555,0.9955555555555555,0.9955555555555555,0.9955555555555555,0.9955555555555555,0.9955555555555555,0.9955555555555555,0.9955555555555555,0.9955555555555555],"35":[1.0,1.0,1.0,1.0,1.0,1.0,1.0,1.0,1.0,1.0,1.0,1.0,1.0,1.0,1.0,1.0,1.0,1.0,1.0,1.0],"55":[0.9933333333333333,0.9933333333333333,0.9933333333333333,0.9933333333333333,0.9933333333333333,0.9933333333333333,0.9933333333333333,0.9933333333333333,0.9933333333333333,0.9933333333333333,0.9933333333333333,0.9933333333333333,0.9933333333333333,0.9933333333333333,0.9933333333333333,0.9933333333333333,0.9933333333333333,0.9933333333333333,0.9933333333333333,0.9933333333333333],"60":[0.9977777777777778,0.9977777777777778,0.9977777777777778,0.9977777777777778,0.9977777777777778,0.9977777777777778,0.9977777777777778,0.9977777777777778,0.9977777777777778,0.9977777777777778,0.9977777777777778,0.9977777777777778,0.9977777777777778,0.9977777777777778,0.9977777777777778,0.9977777777777778,0.9977777777777778,0.9977777777777778,0.9977777777777778,0.9977777777777778],"30":[1.0,1.0,1.0,1.0,1.0,1.0,1.0,1.0,1.0,1.0,1.0,1.0,1.0,1.0,1.0,1.0,1.0,1.0,1.0,1.0],"32":[1.0,1.0,1.0,1.0,1.0,1.0,1.0,1.0,1.0,1.0,1.0,1.0,1.0,1.0,1.0,1.0,1.0,1.0,1.0,1.0],"6":[0.9977777777777778,0.9977777777777778,0.9977777777777778,0.9977777777777778,0.9977777777777778,0.9977777777777778,0.9977777777777778,0.9977777777777778,0.9977777777777778,0.9977777777777778,0.9977777777777778,0.9977777777777778,0.9977777777777778,0.9977777777777778,0.9977777777777778,0.9977777777777778,0.9977777777777778,0.9977777777777778,0.9977777777777778,0.9977777777777778],"67":[0.9755555555555555,0.9755555555555555,0.9755555555555555,0.9755555555555555,0.9755555555555555,0.9755555555555555,0.9755555555555555,0.9755555555555555,0.9755555555555555,0.9755555555555555,0.9755555555555555,0.9755555555555555,0.9755555555555555,0.9755555555555555,0.9755555555555555,0.9755555555555555,0.9755555555555555,0.9755555555555555,0.9755555555555555,0.9755555555555555],"45":[1.0,1.0,1.0,1.0,1.0,1.0,1.0,1.0,1.0,1.0,1.0,1.0,1.0,1.0,1.0,1.0,1.0,1.0,1.0,1.0],"73":[0.9977777777777778,0.9977777777777778,0.9977777777777778,0.9977777777777778,0.9977777777777778,0.9977777777777778,0.9977777777777778,0.9977777777777778,0.9977777777777778,0.9977777777777778,0.9977777777777778,0.9977777777777778,0.9977777777777778,0.9977777777777778,0.9977777777777778,0.9977777777777778,0.9977777777777778,0.9977777777777778,0.9977777777777778,0.9977777777777778],"64":[1.0,1.0,1.0,1.0,1.0,1.0,1.0,1.0,1.0,1.0,1.0,1.0,1.0,1.0,1.0,1.0,1.0,1.0,1.0,1.0],"90":[0.9933333333333333,0.9933333333333333,0.9933333333333333,0.9933333333333333,0.9933333333333333,0.9933333333333333,0.9933333333333333,0.9933333333333333,0.9933333333333333,0.9933333333333333,0.9933333333333333,0.9933333333333333,0.9933333333333333,0.9933333333333333,0.9933333333333333,0.9933333333333333,0.9933333333333333,0.9933333333333333,0.9933333333333333,0.9933333333333333],"4":[0.9977777777777778,0.9977777777777778,0.9977777777777778,0.9977777777777778,0.9977777777777778,0.9977777777777778,0.9977777777777778,0.9977777777777778,0.9977777777777778,0.9977777777777778,0.9977777777777778,0.9977777777777778,0.9977777777777778,0.9977777777777778,0.9977777777777778,0.9977777777777778,0.9977777777777778,0.9977777777777778,0.9977777777777778,0.9977777777777778],"13":[1.0,1.0,1.0,1.0,1.0,1.0,1.0,1.0,1.0,1.0,1.0,1.0,1.0,1.0,1.0,1.0,1.0,1.0,1.0,1.0],"54":[1.0,1.0,1.0,1.0,1.0,1.0,1.0,1.0,1.0,1.0,1.0,1.0,1.0,1.0,1.0,1.0,1.0,1.0,1.0,1.0],"63":[0.9977777777777778,0.9977777777777778,0.9977777777777778,0.9977777777777778,0.9977777777777778,0.9977777777777778,0.9977777777777778,0.9977777777777778,0.9977777777777778,0.9977777777777778,0.9977777777777778,0.9977777777777778,0.9977777777777778,0.9977777777777778,0.9977777777777778,0.9977777777777778,0.9977777777777778,0.9977777777777778,0.9977777777777778,0.9977777777777778],"86":[1.0,1.0,1.0,1.0,1.0,1.0,1.0,1.0,1.0,1.0,1.0,1.0,1.0,1.0,1.0,1.0,1.0,1.0,1.0,1.0],"91":[1.0,1.0,1.0,1.0,1.0,1.0,1.0,1.0,1.0,1.0,1.0,1.0,1.0,1.0,1.0,1.0,1.0,1.0,1.0,1.0],"62":[1.0,1.0,1.0,1.0,1.0,1.0,1.0,1.0,1.0,1.0,1.0,1.0,1.0,1.0,1.0,1.0,1.0,1.0,1.0,1.0],"58":[1.0,1.0,1.0,1.0,1.0,1.0,1.0,1.0,1.0,1.0,1.0,1.0,1.0,1.0,1.0,1.0,1.0,1.0,1.0,1.0],"52":[0.9977777777777778,0.9977777777777778,0.9977777777777778,0.9977777777777778,0.9977777777777778,0.9977777777777778,0.9977777777777778,0.9977777777777778,0.9977777777777778,0.9977777777777778,0.9977777777777778,0.9977777777777778,0.9977777777777778,0.9977777777777778,0.9977777777777778,0.9977777777777778,0.9977777777777778,0.9977777777777778,0.9977777777777778,0.9977777777777778],"12":[0.9977777777777778,0.9977777777777778,0.9977777777777778,0.9977777777777778,0.9977777777777778,0.9977777777777778,0.9977777777777778,0.9977777777777778,0.9977777777777778,0.9977777777777778,0.9977777777777778,0.9977777777777778,0.9977777777777778,0.9977777777777778,0.9977777777777778,0.9977777777777778,0.9977777777777778,0.9977777777777778,0.9977777777777778,0.9977777777777778],"28":[1.0,1.0,1.0,1.0,1.0,1.0,1.0,1.0,1.0,1.0,1.0,1.0,1.0,1.0,1.0,1.0,1.0,1.0,1.0,1.0],"75":[0.9977777777777778,0.9977777777777778,0.9977777777777778,0.9977777777777778,0.9977777777777778,0.9977777777777778,0.9977777777777778,0.9977777777777778,0.9977777777777778,0.9977777777777778,0.9977777777777778,0.9977777777777778,0.9977777777777778,0.9977777777777778,0.9977777777777778,0.9977777777777778,0.9977777777777778,0.9977777777777778,0.9977777777777778,0.9977777777777778],"23":[1.0,1.0,1.0,1.0,1.0,1.0,1.0,1.0,1.0,1.0,1.0,1.0,1.0,1.0,1.0,1.0,1.0,1.0,1.0,1.0],"92":[1.0,1.0,1.0,1.0,1.0,1.0,1.0,1.0,1.0,1.0,1.0,1.0,1.0,1.0,1.0,1.0,1.0,1.0,1.0,1.0],"41":[0.9977777777777778,0.9977777777777778,0.9977777777777778,0.9977777777777778,0.9977777777777778,0.9977777777777778,0.9977777777777778,0.9977777777777778,0.9977777777777778,0.9977777777777778,0.9977777777777778,0.9977777777777778,0.9977777777777778,0.9977777777777778,0.9977777777777778,0.9977777777777778,0.9977777777777778,0.9977777777777778,0.9977777777777778,0.9977777777777778],"43":[1.0,1.0,1.0,1.0,1.0,1.0,1.0,1.0,1.0,1.0,1.0,1.0,1.0,1.0,1.0,1.0,1.0,1.0,1.0,1.0],"11":[1.0,1.0,1.0,1.0,1.0,1.0,1.0,1.0,1.0,1.0,1.0,1.0,1.0,1.0,1.0,1.0,1.0,1.0,1.0,1.0],"36":[0.9933333333333333,0.9933333333333333,0.9933333333333333,0.9933333333333333,0.9933333333333333,0.9933333333333333,0.9933333333333333,0.9933333333333333,0.9933333333333333,0.9933333333333333,0.9933333333333333,0.9933333333333333,0.9933333333333333,0.9933333333333333,0.9933333333333333,0.9933333333333333,0.9933333333333333,0.9933333333333333,0.9933333333333333,0.9933333333333333],"68":[1.0,1.0,1.0,1.0,1.0,1.0,1.0,1.0,1.0,1.0,1.0,1.0,1.0,1.0,1.0,1.0,1.0,1.0,1.0,1.0],"69":[1.0,1.0,1.0,1.0,1.0,1.0,1.0,1.0,1.0,1.0,1.0,1.0,1.0,1.0,1.0,1.0,1.0,1.0,1.0,1.0],"82":[1.0,1.0,1.0,1.0,1.0,1.0,1.0,1.0,1.0,1.0,1.0,1.0,1.0,1.0,1.0,1.0,1.0,1.0,1.0,1.0],"85":[0.9933333333333333,0.9933333333333333,0.9933333333333333,0.9933333333333333,0.9933333333333333,0.9933333333333333,0.9933333333333333,0.9933333333333333,0.9933333333333333,0.9933333333333333,0.9933333333333333,0.9933333333333333,0.9933333333333333,0.9933333333333333,0.9933333333333333,0.9933333333333333,0.9933333333333333,0.9933333333333333,0.9933333333333333,0.9933333333333333],"39":[0.9955555555555555,0.9955555555555555,0.9955555555555555,0.9955555555555555,0.9955555555555555,0.9955555555555555,0.9955555555555555,0.9955555555555555,0.9955555555555555,0.9955555555555555,0.9955555555555555,0.9955555555555555,0.9955555555555555,0.9955555555555555,0.9955555555555555,0.9955555555555555,0.9955555555555555,0.9955555555555555,0.9955555555555555,0.9955555555555555],