{"5":[0.612,0.612,0.612,0.612,0.612,0.612,0.612,0.612,0.612,0.612,0.612,0.612,0.612,0.612,0.612,0.612,0.612,0.612,0.612,0.612],"56":[0.868,0.868,0.868,0.868,0.868,0.868,0.868,0.868,0.868,0.868,0.868,0.868,0.868,0.868,0.868,0.868,0.868,0.868,0.868,0.868],"35":[0.972,0.972,0.972,0.972,0.972,0.972,0.972,0.972,0.972,0.972,0.972,0.972,0.972,0.972,0.972,0.972,0.972,0.972,0.972,0.972],"55":[0.34800000000000003,0.34800000000000003,0.34800000000000003,0.34800000000000003,0.34800000000000003,0.34800000000000003,0.34800000000000003,0.34800000000000003,0.34800000000000003,0.34800000000000003,0.34800000000000003,0.34800000000000003,0.34800000000000003,0.34800000000000003,0.34800000000000003,0.34800000000000003,0.34800000000000003,0.34800000000000003,0.34800000000000003,0.34800000000000003],"60":[0.936,0.936,0.936,0.936,0.936,0.936,0.936,0.936,0.936,0.936,0.936,0.936,0.936,0.936,0.936,0.936,0.936,0.936,0.936,0.936],"30":[0.352,0.352,0.352,0.352,0.352,0.352,0.352,0.352,0.352,0.352,0.352,0.352,0.352,0.352,0.352,0.352,0.352,0.352,0.352,0.352],"32":[0.5760000000000001,0.5760000000000001,0.5760000000000001,0.5760000000000001,0.5760000000000001,0.5760000000000001,0.5760000000000001,0.5760000000000001,0.5760000000000001,0.5760000000000001,0.5760000000000001,0.5760000000000001,0.5760000000000001,0.5760000000000001,0.5760000000000001,0.5760000000000001,0.5760000000000001,0.5760000000000001,0.5760000000000001,0.5760000000000001],"6":[0.488,0.488,0.488,0.488,0.488,0.488,0.488,0.488,0.488,0.488,0.488,0.488,0.488,0.488,0.488,0.488,0.488,0.488,0.488,0.488],"67":[0.424,0.424,0.424,0.424,0.424,0.424,0.424,0.424,0.424,0.424,0.424,0.424,0.424,0.424,0.424,0.424,0.424,0.424,0.424,0.424],"45":[0.34800000000000003,0.34800000000000003,0.34800000000000003,0.34800000000000003,0.34800000000000003,0.34800000000000003,0.34800000000000003,0.34800000000000003,0.34800000000000003,0.34800000000000003,0.34800000000000003,0.34800000000000003,0.34800000000000003,0.34800000000000003,0.34800000000000003,0.34800000000000003,0.34800000000000003,0.34800000000000003,0.34800000000000003,0.34800000000000003],"73":[0.41600000000000004,0.41600000000000004,0.41600000000000004,0.41600000000000004,0.41600000000000004,0.41600000000000004,0.41600000000000004,0.41600000000000004,0.41600000000000004,0.41600000000000004,0.41600000000000004,0.41600000000000004,0.41600000000000004,0.41600000000000004,0.41600000000000004,0.41600000000000004,0.41600000000000004,0.41600000000000004,0.41600000000000004,0.41600000000000004],"64":[0.324,0.324,0.324,0.324,0.324,0.324,0.324,0.324,0.324,0.324,0.324,0.324,0.324,0.324,0.324,0.324,0.324,0.324,0.324,0.324],"90":[0.28400000000000003,0.28400000000000003,0.28400000000000003,0.28400000000000003,0.28400000000000003,0.28400000000000003,0.28400000000000003,0.28400000000000003,0.28400000000000003,0.28400000000000003,0.28400000000000003,0.28400000000000003,0.28400000000000003,0.28400000000000003,0.28400000000000003,0.28400000000000003,0.28400000000000003,0.28400000000000003,0.28400000000000003,0.28400000000000003],"4":[0.908,0.908,0.908,0.908,0.908,0.908,0.908,0.908,0.908,0.908,0.908,0.908,0.908,0.908,0.908,0.908,0.908,0.908,0.908,0.908],"13":[0.992,0.992,0.992,0.992,0.992,0.992,0.992,0.992,0.992,0.992,0.992,0.992,0.992,0.992,0.992,0.992,0.992,0.992,0.992,0.992],"54":[0.772,0.764,0.772,0.764,0.772,0.764,0.772,0.764,0.772,0.764,0.772,0.764,0.772,0.764,0.772,0.764,0.772,0.764,0.772,0.764],"63":[0.248,0.26,0.248,0.26,0.248,0.26,0.248,0.26,0.248,0.26,0.248,0.26,0.248,0.26,0.248,0.26,0.248,0.26,0.248,0.26],"86":[0.41200000000000003,0.40800000000000003,0.41200000000000003,0.40800000000000003,0.41200000000000003,0.40800000000000003,0.41200000000000003,0.40800000000000003,0.41200000000000003,0.40800000000000003,0.41200000000000003,0.40800000000000003,0.41200000000000003,0.40800000000000003,0.41200000000000003,0.40800000000000003,0.41200000000000003,0.40800000000000003,0.41200000000000003,0.40800000000000003],"91":[0.28800000000000003,0.28800000000000003,0.28800000000000003,0.28800000000000003,0.28800000000000003,0.28800000000000003,0.28800000000000003,0.28800000000000003,0.28800000000000003,0.28800000000000003,0.28800000000000003,0.28800000000000003,0.28800000000000003,0.28800000000000003,0.28800000000000003,0.28800000000000003,0.28800000000000003,0.28800000000000003,0.28800000000000003,0.28800000000000003],"62":[0.312,0.312,0.312,0.312,0.312,0.312,0.312,0.312,0.312,0.312,0.312,0.312,0.312,0.312,0.312,0.312,0.312,0.312,0.312,0.312],"58":[0.884,0.884,0.884,0.884,0.884,0.884,0.884,0.884,0.884,0.884,0.884,0.884,0.884,0.884,0.884,0.884,0.884,0.884,0.884,0.884],"52":[0.804,0.808,0.804,0.808,0.804,0.808,0.804,0.808,0.804,0.808,0.804,0.808,0.804,0.808,0.804,0.808,0.804,0.808,0.804,0.808],"12":[0.364,0.364,0.364,0.364,0.364,0.364,0.364,0.364,0.364,0.364,0.364,0.364,0.364,0.364,0.364,0.364,0.364,0.364,0.364,0.364],"28":[0.5680000000000001,0.5680000000000001,0.5680000000000001,0.5680000000000001,0.5680000000000001,0.5680000000000001,0.5680000000000001,0.5680000000000001,0.5680000000000001,0.5680000000000001,0.5680000000000001,0.5680000000000001,0.5680000000000001,0.5680000000000001,0.5680000000000001,0.5680000000000001,0.5680000000000001,0.5680000000000001,0.5680000000000001,0.5680000000000001],"75":[0.36,0.36,0.36,0.36,0.36,0.36,0.36,0.36,0.36,0.36,0.36,0.36,0.36,0.36,0.36,0.36,0.36,0.36,0.36,0.36],"23":[0.988,0.988,0.988,0.988,0.988,0.988,0.988,0.988,0.988,0.988,0.988,0.988,0.988,0.988,0.988,0.988,0.988,0.988,0.988,0.988],"92":[0.932,0.932,0.932,0.932,0.932,0.932,0.932,0.932,0.932,0.932,0.932,0.932,0.932,0.932,0.932,0.932,0.932,0.932,0.932,0.932],"41":[0.536,0.532,0.536,0.532,0.536,0.532,0.536,0.532,0.536,0.532,0.536,0.532,0.536,0.532,0.536,0.532,0.536,0.532,0.536,0.532],"43":[0.496,0.492,0.496,0.492,0.496,0.492,0.496,0.492,0.496,0.492,0.496,0.492,0.496,0.492,0.496,0.492,0.496,0.492,0.496,0.492],"11":[0.432,0.432,0.432,0.432,0.432,0.432,0.432,0.432,0.432,0.432,0.432,0.432,0.432,0.432,0.432,0.432,0.432,0.432,0.432,0.432],"36":[0.428,0.428,0.428,0.428,0.428,0.428,0.428,0.428,0.428,0.428,0.428,0.428,0.428,0.428,0.428,0.428,0.428,0.428,0.428,0.428],"68":[0.74,0.744,0.74,0.744,0.74,0.744,0.74,0.744,0.74,0.744,0.74,0.744,0.74,0.744,0.74,0.744,0.74,0.744,0.74,0.744],"69":[0.41200000000000003,0.404,0.41200000000000003,0.404,0.41200000000000003,0.404,0.41200000000000003,0.404,0.41200000000000003,0.404,0.41200000000000003,0.404,0.41200000000000003,0.404,0.41200000000000003,0.404,0.41200000000000003,0.404,0.41200000000000003,0.404],"98":[0.888,0.888,0.888,0.888,0.888,0.888,0.888,0.888,0.888,0.888,0.888,0.888,0.888,0.888,0.888,0.888,0.888,0.888,0.888,0.888],"82":[0.336,0.336,0.336,0.336,0.336,0.336,0.336,0.336,0.336,0.336,0.336,0.336,0.336,0.336,0.336,0.336,0.336,0.336,0.336,0.336],"85":[0.444,0.444,0.444,0.444,0.444,0.444,0.444,0.444,0.444,0.444,0.444,0.444,0.444,0.444,0.444,0.444,0.444,0.444,0.444,0.444],"39":[0.776,0.776,0.776,0.776,0.776,0.776,0.776,0.776,0.776,0.776,0.776,0.776,0.776,0.776,0.776,0.776,0.776,0.776,0.776,0.776],"84":[0.4,0.4,0.4,0.4,0.4,0.4,0.4,0.4,0.4,0.4,0.4,0.4,0.4,0.4,0.4,0.4,0.4,0.4,0.4,0.4],"77":[0.452,0.452,0.452,0.452,0.452,0.452,0.452,0.452,0.452,0.452,0.452,0.452,0.452,0.452,0.452,0.452,0.452,0.452,0.452,0.452],"7":[0.516,0.516,0.516,0.516,0.516,0.516,0.516,0.516,0.516,0.516,0.516,0.516,0.516,0.516,0.516,0.516,0.516,0.516,0.516,0.516],"25":[0.512,0.512,0.512,0.512,0.512,0.512,0.512,0.512,0.512,0.512,0.512,0.512,0.512,0.512,0.512,0.512,0.512,0.512,0.512,0.512],"95":[0.292,0.292,0.292,0.292,0.292,0.292,0.292,0.292,0.292,0.292,0.292,0.292,0.292,0.292,0.292,0.292,0.292,0.292,0.292,0.292],"71":[0.484,0.488,0.484,0.488,0.484,0.488,0.484,0.488,0.484,0.488,0.484,0.488,0.484,0.488,0.484,0.488,0.484,0.488,0.484,0.488],"66":[0.992,0.992,0.992,0.992,0.992,0.992,0.992,0.992,0.992,0.992,0.992,0.992,0.992,0.992,0.992,0.992,0.992,0.992,0.992,0.992],"76":[0.328,0.328,0.328,0.328,0.328,0.328,0.328,0.328,0.328,0.328,0.328,0.328,0.328,0.328,0.328,0.328,0.328,0.328,0.328,0.328],