{"5":[0.912,0.912,0.912,0.912,0.912,0.912,0.912,0.912,0.912,0.912,0.912,0.912,0.912,0.912,0.912,0.912,0.912,0.912,0.912,0.912],"56":[0.984,0.984,0.984,0.984,0.984,0.984,0.984,0.984,0.984,0.984,0.984,0.984,0.984,0.984,0.984,0.984,0.984,0.984,0.984,0.984],"35":[0.28800000000000003,0.28800000000000003,0.28800000000000003,0.28800000000000003,0.28800000000000003,0.28800000000000003,0.28800000000000003,0.28800000000000003,0.28800000000000003,0.28800000000000003,0.28800000000000003,0.28800000000000003,0.28800000000000003,0.28800000000000003,0.28800000000000003,0.28800000000000003,0.28800000000000003,0.28800000000000003,0.28800000000000003,0.28800000000000003],"55":[0.668,0.668,0.668,0.668,0.668,0.668,0.668,0.668,0.668,0.668,0.668,0.668,0.668,0.668,0.668,0.668,0.668,0.668,0.668,0.668],"60":[0.968,0.968,0.968,0.968,0.968,0.968,0.968,0.968,0.968,0.968,0.968,0.968,0.968,0.968,0.968,0.968,0.968,0.968,0.968,0.968],"30":[0.992,0.992,0.992,0.992,0.992,0.992,0.992,0.992,0.992,0.992,0.992,0.992,0.992,0.992,0.992,0.992,0.992,0.992,0.992,0.992],"32":[0.96,0.96,0.96,0.96,0.96,0.96,0.96,0.96,0.96,0.96,0.96,0.96,0.96,0.96,0.96,0.96,0.96,0.96,0.96,0.96],"6":[0.356,0.364,0.356,0.364,0.356,0.364,0.356,0.364,0.356,0.364,0.356,0.364,0.356,0.364,0.356,0.364,0.356,0.364,0.356,0.364],"67":[0.9520000000000001,0.9520000000000001,0.9520000000000001,0.9520000000000001,0.9520000000000001,0.9520000000000001,0.9520000000000001,0.9520000000000001,0.9520000000000001,0.9520000000000001,0.9520000000000001,0.9520000000000001,0.9520000000000001,0.9520000000000001,0.9520000000000001,0.9520000000000001,0.9520000000000001,0.9520000000000001,0.9520000000000001,0.9520000000000001],"45":[0.924,0.924,0.924,0.924,0.924,0.924,0.924,0.924,0.924,0.924,0.924,0.924,0.924,0.924,0.924,0.924,0.924,0.924,0.924,0.924],"73":[0.456,0.456,0.456,0.456,0.456,0.456,0.456,0.456,0.456,0.456,0.456,0.456,0.456,0.456,0.456,0.456,0.456,0.456,0.456,0.456],"64":[0.848,0.852,0.848,0.852,0.848,0.852,0.848,0.852,0.848,0.852,0.848,0.852,0.848,0.852,0.848,0.852,0.848,0.852,0.848,0.852],"4":[0.6920000000000001,0.6920000000000001,0.6920000000000001,0.6920000000000001,0.6920000000000001,0.6920000000000001,0.6920000000000001,0.6920000000000001,0.6920000000000001,0.6920000000000001,0.6920000000000001,0.6920000000000001,0.6920000000000001,0.6920000000000001,0.6920000000000001,0.6920000000000001,0.6920000000000001,0.6920000000000001,0.6920000000000001,0.6920000000000001],"13":[0.988,0.988,0.988,0.988,0.988,0.988,0.988,0.988,0.988,0.988,0.988,0.988,0.988,0.988,0.988,0.988,0.988,0.988,0.988,0.988],"54":[0.52,0.504,0.52,0.504,0.52,0.504,0.52,0.504,0.52,0.504,0.52,0.504,0.52,0.504,0.52,0.504,0.52,0.504,0.52,0.504],"63":[0.9400000000000001,0.9400000000000001,0.9400000000000001,0.9400000000000001,0.9400000000000001,0.9400000000000001,0.9400000000000001,0.9400000000000001,0.9400000000000001,0.9400000000000001,0.9400000000000001,0.9400000000000001,0.9400000000000001,0.9400000000000001,0.9400000000000001,0.9400000000000001,0.9400000000000001,0.9400000000000001,0.9400000000000001,0.9400000000000001],"62":[0.372,0.372,0.372,0.372,0.372,0.372,0.372,0.372,0.372,0.372,0.372,0.372,0.372,0.372,0.372,0.372,0.372,0.372,0.372,0.372],"58":[0.812,0.812,0.812,0.812,0.812,0.812,0.812,0.812,0.812,0.812,0.812,0.812,0.812,0.812,0.812,0.812,0.812,0.812,0.812,0.812],"52":[0.46,0.46,0.46,0.46,0.46,0.46,0.46,0.46,0.46,0.46,0.46,0.46,0.46,0.46,0.46,0.46,0.46,0.46,0.46,0.46],"12":[0.968,0.968,0.968,0.968,0.968,0.968,0.968,0.968,0.968,0.968,0.968,0.968,0.968,0.968,0.968,0.968,0.968,0.968,0.968,0.968],"28":[0.356,0.356,0.356,0.356,0.356,0.356,0.356,0.356,0.356,0.356,0.356,0.356,0.356,0.356,0.356,0.356,0.356,0.356,0.356,0.356],"75":[0.504,0.504,0.504,0.504,0.504,0.504,0.504,0.504,0.504,0.504,0.504,0.504,0.504,0.504,0.504,0.504,0.504,0.504,0.504,0.504],"23":[0.356,0.36,0.356,0.36,0.356,0.36,0.356,0.36,0.356,0.36,0.356,0.36,0.356,0.36,0.356,0.36,0.356,0.36,0.356,0.36],"41":[0.968,0.968,0.968,0.968,0.968,0.968,0.968,0.968,0.968,0.968,0.968,0.968,0.968,0.968,0.968,0.968,0.968,0.968,0.968,0.968],"43":[0.992,0.992,0.992,0.992,0.992,0.992,0.992,0.992,0.992,0.992,0.992,0.992,0.992,0.992,0.992,0.992,0.992,0.992,0.992,0.992],"11":[0.884,0.884,0.884,0.884,0.884,0.884,0.884,0.884,0.884,0.884,0.884,0.884,0.884,0.884,0.884,0.884,0.884,0.884,0.884,0.884],"36":[0.9400000000000001,0.9400000000000001,0.9400000000000001,0.9400000000000001,0.9400000000000001,0.9400000000000001,0.9400000000000001,0.9400000000000001,0.9400000000000001,0.9400000000000001,0.9400000000000001,0.9400000000000001,0.9400000000000001,0.9400000000000001,0.9400000000000001,0.9400000000000001,0.9400000000000001,0.9400000000000001,0.9400000000000001,0.9400000000000001],"68":[0.336,0.332,0.336,0.332,0.336,0.332,0.336,0.332,0.336,0.332,0.336,0.332,0.336,0.332,0.336,0.332,0.336,0.332,0.336,0.332],"69":[0.96,0.96,0.96,0.96,0.96,0.96,0.96,0.96,0.96,0.96,0.96,0.96,0.96,0.96,0.96,0.96,0.96,0.96,0.96,0.96],"39":[0.34800000000000003,0.34800000000000003,0.34800000000000003,0.34800000000000003,0.34800000000000003,0.34800000000000003,0.34800000000000003,0.34800000000000003,0.34800000000000003,0.34800000000000003,0.34800000000000003,0.34800000000000003,0.34800000000000003,0.34800000000000003,0.34800000000000003,0.34800000000000003,0.34800000000000003,0.34800000000000003,0.34800000000000003,0.34800000000000003],"77":[0.86,0.86,0.86,0.86,0.86,0.86,0.86,0.86,0.86,0.86,0.86,0.86,0.86,0.86,0.86,0.86,0.86,0.86,0.86,0.86],"7":[0.392,0.404,0.392,0.404,0.392,0.404,0.392,0.404,0.392,0.404,0.392,0.404,0.392,0.404,0.392,0.404,0.392,0.404,0.392,0.404],"25":[0.9560000000000001,0.9560000000000001,0.9560000000000001,0.9560000000000001,0.9560000000000001,0.9560000000000001,0.9560000000000001,0.9560000000000001,0.9560000000000001,0.9560000000000001,0.9560000000000001,0.9560000000000001,0.9560000000000001,0.9560000000000001,0.9560000000000001,0.9560000000000001,0.9560000000000001,0.9560000000000001,0.9560000000000001,0.9560000000000001],"71":[0.28400000000000003,0.28400000000000003,0.28400000000000003,0.28400000000000003,0.28400000000000003,0.28400000000000003,0.28400000000000003,0.28400000000000003,0.28400000000000003,0.28400000000000003,0.28400000000000003,0.28400000000000003,0.28400000000000003,0.28400000000000003,0.28400000000000003,0.28400000000000003,0.28400000000000003,0.28400000000000003,0.28400000000000003,0.28400000000000003],"66":[0.98,0.98,0.98,0.98,0.98,0.98,0.98,0.98,0.98,0.98,0.98,0.98,0.98,0.98,0.98,0.98,0.98,0.98,0.98,0.98],"76":[0.976,0.976,0.976,0.976,0.976,0.976,0.976,0.976,0.976,0.976,0.976,0.976,0.976,0.976,0.976,0.976,0.976,0.976,0.976,0.976],"34":[0.34,0.34,0.34,0.34,0.34,0.34,0.34,0.34,0.34,0.34,0.34,0.34,0.34,0.34,0.34,0.34,0.34,0.34,0.34,0.34],"50":[0.34400000000000003,0.34400000000000003,0.34400000000000003,0.34400000000000003,0.34400000000000003,0.34400000000000003,0.34400000000000003,0.34400000000000003,0.34400000000000003,0.34400000000000003,0.34400000000000003,0.34400000000000003,0.34400000000000003,0.34400000000000003,0.34400000000000003,0.34400000000000003,0.34400000000000003,0.34400000000000003,0.34400000000000003,0.34400000000000003],"59":[0.972,0.976,0.972,0.976,0.972,0.976,0.972,0.976,0.972,0.976,0.972,0.976,0.972,0.976,0.972,0.976,0.972,0.976,0.972,0.976],"2":[0.964,0.964,0.964,0.964,0.964,0.964,0.964,0.964,0.964,0.964,0.964,0.964,0.964,0.964,0.964,0.964,0.964,0.964,0.964,0.964],"10":[0.964,0.964,0.964,0.964,0.964,0.964,0.964,0.964,0.964,0.964,0.964,0.964,0.964,0.964,0.964,0.964,0.964,0.964,0.964,0.964],"18":[0.984,0.984,0.984,0.984,0.984,0.984,0.984,0.984,0.984,0.984,0.984,0.984,0.984,0.984,0.984,0.984,0.984,0.984,0.984,0.984],"26":[0.9400000000000001,0.9400000000000001,0.9400000000000001,0.9400000000000001,0.9400000000000001,0.9400000000000001,0.9400000000000001,0.9400000000000001,0.9400000000000001,0.9400000000000001,0.9400000000000001,0.9400000000000001,0.9400000000000001,0.9400000000000001,0.9400000000000001,0.9400000000000001,0.9400000000000001,0.9400000000000001,0.9400000000000001,0.9400000000000001],