{"5":[0.332,0.332,0.332,0.332,0.332,0.332,0.332,0.332,0.332,0.332,0.332,0.332,0.332,0.332,0.332,0.332,0.332,0.332,0.332,0.332],"56":[0.428,0.428,0.428,0.428,0.428,0.428,0.428,0.428,0.428,0.428,0.428,0.428,0.428,0.428,0.428,0.428,0.428,0.428,0.428,0.428],"35":[0.968,0.968,0.968,0.968,0.968,0.968,0.968,0.968,0.968,0.968,0.968,0.968,0.968,0.968,0.968,0.968,0.968,0.968,0.968,0.968],"55":[1.0,1.0,1.0,1.0,1.0,1.0,1.0,1.0,1.0,1.0,1.0,1.0,1.0,1.0,1.0,1.0,1.0,1.0,1.0,1.0],"60":[0.676,0.676,0.676,0.676,0.676,0.676,0.676,0.676,0.676,0.676,0.676,0.676,0.676,0.676,0.676,0.676,0.676,0.676,0.676,0.676],"30":[0.544,0.544,0.544,0.544,0.544,0.544,0.544,0.544,0.544,0.544,0.544,0.544,0.544,0.544,0.544,0.544,0.544,0.544,0.544,0.544],"32":[0.34,0.34,0.34,0.34,0.34,0.34,0.34,0.34,0.34,0.34,0.34,0.34,0.34,0.34,0.34,0.34,0.34,0.34,0.34,0.34],"6":[0.976,0.976,0.976,0.976,0.976,0.976,0.976,0.976,0.976,0.976,0.976,0.976,0.976,0.976,0.976,0.976,0.976,0.976,0.976,0.976],"67":[0.528,0.532,0.528,0.532,0.528,0.532,0.528,0.532,0.528,0.532,0.528,0.532,0.528,0.532,0.528,0.532,0.528,0.532,0.528,0.532],"45":[0.356,0.356,0.356,0.356,0.356,0.356,0.356,0.356,0.356,0.356,0.356,0.356,0.356,0.356,0.356,0.356,0.356,0.356,0.356,0.356],"73":[0.616,0.616,0.616,0.616,0.616,0.616,0.616,0.616,0.616,0.616,0.616,0.616,0.616,0.616,0.616,0.616,0.616,0.616,0.616,0.616],"64":[0.996,0.996,0.996,0.996,0.996,0.996,0.996,0.996,0.996,0.996,0.996,0.996,0.996,0.996,0.996,0.996,0.996,0.996,0.996,0.996],"4":[0.496,0.496,0.496,0.496,0.496,0.496,0.496,0.496,0.496,0.496,0.496,0.496,0.496,0.496,0.496,0.496,0.496,0.496,0.496,0.496],"13":[0.464,0.464,0.464,0.464,0.464,0.464,0.464,0.464,0.464,0.464,0.464,0.464,0.464,0.464,0.464,0.464,0.464,0.464,0.464,0.464],"54":[0.924,0.924,0.924,0.924,0.924,0.924,0.924,0.924,0.924,0.924,0.924,0.924,0.924,0.924,0.924,0.924,0.924,0.924,0.924,0.924],"63":[0.5,0.5,0.5,0.5,0.5,0.5,0.5,0.5,0.5,0.5,0.5,0.5,0.5,0.5,0.5,0.5,0.5,0.5,0.5,0.5],"86":[0.47200000000000003,0.464,0.47200000000000003,0.464,0.47200000000000003,0.464,0.47200000000000003,0.464,0.47200000000000003,0.464,0.47200000000000003,0.464,0.47200000000000003,0.464,0.47200000000000003,0.464,0.47200000000000003,0.464,0.47200000000000003,0.464],"62":[0.632,0.624,0.632,0.624,0.632,0.624,0.632,0.624,0.632,0.624,0.632,0.624,0.632,0.624,0.632,0.624,0.632,0.624,0.632,0.624],"58":[0.596,0.592,0.596,0.592,0.596,0.592,0.596,0.592,0.596,0.592,0.596,0.592,0.596,0.592,0.596,0.592,0.596,0.592,0.596,0.592],"52":[0.912,0.912,0.912,0.912,0.912,0.912,0.912,0.912,0.912,0.912,0.912,0.912,0.912,0.912,0.912,0.912,0.912,0.912,0.912,0.912],"12":[0.444,0.452,0.444,0.452,0.444,0.452,0.444,0.452,0.444,0.452,0.444,0.452,0.444,0.452,0.444,0.452,0.444,0.452,0.444,0.452],"28":[0.964,0.964,0.964,0.964,0.964,0.964,0.964,0.964,0.964,0.964,0.964,0.964,0.964,0.964,0.964,0.964,0.964,0.964,0.964,0.964],"75":[0.936,0.936,0.936,0.936,0.936,0.936,0.936,0.936,0.936,0.936,0.936,0.936,0.936,0.936,0.936,0.936,0.936,0.936,0.936,0.936],"23":[0.932,0.928,0.932,0.928,0.932,0.928,0.932,0.928,0.932,0.928,0.932,0.928,0.932,0.928,0.932,0.928,0.932,0.928,0.932,0.928],"41":[0.6960000000000001,0.6960000000000001,0.6960000000000001,0.6960000000000001,0.6960000000000001,0.6960000000000001,0.6960000000000001,0.6960000000000001,0.6960000000000001,0.6960000000000001,0.6960000000000001,0.6960000000000001,0.6960000000000001,0.6960000000000001,0.6960000000000001,0.6960000000000001,0.6960000000000001,0.6960000000000001,0.6960000000000001,0.6960000000000001],"43":[0.384,0.396,0.384,0.396,0.384,0.396,0.384,0.396,0.384,0.396,0.384,0.396,0.384,0.396,0.384,0.396,0.384,0.396,0.384,0.396],"11":[0.996,0.996,0.996,0.996,0.996,0.996,0.996,0.996,0.996,0.996,0.996,0.996,0.996,0.996,0.996,0.996,0.996,0.996,0.996,0.996],"36":[0.336,0.32,0.336,0.32,0.336,0.32,0.336,0.32,0.336,0.32,0.336,0.32,0.336,0.32,0.336,0.32,0.336,0.32,0.336,0.32],"68":[0.5640000000000001,0.5680000000000001,0.5640000000000001,0.5680000000000001,0.5640000000000001,0.5680000000000001,0.5640000000000001,0.5680000000000001,0.5640000000000001,0.5680000000000001,0.5640000000000001,0.5680000000000001,0.5640000000000001,0.5680000000000001,0.5640000000000001,0.5680000000000001,0.5640000000000001,0.5680000000000001,0.5640000000000001,0.5680000000000001],"69":[0.596,0.592,0.596,0.592,0.596,0.592,0.596,0.592,0.596,0.592,0.596,0.592,0.596,0.592,0.596,0.592,0.596,0.592,0.596,0.592],"82":[0.516,0.504,0.516,0.504,0.516,0.504,0.516,0.504,0.516,0.504,0.516,0.504,0.516,0.504,0.516,0.504,0.516,0.504,0.516,0.504],"85":[0.96,0.96,0.96,0.96,0.96,0.96,0.96,0.96,0.96,0.96,0.96,0.96,0.96,0.96,0.96,0.96,0.96,0.96,0.96,0.96],"39":[0.324,0.324,0.324,0.324,0.324,0.324,0.324,0.324,0.324,0.324,0.324,0.324,0.324,0.324,0.324,0.324,0.324,0.324,0.324,0.324],"84":[0.41600000000000004,0.42,0.41600000000000004,0.42,0.41600000000000004,0.42,0.41600000000000004,0.42,0.41600000000000004,0.42,0.41600000000000004,0.42,0.41600000000000004,0.42,0.41600000000000004,0.42,0.41600000000000004,0.42,0.41600000000000004,0.42],"77":[0.976,0.976,0.976,0.976,0.976,0.976,0.976,0.976,0.976,0.976,0.976,0.976,0.976,0.976,0.976,0.976,0.976,0.976,0.976,0.976],"7":[0.964,0.964,0.964,0.964,0.964,0.964,0.964,0.964,0.964,0.964,0.964,0.964,0.964,0.964,0.964,0.964,0.964,0.964,0.964,0.964],"25":[0.78,0.784,0.78,0.784,0.78,0.784,0.78,0.784,0.78,0.784,0.78,0.784,0.78,0.784,0.78,0.784,0.78,0.784,0.78,0.784],"71":[0.492,0.48,0.492,0.48,0.492,0.48,0.492,0.48,0.492,0.48,0.492,0.48,0.492,0.48,0.492,0.48,0.492,0.48,0.492,0.48],"66":[0.296,0.296,0.296,0.296,0.296,0.296,0.296,0.296,0.296,0.296,0.296,0.296,0.296,0.296,0.296,0.296,0.296,0.296,0.296,0.296],"76":[0.9480000000000001,0.9480000000000001,0.9480000000000001,0.9480000000000001,0.9480000000000001,0.9480000000000001,0.9480000000000001,0.9480000000000001,0.9480000000000001,0.9480000000000001,0.9480000000000001,0.9480000000000001,0.9480000000000001,0.9480000000000001,0.9480000000000001,0.9480000000000001,0.9480000000000001,0.9480000000000001,0.9480000000000001,0.9480000000000001],"34":[0.484,0.488,0.484,0.488,0.484,0.488,0.484,0.488,0.484,0.488,0.484,0.488,0.484,0.488,0.484,0.488,0.484,0.488,0.484,0.488],"50":[0.336,0.336,0.336,0.336,0.336,0.336,0.336,0.336,0.336,0.336,0.336,0.336,0.336,0.336,0.336,0.336,0.336,0.336,0.336,0.336],"59":[0.40800000000000003,0.40800000000000003,0.40800000000000003,0.40800000000000003,0.40800000000000003,0.40800000000000003,0.40800000000000003,0.40800000000000003,0.40800000000000003,0.40800000000000003,0.40800000000000003,0.40800000000000003,0.40800000000000003,0.40800000000000003,0.40800000000000003,0.40800000000000003,0.40800000000000003,0.40800000000000003,0.40800000000000003,0.40800000000000003],"2":[0.672,0.672,0.672,0.672,0.672,0.672,0.672,0.672,0.672,0.672,0.672,0.672,0.672,0.672,0.672,0.672,0.672,0.672,0.672,0.672],"10":[0.468,0.468,0.468,0.468,0.468,0.468,0.468,0.468,0.468,0.468,0.468,0.468,0.468,0.468,0.468,0.468,0.468,0.468,0.468,0.468],"18":[0.588,0.588,0.588,0.588,0.588,0.588,0.588,0.588,0.588,0.588,0.588,0.588,0.588,0.588,0.588,0.588,0.588,0.588,0.588,0.588],"26":[0.34400000000000003,0.34400000000000003,0.34400000000000003,0.34400000000000003,0.34400000000000003,0.34400000000000003,0.34400000000000003,0.34400000000000003,0.34400000000000003,0.34400000000000003,0.34400000000000003,0.34400000000000003,0.34400000000000003,0.34400000000000003,0.34400000000000003,0.34400000000000003,0.34400000000000003,0.34400000000000003,0.34400000000000003,0.34400000000000003],"27":[0.396,0.396,0.396,0.396,0.396,0.396,0.396,0.396,0.396,0.396,0.396,0.396,0.396,0.396,0.396,0.396,0.396,0.396,0.396,0.396],"42":[0.316,0.308,0.316,0.308,0.316,0.308,0.316,0.308,0.316,0.308,0.316,0.308,0.316,0.308,0.316,0.308,0.316,0.308,0.316,0.308],"87":[0.456,0.456,0.456,0.456,0.456,0.456,0.456,0.456,0.456,0.456,0.456,0.456,0.456,0.456,0.456,0.456,0.456,0.456,0.456,0.456],"79":[0.32,0.32,0.32,0.32,0.32,0.32,0.32,0.32,0.32,0.32,0.32,0.32,0.32,0.32,0.32,0.32,0.32,0.32,0.32,0.32],