{"5":[0.47600000000000003,0.47600000000000003,0.47600000000000003,0.47600000000000003,0.47600000000000003,0.47600000000000003,0.47600000000000003,0.47600000000000003,0.47600000000000003,0.47600000000000003,0.47600000000000003,0.47600000000000003,0.47600000000000003,0.47600000000000003,0.47600000000000003,0.47600000000000003,0.47600000000000003,0.47600000000000003,0.47600000000000003,0.47600000000000003],"56":[0.492,0.492,0.492,0.492,0.492,0.492,0.492,0.492,0.492,0.492,0.492,0.492,0.492,0.492,0.492,0.492,0.492,0.492,0.492,0.492],"35":[0.892,0.892,0.892,0.892,0.892,0.892,0.892,0.892,0.892,0.892,0.892,0.892,0.892,0.892,0.892,0.892,0.892,0.892,0.892,0.892],"55":[0.9560000000000001,0.9560000000000001,0.9560000000000001,0.9560000000000001,0.9560000000000001,0.9560000000000001,0.9560000000000001,0.9560000000000001,0.9560000000000001,0.9560000000000001,0.9560000000000001,0.9560000000000001,0.9560000000000001,0.9560000000000001,0.9560000000000001,0.9560000000000001,0.9560000000000001,0.9560000000000001,0.9560000000000001,0.9560000000000001],"60":[0.424,0.432,0.424,0.432,0.424,0.432,0.424,0.432,0.424,0.432,0.424,0.432,0.424,0.432,0.424,0.432,0.424,0.432,0.424,0.432],"30":[0.976,0.976,0.976,0.976,0.976,0.976,0.976,0.976,0.976,0.976,0.976,0.976,0.976,0.976,0.976,0.976,0.976,0.976,0.976,0.976],"32":[0.6880000000000001,0.6880000000000001,0.6880000000000001,0.6880000000000001,0.6880000000000001,0.6880000000000001,0.6880000000000001,0.6880000000000001,0.6880000000000001,0.6880000000000001,0.6880000000000001,0.6880000000000001,0.6880000000000001,0.6880000000000001,0.6880000000000001,0.6880000000000001,0.6880000000000001,0.6880000000000001,0.6880000000000001,0.6880000000000001],"6":[0.296,0.28400000000000003,0.296,0.28400000000000003,0.296,0.28400000000000003,0.296,0.28400000000000003,0.296,0.28400000000000003,0.296,0.28400000000000003,0.296,0.28400000000000003,0.296,0.28400000000000003,0.296,0.28400000000000003,0.296,0.28400000000000003],"67":[0.984,0.984,0.984,0.984,0.984,0.984,0.984,0.984,0.984,0.984,0.984,0.984,0.984,0.984,0.984,0.984,0.984,0.984,0.984,0.984],"45":[0.352,0.352,0.352,0.352,0.352,0.352,0.352,0.352,0.352,0.352,0.352,0.352,0.352,0.352,0.352,0.352,0.352,0.352,0.352,0.352],"73":[0.912,0.912,0.912,0.912,0.912,0.912,0.912,0.912,0.912,0.912,0.912,0.912,0.912,0.912,0.912,0.912,0.912,0.912,0.912,0.912],"64":[0.392,0.396,0.392,0.396,0.392,0.396,0.392,0.396,0.392,0.396,0.392,0.396,0.392,0.396,0.392,0.396,0.392,0.396,0.392,0.396],"90":[0.368,0.368,0.368,0.368,0.368,0.368,0.368,0.368,0.368,0.368,0.368,0.368,0.368,0.368,0.368,0.368,0.368,0.368,0.368,0.368],"4":[0.448,0.448,0.448,0.448,0.448,0.448,0.448,0.448,0.448,0.448,0.448,0.448,0.448,0.448,0.448,0.448,0.448,0.448,0.448,0.448],"13":[0.672,0.672,0.672,0.672,0.672,0.672,0.672,0.672,0.672,0.672,0.672,0.672,0.672,0.672,0.672,0.672,0.672,0.672,0.672,0.672],"54":[0.936,0.936,0.936,0.936,0.936,0.936,0.936,0.936,0.936,0.936,0.936,0.936,0.936,0.936,0.936,0.936,0.936,0.936,0.936,0.936],"63":[0.364,0.384,0.364,0.384,0.364,0.384,0.364,0.384,0.364,0.384,0.364,0.384,0.364,0.384,0.364,0.384,0.364,0.384,0.364,0.384],"86":[0.552,0.548,0.552,0.548,0.552,0.548,0.552,0.548,0.552,0.548,0.552,0.548,0.552,0.548,0.552,0.548,0.552,0.548,0.552,0.548],"91":[0.528,0.528,0.528,0.528,0.528,0.528,0.528,0.528,0.528,0.528,0.528,0.528,0.528,0.528,0.528,0.528,0.528,0.528,0.528,0.528],"62":[0.308,0.312,0.308,0.312,0.308,0.312,0.308,0.312,0.308,0.312,0.308,0.312,0.308,0.312,0.308,0.312,0.308,0.312,0.308,0.312],"58":[0.228,0.228,0.228,0.228,0.228,0.228,0.228,0.228,0.228,0.228,0.228,0.228,0.228,0.228,0.228,0.228,0.228,0.228,0.228,0.228],"52":[0.964,0.964,0.964,0.964,0.964,0.964,0.964,0.964,0.964,0.964,0.964,0.964,0.964,0.964,0.964,0.964,0.964,0.964,0.964,0.964],"12":[0.584,0.584,0.584,0.584,0.584,0.584,0.584,0.584,0.584,0.584,0.584,0.584,0.584,0.584,0.584,0.584,0.584,0.584,0.584,0.584],"28":[0.868,0.868,0.868,0.868,0.868,0.868,0.868,0.868,0.868,0.868,0.868,0.868,0.868,0.868,0.868,0.868,0.868,0.868,0.868,0.868],"75":[0.496,0.496,0.496,0.496,0.496,0.496,0.496,0.496,0.496,0.496,0.496,0.496,0.496,0.496,0.496,0.496,0.496,0.496,0.496,0.496],"23":[0.996,0.996,0.996,0.996,0.996,0.996,0.996,0.996,0.996,0.996,0.996,0.996,0.996,0.996,0.996,0.996,0.996,0.996,0.996,0.996],"92":[0.368,0.368,0.368,0.368,0.368,0.368,0.368,0.368,0.368,0.368,0.368,0.368,0.368,0.368,0.368,0.368,0.368,0.368,0.368,0.368],"41":[0.468,0.47200000000000003,0.468,0.47200000000000003,0.468,0.47200000000000003,0.468,0.47200000000000003,0.468,0.47200000000000003,0.468,0.47200000000000003,0.468,0.47200000000000003,0.468,0.47200000000000003,0.468,0.47200000000000003,0.468,0.47200000000000003],"43":[0.296,0.292,0.296,0.292,0.296,0.292,0.296,0.292,0.296,0.292,0.296,0.292,0.296,0.292,0.296,0.292,0.296,0.292,0.296,0.292],"11":[0.332,0.336,0.332,0.336,0.332,0.336,0.332,0.336,0.332,0.336,0.332,0.336,0.332,0.336,0.332,0.336,0.332,0.336,0.332,0.336],"36":[0.352,0.34,0.352,0.34,0.352,0.34,0.352,0.34,0.352,0.34,0.352,0.34,0.352,0.34,0.352,0.34,0.352,0.34,0.352,0.34],"68":[0.96,0.96,0.96,0.96,0.96,0.96,0.96,0.96,0.96,0.96,0.96,0.96,0.96,0.96,0.96,0.96,0.96,0.96,0.96,0.96],"69":[0.968,0.968,0.968,0.968,0.968,0.968,0.968,0.968,0.968,0.968,0.968,0.968,0.968,0.968,0.968,0.968,0.968,0.968,0.968,0.968],"82":[0.976,0.976,0.976,0.976,0.976,0.976,0.976,0.976,0.976,0.976,0.976,0.976,0.976,0.976,0.976,0.976,0.976,0.976,0.976,0.976],"85":[0.84,0.836,0.84,0.836,0.84,0.836,0.84,0.836,0.84,0.836,0.84,0.836,0.84,0.836,0.84,0.836,0.84,0.836,0.84,0.836],"39":[0.972,0.972,0.972,0.972,0.972,0.972,0.972,0.972,0.972,0.972,0.972,0.972,0.972,0.972,0.972,0.972,0.972,0.972,0.972,0.972],"84":[0.376,0.376,0.376,0.376,0.376,0.376,0.376,0.376,0.376,0.376,0.376,0.376,0.376,0.376,0.376,0.376,0.376,0.376,0.376,0.376],"77":[0.84,0.836,0.84,0.836,0.84,0.836,0.84,0.836,0.84,0.836,0.84,0.836,0.84,0.836,0.84,0.836,0.84,0.836,0.84,0.836],"7":[0.32,0.312,0.32,0.312,0.32,0.312,0.32,0.312,0.32,0.312,0.32,0.312,0.32,0.312,0.32,0.312,0.32,0.312,0.32,0.312],"25":[0.47200000000000003,0.47200000000000003,0.47200000000000003,0.47200000000000003,0.47200000000000003,0.47200000000000003,0.47200000000000003,0.47200000000000003,0.47200000000000003,0.47200000000000003,0.47200000000000003,0.47200000000000003,0.47200000000000003,0.47200000000000003,0.47200000000000003,0.47200000000000003,0.47200000000000003,0.47200000000000003,0.47200000000000003,0.47200000000000003],"71":[0.3,0.292,0.3,0.292,0.3,0.292,0.3,0.292,0.3,0.292,0.3,0.292,0.3,0.292,0.3,0.292,0.3,0.292,0.3,0.292],"66":[0.752,0.752,0.752,0.752,0.752,0.752,0.752,0.752,0.752,0.752,0.752,0.752,0.752,0.752,0.752,0.752,0.752,0.752,0.752,0.752],"76":[0.884,0.884,0.884,0.884,0.884,0.884,0.884,0.884,0.884,0.884,0.884,0.884,0.884,0.884,0.884,0.884,0.884,0.884,0.884,0.884],"34":[0.336,0.324,0.336,0.324,0.336,0.324,0.336,0.324,0.336,0.324,0.336,0.324,0.336,0.324,0.336,0.324,0.336,0.324,0.336,0.324],"50":[0.484,0.48,0.484,0.48,0.484,0.48,0.484,0.48,0.484,0.48,0.484,0.48,0.484,0.48,0.484,0.48,0.484,0.48,0.484,0.48],"59":[0.508,0.508,0.508,0.508,0.508,0.508,0.508,0.508,0.508,0.508,0.508,0.508,0.508,0.508,0.508,0.508,0.508,0.508,0.508,0.508],"2":[0.864,0.864,0.864,0.864,0.864,0.864,0.864,0.864,0.864,0.864,0.864,0.864,0.864,0.864,0.864,0.864,0.864,0.864,0.864,0.864],"10":[0.9480000000000001,0.9480000000000001,0.9480000000000001,0.9480000000000001,0.9480000000000001,0.9480000000000001,0.9480000000000001,0.9480000000000001,0.9480000000000001,0.9480000000000001,0.9480000000000001,0.9480000000000001,0.9480000000000001,0.9480000000000001,0.9480000000000001,0.9480000000000001,0.9480000000000001,0.9480000000000001,0.9480000000000001,0.9480000000000001],