{"5":[0.552,0.552,0.552,0.552,0.552,0.552,0.552,0.552,0.552,0.552,0.552,0.552,0.552,0.552,0.552,0.552,0.552,0.552,0.552,0.552],"56":[0.968,0.968,0.968,0.968,0.968,0.968,0.968,0.968,0.968,0.968,0.968,0.968,0.968,0.968,0.968,0.968,0.968,0.968,0.968,0.968],"35":[0.552,0.552,0.552,0.552,0.552,0.552,0.552,0.552,0.552,0.552,0.552,0.552,0.552,0.552,0.552,0.552,0.552,0.552,0.552,0.552],"55":[0.924,0.924,0.924,0.924,0.924,0.924,0.924,0.924,0.924,0.924,0.924,0.924,0.924,0.924,0.924,0.924,0.924,0.924,0.924,0.924],"60":[0.40800000000000003,0.40800000000000003,0.40800000000000003,0.40800000000000003,0.40800000000000003,0.40800000000000003,0.40800000000000003,0.40800000000000003,0.40800000000000003,0.40800000000000003,0.40800000000000003,0.40800000000000003,0.40800000000000003,0.40800000000000003,0.40800000000000003,0.40800000000000003,0.40800000000000003,0.40800000000000003,0.40800000000000003,0.40800000000000003],"30":[0.452,0.452,0.452,0.452,0.452,0.452,0.452,0.452,0.452,0.452,0.452,0.452,0.452,0.452,0.452,0.452,0.452,0.452,0.452,0.452],"32":[0.96,0.96,0.96,0.96,0.96,0.96,0.96,0.96,0.96,0.96,0.96,0.96,0.96,0.96,0.96,0.96,0.96,0.96,0.96,0.96],"6":[0.9520000000000001,0.9560000000000001,0.9520000000000001,0.9560000000000001,0.9520000000000001,0.9560000000000001,0.9520000000000001,0.9560000000000001,0.9520000000000001,0.9560000000000001,0.9520000000000001,0.9560000000000001,0.9520000000000001,0.9560000000000001,0.9520000000000001,0.9560000000000001,0.9520000000000001,0.9560000000000001,0.9520000000000001,0.9560000000000001],"67":[0.9520000000000001,0.9520000000000001,0.9520000000000001,0.9520000000000001,0.9520000000000001,0.9520000000000001,0.9520000000000001,0.9520000000000001,0.9520000000000001,0.9520000000000001,0.9520000000000001,0.9520000000000001,0.9520000000000001,0.9520000000000001,0.9520000000000001,0.9520000000000001,0.9520000000000001,0.9520000000000001,0.9520000000000001,0.9520000000000001],"45":[0.984,0.984,0.984,0.984,0.984,0.984,0.984,0.984,0.984,0.984,0.984,0.984,0.984,0.984,0.984,0.984,0.984,0.984,0.984,0.984],"73":[0.364,0.364,0.364,0.364,0.364,0.364,0.364,0.364,0.364,0.364,0.364,0.364,0.364,0.364,0.364,0.364,0.364,0.364,0.364,0.364],"64":[0.384,0.384,0.384,0.384,0.384,0.384,0.384,0.384,0.384,0.384,0.384,0.384,0.384,0.384,0.384,0.384,0.384,0.384,0.384,0.384],"90":[0.98,0.984,0.98,0.984,0.98,0.984,0.98,0.984,0.98,0.984,0.98,0.984,0.98,0.984,0.98,0.984,0.98,0.984,0.98,0.984],"4":[0.88,0.88,0.88,0.88,0.88,0.88,0.88,0.88,0.88,0.88,0.88,0.88,0.88,0.88,0.88,0.88,0.88,0.88,0.88,0.88],"13":[0.896,0.896,0.896,0.896,0.896,0.896,0.896,0.896,0.896,0.896,0.896,0.896,0.896,0.896,0.896,0.896,0.896,0.896,0.896,0.896],"54":[0.976,0.976,0.976,0.976,0.976,0.976,0.976,0.976,0.976,0.976,0.976,0.976,0.976,0.976,0.976,0.976,0.976,0.976,0.976,0.976],"63":[0.984,0.988,0.984,0.988,0.984,0.988,0.984,0.988,0.984,0.988,0.984,0.988,0.984,0.988,0.984,0.988,0.984,0.988,0.984,0.988],"86":[0.852,0.852,0.852,0.852,0.852,0.852,0.852,0.852,0.852,0.852,0.852,0.852,0.852,0.852,0.852,0.852,0.852,0.852,0.852,0.852],"91":[0.9520000000000001,0.9560000000000001,0.9520000000000001,0.9560000000000001,0.9520000000000001,0.9560000000000001,0.9520000000000001,0.9560000000000001,0.9520000000000001,0.9560000000000001,0.9520000000000001,0.9560000000000001,0.9520000000000001,0.9560000000000001,0.9520000000000001,0.9560000000000001,0.9520000000000001,0.9560000000000001,0.9520000000000001,0.9560000000000001],"62":[0.368,0.364,0.368,0.364,0.368,0.364,0.368,0.364,0.368,0.364,0.368,0.364,0.368,0.364,0.368,0.364,0.368,0.364,0.368,0.364],"58":[0.908,0.908,0.908,0.908,0.908,0.908,0.908,0.908,0.908,0.908,0.908,0.908,0.908,0.908,0.908,0.908,0.908,0.908,0.908,0.908],"52":[0.552,0.552,0.552,0.552,0.552,0.552,0.552,0.552,0.552,0.552,0.552,0.552,0.552,0.552,0.552,0.552,0.552,0.552,0.552,0.552],"12":[0.508,0.508,0.508,0.508,0.508,0.508,0.508,0.508,0.508,0.508,0.508,0.508,0.508,0.508,0.508,0.508,0.508,0.508,0.508,0.508],"28":[0.648,0.64,0.648,0.64,0.648,0.64,0.648,0.64,0.648,0.64,0.648,0.64,0.648,0.64,0.648,0.64,0.648,0.64,0.648,0.64],"75":[0.9440000000000001,0.9440000000000001,0.9440000000000001,0.9440000000000001,0.9440000000000001,0.9440000000000001,0.9440000000000001,0.9440000000000001,0.9440000000000001,0.9440000000000001,0.9440000000000001,0.9440000000000001,0.9440000000000001,0.9440000000000001,0.9440000000000001,0.9440000000000001,0.9440000000000001,0.9440000000000001,0.9440000000000001,0.9440000000000001],"23":[0.34,0.34,0.34,0.34,0.34,0.34,0.34,0.34,0.34,0.34,0.34,0.34,0.34,0.34,0.34,0.34,0.34,0.34,0.34,0.34],"92":[0.456,0.456,0.456,0.456,0.456,0.456,0.456,0.456,0.456,0.456,0.456,0.456,0.456,0.456,0.456,0.456,0.456,0.456,0.456,0.456],"41":[0.508,0.508,0.508,0.508,0.508,0.508,0.508,0.508,0.508,0.508,0.508,0.508,0.508,0.508,0.508,0.508,0.508,0.508,0.508,0.508],"43":[0.392,0.396,0.392,0.396,0.392,0.396,0.392,0.396,0.392,0.396,0.392,0.396,0.392,0.396,0.392,0.396,0.392,0.396,0.392,0.396],"11":[0.544,0.56,0.544,0.56,0.544,0.56,0.544,0.56,0.544,0.56,0.544,0.56,0.544,0.56,0.544,0.56,0.544,0.56,0.544,0.56],"36":[0.352,0.34800000000000003,0.352,0.34800000000000003,0.352,0.34800000000000003,0.352,0.34800000000000003,0.352,0.34800000000000003,0.352,0.34800000000000003,0.352,0.34800000000000003,0.352,0.34800000000000003,0.352,0.34800000000000003,0.352,0.34800000000000003],"68":[0.536,0.536,0.536,0.536,0.536,0.536,0.536,0.536,0.536,0.536,0.536,0.536,0.536,0.536,0.536,0.536,0.536,0.536,0.536,0.536],"69":[0.31,0.312,0.31,0.312,0.31,0.312,0.31,0.312,0.31,0.312,0.31,0.312,0.31,0.312,0.31,0.312,0.31,0.312,0.31,0.312],"82":[0.908,0.908,0.908,0.908,0.908,0.908,0.908,0.908,0.908,0.908,0.908,0.908,0.908,0.908,0.908,0.908,0.908,0.908,0.908,0.908],"85":[0.86,0.86,0.86,0.86,0.86,0.86,0.86,0.86,0.86,0.86,0.86,0.86,0.86,0.86,0.86,0.86,0.86,0.86,0.86,0.86],"39":[0.772,0.772,0.772,0.772,0.772,0.772,0.772,0.772,0.772,0.772,0.772,0.772,0.772,0.772,0.772,0.772,0.772,0.772,0.772,0.772],"84":[0.308,0.308,0.308,0.308,0.308,0.308,0.308,0.308,0.308,0.308,0.308,0.308,0.308,0.308,0.308,0.308,0.308,0.308,0.308,0.308],"77":[0.992,0.992,0.992,0.992,0.992,0.992,0.992,0.992,0.992,0.992,0.992,0.992,0.992,0.992,0.992,0.992,0.992,0.992,0.992,0.992],"7":[0.5,0.504,0.5,0.504,0.5,0.504,0.5,0.504,0.5,0.504,0.5,0.504,0.5,0.504,0.5,0.504,0.5,0.504,0.5,0.504],"25":[0.47200000000000003,0.47200000000000003,0.47200000000000003,0.47200000000000003,0.47200000000000003,0.47200000000000003,0.47200000000000003,0.47200000000000003,0.47200000000000003,0.47200000000000003,0.47200000000000003,0.47200000000000003,0.47200000000000003,0.47200000000000003,0.47200000000000003,0.47200000000000003,0.47200000000000003,0.47200000000000003,0.47200000000000003,0.47200000000000003],"71":[0.516,0.528,0.516,0.528,0.516,0.528,0.516,0.528,0.516,0.528,0.516,0.528,0.516,0.528,0.516,0.528,0.516,0.528,0.516,0.528],"66":[0.96,0.96,0.96,0.96,0.96,0.96,0.96,0.96,0.96,0.96,0.96,0.96,0.96,0.96,0.96,0.96,0.96,0.96,0.96,0.96],"76":[0.452,0.44,0.452,0.44,0.452,0.44,0.452,0.44,0.452,0.44,0.452,0.44,0.452,0.44,0.452,0.44,0.452,0.44,0.452,0.44],"34":[0.404,0.404,0.404,0.404,0.404,0.404,0.404,0.404,0.404,0.404,0.404,0.404,0.404,0.404,0.404,0.404,0.404,0.404,0.404,0.404],"50":[0.836,0.836,0.836,0.836,0.836,0.836,0.836,0.836,0.836,0.836,0.836,0.836,0.836,0.836,0.836,0.836,0.836,0.836,0.836,0.836],"59":[0.9,0.896,0.9,0.896,0.9,0.896,0.9,0.896,0.9,0.896,0.9,0.896,0.9,0.896,0.9,0.896,0.9,0.896,0.9,0.896],"93":[0.54,0.552,0.54,0.552,0.54,0.552,0.54,0.552,0.54,0.552,0.54,0.552,0.54,0.552,0.54,0.552,0.54,0.552,0.54,0.552],"2":[0.9400000000000001,0.928,0.9400000000000001,0.928,0.9400000000000001,0.928,0.9400000000000001,0.928,0.9400000000000001,0.928,0.9400000000000001,0.928,0.9400000000000001,0.928,0.9400000000000001,0.928,0.9400000000000001,0.928,0.9400000000000001,0.928],"10":[0.724,0.724,0.724,0.724,0.724,0.724,0.724,0.724,0.724,0.724,0.724,0.724,0.724,0.724,0.724,0.724,0.724,0.724,0.724,0.724],