{"5":[0.998,0.998,0.998,0.998,0.998,0.998,0.998,0.998,0.998,0.998,0.998,0.998,0.998,0.998,0.998,0.998,0.998,0.998,0.998,0.998],"56":[0.744,0.736,0.744,0.736,0.744,0.736,0.744,0.736,0.744,0.736,0.744,0.736,0.744,0.736,0.744,0.736,0.744,0.736,0.744,0.736],"35":[0.92,0.92,0.92,0.92,0.92,0.92,0.92,0.92,0.92,0.92,0.92,0.92,0.92,0.92,0.92,0.92,0.92,0.92,0.92,0.92],"55":[0.9440000000000001,0.9440000000000001,0.9440000000000001,0.9440000000000001,0.9440000000000001,0.9440000000000001,0.9440000000000001,0.9440000000000001,0.9440000000000001,0.9440000000000001,0.9440000000000001,0.9440000000000001,0.9440000000000001,0.9440000000000001,0.9440000000000001,0.9440000000000001,0.9440000000000001,0.9440000000000001,0.9440000000000001,0.9440000000000001],"60":[0.996,0.996,0.996,0.996,0.996,0.996,0.996,0.996,0.996,0.996,0.996,0.996,0.996,0.996,0.996,0.996,0.996,0.996,0.996,0.996],"30":[0.432,0.432,0.432,0.432,0.432,0.432,0.432,0.432,0.432,0.432,0.432,0.432,0.432,0.432,0.432,0.432,0.432,0.432,0.432,0.432],"32":[0.924,0.924,0.924,0.924,0.924,0.924,0.924,0.924,0.924,0.924,0.924,0.924,0.924,0.924,0.924,0.924,0.924,0.924,0.924,0.924],"6":[0.996,0.996,0.996,0.996,0.996,0.996,0.996,0.996,0.996,0.996,0.996,0.996,0.996,0.996,0.996,0.996,0.996,0.996,0.996,0.996],"67":[0.98,0.98,0.98,0.98,0.98,0.98,0.98,0.98,0.98,0.98,0.98,0.98,0.98,0.98,0.98,0.98,0.98,0.98,0.98,0.98],"45":[0.772,0.768,0.772,0.768,0.772,0.768,0.772,0.768,0.772,0.768,0.772,0.768,0.772,0.768,0.772,0.768,0.772,0.768,0.772,0.768],"73":[0.584,0.584,0.584,0.584,0.584,0.584,0.584,0.584,0.584,0.584,0.584,0.584,0.584,0.584,0.584,0.584,0.584,0.584,0.584,0.584],"64":[0.41600000000000004,0.41600000000000004,0.41600000000000004,0.41600000000000004,0.41600000000000004,0.41600000000000004,0.41600000000000004,0.41600000000000004,0.41600000000000004,0.41600000000000004,0.41600000000000004,0.41600000000000004,0.41600000000000004,0.41600000000000004,0.41600000000000004,0.41600000000000004,0.41600000000000004,0.41600000000000004,0.41600000000000004,0.41600000000000004],"4":[0.9520000000000001,0.9520000000000001,0.9520000000000001,0.9520000000000001,0.9520000000000001,0.9520000000000001,0.9520000000000001,0.9520000000000001,0.9520000000000001,0.9520000000000001,0.9520000000000001,0.9520000000000001,0.9520000000000001,0.9520000000000001,0.9520000000000001,0.9520000000000001,0.9520000000000001,0.9520000000000001,0.9520000000000001,0.9520000000000001],"13":[0.74,0.74,0.74,0.74,0.74,0.74,0.74,0.74,0.74,0.74,0.74,0.74,0.74,0.74,0.74,0.74,0.74,0.74,0.74,0.74],"54":[0.56,0.5640000000000001,0.56,0.5640000000000001,0.56,0.5640000000000001,0.56,0.5640000000000001,0.56,0.5640000000000001,0.56,0.5640000000000001,0.56,0.5640000000000001,0.56,0.5640000000000001,0.56,0.5640000000000001,0.56,0.5640000000000001],"63":[0.996,0.996,0.996,0.996,0.996,0.996,0.996,0.996,0.996,0.996,0.996,0.996,0.996,0.996,0.996,0.996,0.996,0.996,0.996,0.996],"62":[0.42,0.42,0.42,0.42,0.42,0.42,0.42,0.42,0.42,0.42,0.42,0.42,0.42,0.42,0.42,0.42,0.42,0.42,0.42,0.42],"58":[0.508,0.508,0.508,0.508,0.508,0.508,0.508,0.508,0.508,0.508,0.508,0.508,0.508,0.508,0.508,0.508,0.508,0.508,0.508,0.508],"52":[0.984,0.984,0.984,0.984,0.984,0.984,0.984,0.984,0.984,0.984,0.984,0.984,0.984,0.984,0.984,0.984,0.984,0.984,0.984,0.984],"12":[0.996,0.996,0.996,0.996,0.996,0.996,0.996,0.996,0.996,0.996,0.996,0.996,0.996,0.996,0.996,0.996,0.996,0.996,0.996,0.996],"28":[0.988,0.988,0.988,0.988,0.988,0.988,0.988,0.988,0.988,0.988,0.988,0.988,0.988,0.988,0.988,0.988,0.988,0.988,0.988,0.988],"23":[0.704,0.708,0.704,0.708,0.704,0.708,0.704,0.708,0.704,0.708,0.704,0.708,0.704,0.708,0.704,0.708,0.704,0.708,0.704,0.708],"41":[0.988,0.988,0.988,0.988,0.988,0.988,0.988,0.988,0.988,0.988,0.988,0.988,0.988,0.988,0.988,0.988,0.988,0.988,0.988,0.988],"43":[0.756,0.756,0.756,0.756,0.756,0.756,0.756,0.756,0.756,0.756,0.756,0.756,0.756,0.756,0.756,0.756,0.756,0.756,0.756,0.756],"11":[0.588,0.588,0.588,0.588,0.588,0.588,0.588,0.588,0.588,0.588,0.588,0.588,0.588,0.588,0.588,0.588,0.588,0.588,0.588,0.588],"36":[0.868,0.868,0.868,0.868,0.868,0.868,0.868,0.868,0.868,0.868,0.868,0.868,0.868,0.868,0.868,0.868,0.868,0.868,0.868,0.868],"68":[0.992,0.992,0.992,0.992,0.992,0.992,0.992,0.992,0.992,0.992,0.992,0.992,0.992,0.992,0.992,0.992,0.992,0.992,0.992,0.992],"69":[0.996,0.996,0.996,0.996,0.996,0.996,0.996,0.996,0.996,0.996,0.996,0.996,0.996,0.996,0.996,0.996,0.996,0.996,0.996,0.996],"39":[0.972,0.972,0.972,0.972,0.972,0.972,0.972,0.972,0.972,0.972,0.972,0.972,0.972,0.972,0.972,0.972,0.972,0.972,0.972,0.972],"7":[0.992,0.992,0.992,0.992,0.992,0.992,0.992,0.992,0.992,0.992,0.992,0.992,0.992,0.992,0.992,0.992,0.992,0.992,0.992,0.992],"25":[0.38,0.388,0.38,0.388,0.38,0.388,0.38,0.388,0.38,0.388,0.38,0.388,0.38,0.388,0.38,0.388,0.38,0.388,0.38,0.388],"71":[0.96,0.96,0.96,0.96,0.96,0.96,0.96,0.96,0.96,0.96,0.96,0.96,0.96,0.96,0.96,0.96,0.96,0.96,0.96,0.96],"66":[0.556,0.556,0.556,0.556,0.556,0.556,0.556,0.556,0.556,0.556,0.556,0.556,0.556,0.556,0.556,0.556,0.556,0.556,0.556,0.556],"34":[0.984,0.984,0.984,0.984,0.984,0.984,0.984,0.984,0.984,0.984,0.984,0.984,0.984,0.984,0.984,0.984,0.984,0.984,0.984,0.984],"50":[0.868,0.876,0.868,0.876,0.868,0.876,0.868,0.876,0.868,0.876,0.868,0.876,0.868,0.876,0.868,0.876,0.868,0.876,0.868,0.876],"59":[1.0,1.0,1.0,1.0,1.0,1.0,1.0,1.0,1.0,1.0,1.0,1.0,1.0,1.0,1.0,1.0,1.0,1.0,1.0,1.0],"2":[0.452,0.452,0.452,0.452,0.452,0.452,0.452,0.452,0.452,0.452,0.452,0.452,0.452,0.452,0.452,0.452,0.452,0.452,0.452,0.452],"10":[0.976,0.976,0.976,0.976,0.976,0.976,0.976,0.976,0.976,0.976,0.976,0.976,0.976,0.976,0.976,0.976,0.976,0.976,0.976,0.976],"18":[0.532,0.536,0.532,0.536,0.532,0.536,0.532,0.536,0.532,0.536,0.532,0.536,0.532,0.536,0.532,0.536,0.532,0.536,0.532,0.536],"26":[0.392,0.392,0.392,0.392,0.392,0.392,0.392,0.392,0.392,0.392,0.392,0.392,0.392,0.392,0.392,0.392,0.392,0.392,0.392,0.392],"27":[0.54,0.54,0.54,0.54,0.54,0.54,0.54,0.54,0.54,0.54,0.54,0.54,0.54,0.54,0.54,0.54,0.54,0.54,0.54,0.54],"42":[0.724,0.724,0.724,0.724,0.724,0.724,0.724,0.724,0.724,0.724,0.724,0.724,0.724,0.724,0.724,0.724,0.724,0.724,0.724,0.724],"16":[0.9400000000000001,0.9400000000000001,0.9400000000000001,0.9400000000000001,0.9400000000000001,0.9400000000000001,0.9400000000000001,0.9400000000000001,0.9400000000000001,0.9400000000000001,0.9400000000000001,0.9400000000000001,0.9400000000000001,0.9400000000000001,0.9400000000000001,0.9400000000000001,0.9400000000000001,0.9400000000000001,0.9400000000000001,0.9400000000000001],"20":[0.984,0.984,0.984,0.984,0.984,0.984,0.984,0.984,0.984,0.984,0.984,0.984,0.984,0.984,0.984,0.984,0.984,0.984,0.984,0.984],"19":[0.98,0.984,0.98,0.984,0.98,0.984,0.98,0.984,0.98,0.984,0.98,0.984,0.98,0.984,0.98,0.984,0.98,0.984,0.98,0.984],"49":[0.9520000000000001,0.9520000000000001,0.9520000000000001,0.9520000000000001,0.9520000000000001,0.9520000000000001,0.9520000000000001,0.9520000000000001,0.9520000000000001,0.9520000000000001,0.9520000000000001,0.9520000000000001,0.9520000000000001,0.9520000000000001,0.9520000000000001,0.9520000000000001,0.9520000000000001,0.9520000000000001,0.9520000000000001,0.9520000000000001],"44":[0.98,0.98,0.98,0.98,0.98,0.98,0.98,0.98,0.98,0.98,0.98,0.98,0.98,0.98,0.98,0.98,0.98,0.98,0.98,0.98],"9":[1.0,1.0,1.0,1.0,1.0,1.0,1.0,1.0,1.0,1.0,1.0,1.0,1.0,1.0,1.0,1.0,1.0,1.0,1.0,1.0],"31":[1.0,1.0,1.0,1.0,1.0,1.0,1.0,1.0,1.0,1.0,1.0,1.0,1.0,1.0,1.0,1.0,1.0,1.0,1.0,1.0],"74":[1.0,1.0,1.0,1.0,1.0,1.0,1.0,1.0,1.0,1.0,1.0,1.0,1.0,1.0,1.0,1.0,1.0,1.0,1.0,1.0],"61":[0.712,0.712,0.712,0.712,0.712,0.712,0.712,0.712,0.712,0.712,0.712,0.712,0.712,0.712,0.712,0.712,0.712,0.712,0.712,0.712],"29":[0.992,0.992,0.992,0.992,0.992,0.992,0.992,0.992,0.992,0.992,0.992,0.992,0.992,0.992,0.992,0.992,0.992,0.992,0.992,0.992],"46":[1.0,1.0,1.0,1.0,1.0,1.0,1.0,1.0,1.0,1.0,1.0,1.0,1.0,1.0,1.0,1.0,1.0,1.0,1.0,1.0],"57":[0.976,0.976,0.976,0.976,0.976,0.976,0.976,0.976,0.976,0.976,0.976,0.976,0.976,0.976,0.976,0.976,0.976,0.976,0.976,0.976],