{"5":[0.764,0.788,0.764,0.788,0.764,0.788,0.764,0.788,0.764,0.788,0.764,0.788,0.764,0.788,0.764,0.788,0.764,0.788,0.764,0.788],"56":[0.244,0.248,0.244,0.248,0.244,0.248,0.244,0.248,0.244,0.248,0.244,0.248,0.244,0.248,0.244,0.248,0.244,0.248,0.244,0.248],"35":[0.268,0.268,0.268,0.268,0.268,0.268,0.268,0.268,0.268,0.268,0.268,0.268,0.268,0.268,0.268,0.268,0.268,0.268,0.268,0.268],"55":[0.928,0.928,0.928,0.928,0.928,0.928,0.928,0.928,0.928,0.928,0.928,0.928,0.928,0.928,0.928,0.928,0.928,0.928,0.928,0.928],"60":[0.796,0.796,0.796,0.796,0.796,0.796,0.796,0.796,0.796,0.796,0.796,0.796,0.796,0.796,0.796,0.796,0.796,0.796,0.796,0.796],"30":[0.264,0.264,0.264,0.264,0.264,0.264,0.264,0.264,0.264,0.264,0.264,0.264,0.264,0.264,0.264,0.264,0.264,0.264,0.264,0.264],"32":[0.752,0.752,0.752,0.752,0.752,0.752,0.752,0.752,0.752,0.752,0.752,0.752,0.752,0.752,0.752,0.752,0.752,0.752,0.752,0.752],"6":[0.556,0.56,0.556,0.56,0.556,0.56,0.556,0.56,0.556,0.56,0.556,0.56,0.556,0.56,0.556,0.56,0.556,0.56,0.556,0.56],"67":[0.34,0.34800000000000003,0.34,0.34800000000000003,0.34,0.34800000000000003,0.34,0.34800000000000003,0.34,0.34800000000000003,0.34,0.34800000000000003,0.34,0.34800000000000003,0.34,0.34800000000000003,0.34,0.34800000000000003,0.34,0.34800000000000003],"45":[0.924,0.924,0.924,0.924,0.924,0.924,0.924,0.924,0.924,0.924,0.924,0.924,0.924,0.924,0.924,0.924,0.924,0.924,0.924,0.924],"73":[0.41600000000000004,0.42,0.41600000000000004,0.42,0.41600000000000004,0.42,0.41600000000000004,0.42,0.41600000000000004,0.42,0.41600000000000004,0.42,0.41600000000000004,0.42,0.41600000000000004,0.42,0.41600000000000004,0.42,0.41600000000000004,0.42],"64":[0.328,0.34400000000000003,0.328,0.34400000000000003,0.328,0.34400000000000003,0.328,0.34400000000000003,0.328,0.34400000000000003,0.328,0.34400000000000003,0.328,0.34400000000000003,0.328,0.34400000000000003,0.328,0.34400000000000003,0.328,0.34400000000000003],"90":[0.976,0.976,0.976,0.976,0.976,0.976,0.976,0.976,0.976,0.976,0.976,0.976,0.976,0.976,0.976,0.976,0.976,0.976,0.976,0.976],"4":[0.3,0.3,0.3,0.3,0.3,0.3,0.3,0.3,0.3,0.3,0.3,0.3,0.3,0.3,0.3,0.3,0.3,0.3,0.3,0.3],"13":[0.672,0.68,0.672,0.68,0.672,0.68,0.672,0.68,0.672,0.68,0.672,0.68,0.672,0.68,0.672,0.68,0.672,0.68,0.672,0.68],"54":[0.308,0.308,0.308,0.308,0.308,0.308,0.308,0.308,0.308,0.308,0.308,0.308,0.308,0.308,0.308,0.308,0.308,0.308,0.308,0.308],"63":[0.9480000000000001,0.9480000000000001,0.9480000000000001,0.9480000000000001,0.9480000000000001,0.9480000000000001,0.9480000000000001,0.9480000000000001,0.9480000000000001,0.9480000000000001,0.9480000000000001,0.9480000000000001,0.9480000000000001,0.9480000000000001,0.9480000000000001,0.9480000000000001,0.9480000000000001,0.9480000000000001,0.9480000000000001,0.9480000000000001],"86":[0.26,0.264,0.26,0.264,0.26,0.264,0.26,0.264,0.26,0.264,0.26,0.264,0.26,0.264,0.26,0.264,0.26,0.264,0.26,0.264],"62":[0.436,0.436,0.436,0.436,0.436,0.436,0.436,0.436,0.436,0.436,0.436,0.436,0.436,0.436,0.436,0.436,0.436,0.436,0.436,0.436],"58":[0.9480000000000001,0.9480000000000001,0.9480000000000001,0.9480000000000001,0.9480000000000001,0.9480000000000001,0.9480000000000001,0.9480000000000001,0.9480000000000001,0.9480000000000001,0.9480000000000001,0.9480000000000001,0.9480000000000001,0.9480000000000001,0.9480000000000001,0.9480000000000001,0.9480000000000001,0.9480000000000001,0.9480000000000001,0.9480000000000001],"52":[0.48,0.48,0.48,0.48,0.48,0.48,0.48,0.48,0.48,0.48,0.48,0.48,0.48,0.48,0.48,0.48,0.48,0.48,0.48,0.48],"12":[0.8320000000000001,0.8320000000000001,0.8320000000000001,0.8320000000000001,0.8320000000000001,0.8320000000000001,0.8320000000000001,0.8320000000000001,0.8320000000000001,0.8320000000000001,0.8320000000000001,0.8320000000000001,0.8320000000000001,0.8320000000000001,0.8320000000000001,0.8320000000000001,0.8320000000000001,0.8320000000000001,0.8320000000000001,0.8320000000000001],"28":[0.8160000000000001,0.8200000000000001,0.8160000000000001,0.8200000000000001,0.8160000000000001,0.8200000000000001,0.8160000000000001,0.8200000000000001,0.8160000000000001,0.8200000000000001,0.8160000000000001,0.8200000000000001,0.8160000000000001,0.8200000000000001,0.8160000000000001,0.8200000000000001,0.8160000000000001,0.8200000000000001,0.8160000000000001,0.8200000000000001],"75":[0.924,0.924,0.924,0.924,0.924,0.924,0.924,0.924,0.924,0.924,0.924,0.924,0.924,0.924,0.924,0.924,0.924,0.924,0.924,0.924],"23":[0.32,0.32,0.32,0.32,0.32,0.32,0.32,0.32,0.32,0.32,0.32,0.32,0.32,0.32,0.32,0.32,0.32,0.32,0.32,0.32],"41":[0.996,0.996,0.996,0.996,0.996,0.996,0.996,0.996,0.996,0.996,0.996,0.996,0.996,0.996,0.996,0.996,0.996,0.996,0.996,0.996],"43":[0.464,0.464,0.464,0.464,0.464,0.464,0.464,0.464,0.464,0.464,0.464,0.464,0.464,0.464,0.464,0.464,0.464,0.464,0.464,0.464],"11":[0.756,0.756,0.756,0.756,0.756,0.756,0.756,0.756,0.756,0.756,0.756,0.756,0.756,0.756,0.756,0.756,0.756,0.756,0.756,0.756],"36":[0.9560000000000001,0.96,0.9560000000000001,0.96,0.9560000000000001,0.96,0.9560000000000001,0.96,0.9560000000000001,0.96,0.9560000000000001,0.96,0.9560000000000001,0.96,0.9560000000000001,0.96,0.9560000000000001,0.96,0.9560000000000001,0.96],"68":[0.612,0.616,0.612,0.616,0.612,0.616,0.612,0.616,0.612,0.616,0.612,0.616,0.612,0.616,0.612,0.616,0.612,0.616,0.612,0.616],"69":[0.4,0.404,0.4,0.404,0.4,0.404,0.4,0.404,0.4,0.404,0.4,0.404,0.4,0.404,0.4,0.404,0.4,0.404,0.4,0.404],"82":[0.34,0.34,0.34,0.34,0.34,0.34,0.34,0.34,0.34,0.34,0.34,0.34,0.34,0.34,0.34,0.34,0.34,0.34,0.34,0.34],"85":[0.424,0.424,0.424,0.424,0.424,0.424,0.424,0.424,0.424,0.424,0.424,0.424,0.424,0.424,0.424,0.424,0.424,0.424,0.424,0.424],"39":[0.428,0.428,0.428,0.428,0.428,0.428,0.428,0.428,0.428,0.428,0.428,0.428,0.428,0.428,0.428,0.428,0.428,0.428,0.428,0.428],"84":[0.9480000000000001,0.9480000000000001,0.9480000000000001,0.9480000000000001,0.9480000000000001,0.9480000000000001,0.9480000000000001,0.9480000000000001,0.9480000000000001,0.9480000000000001,0.9480000000000001,0.9480000000000001,0.9480000000000001,0.9480000000000001,0.9480000000000001,0.9480000000000001,0.9480000000000001,0.9480000000000001,0.9480000000000001,0.9480000000000001],"77":[0.252,0.252,0.252,0.252,0.252,0.252,0.252,0.252,0.252,0.252,0.252,0.252,0.252,0.252,0.252,0.252,0.252,0.252,0.252,0.252],"7":[0.34,0.34,0.34,0.34,0.34,0.34,0.34,0.34,0.34,0.34,0.34,0.34,0.34,0.34,0.34,0.34,0.34,0.34,0.34,0.34],"25":[0.392,0.392,0.392,0.392,0.392,0.392,0.392,0.392,0.392,0.392,0.392,0.392,0.392,0.392,0.392,0.392,0.392,0.392,0.392,0.392],"71":[0.524,0.524,0.524,0.524,0.524,0.524,0.524,0.524,0.524,0.524,0.524,0.524,0.524,0.524,0.524,0.524,0.524,0.524,0.524,0.524],"66":[0.332,0.332,0.332,0.332,0.332,0.332,0.332,0.332,0.332,0.332,0.332,0.332,0.332,0.332,0.332,0.332,0.332,0.332,0.332,0.332],"76":[0.424,0.41600000000000004,0.424,0.41600000000000004,0.424,0.41600000000000004,0.424,0.41600000000000004,0.424,0.41600000000000004,0.424,0.41600000000000004,0.424,0.41600000000000004,0.424,0.41600000000000004,0.424,0.41600000000000004,0.424,0.41600000000000004],"34":[0.44,0.44,0.44,0.44,0.44,0.44,0.44,0.44,0.44,0.44,0.44,0.44,0.44,0.44,0.44,0.44,0.44,0.44,0.44,0.44],"50":[0.32,0.32,0.32,0.32,0.32,0.32,0.32,0.32,0.32,0.32,0.32,0.32,0.32,0.32,0.32,0.32,0.32,0.32,0.32,0.32],"59":[0.364,0.372,0.364,0.372,0.364,0.372,0.364,0.372,0.364,0.372,0.364,0.372,0.364,0.372,0.364,0.372,0.364,0.372,0.364,0.372],"2":[0.352,0.352,0.352,0.352,0.352,0.352,0.352,0.352,0.352,0.352,0.352,0.352,0.352,0.352,0.352,0.352,0.352,0.352,0.352,0.352],"10":[0.36,0.36,0.36,0.36,0.36,0.36,0.36,0.36,0.36,0.36,0.36,0.36,0.36,0.36,0.36,0.36,0.36,0.36,0.36,0.36],"18":[0.88,0.88,0.88,0.88,0.88,0.88,0.88,0.88,0.88,0.88,0.88,0.88,0.88,0.88,0.88,0.88,0.88,0.88,0.88,0.88],