{"5":[1.0,1.0,1.0,1.0,1.0,1.0,1.0,1.0,1.0,1.0,1.0,1.0,1.0,1.0,1.0,1.0,1.0,1.0,1.0,1.0],"56":[0.92,0.92,0.92,0.92,0.92,0.92,0.92,0.92,0.92,0.92,0.92,0.92,0.92,0.92,0.92,0.92,0.92,0.92,0.92,0.92],"35":[0.932,0.932,0.932,0.932,0.932,0.932,0.932,0.932,0.932,0.932,0.932,0.932,0.932,0.932,0.932,0.932,0.932,0.932,0.932,0.932],"55":[0.292,0.3,0.292,0.3,0.292,0.3,0.292,0.3,0.292,0.3,0.292,0.3,0.292,0.3,0.292,0.3,0.292,0.3,0.292,0.3],"60":[0.34,0.34,0.34,0.34,0.34,0.34,0.34,0.34,0.34,0.34,0.34,0.34,0.34,0.34,0.34,0.34,0.34,0.34,0.34,0.34],"30":[0.92,0.92,0.92,0.92,0.92,0.92,0.92,0.92,0.92,0.92,0.92,0.92,0.92,0.92,0.92,0.92,0.92,0.92,0.92,0.92],"32":[0.908,0.908,0.908,0.908,0.908,0.908,0.908,0.908,0.908,0.908,0.908,0.908,0.908,0.908,0.908,0.908,0.908,0.908,0.908,0.908],"6":[0.888,0.888,0.888,0.888,0.888,0.888,0.888,0.888,0.888,0.888,0.888,0.888,0.888,0.888,0.888,0.888,0.888,0.888,0.888,0.888],"67":[0.992,0.992,0.992,0.992,0.992,0.992,0.992,0.992,0.992,0.992,0.992,0.992,0.992,0.992,0.992,0.992,0.992,0.992,0.992,0.992],"45":[0.976,0.976,0.976,0.976,0.976,0.976,0.976,0.976,0.976,0.976,0.976,0.976,0.976,0.976,0.976,0.976,0.976,0.976,0.976,0.976],"73":[0.488,0.484,0.488,0.484,0.488,0.484,0.488,0.484,0.488,0.484,0.488,0.484,0.488,0.484,0.488,0.484,0.488,0.484,0.488,0.484],"64":[0.9440000000000001,0.9440000000000001,0.9440000000000001,0.9440000000000001,0.9440000000000001,0.9440000000000001,0.9440000000000001,0.9440000000000001,0.9440000000000001,0.9440000000000001,0.9440000000000001,0.9440000000000001,0.9440000000000001,0.9440000000000001,0.9440000000000001,0.9440000000000001,0.9440000000000001,0.9440000000000001,0.9440000000000001,0.9440000000000001],"4":[0.916,0.916,0.916,0.916,0.916,0.916,0.916,0.916,0.916,0.916,0.916,0.916,0.916,0.916,0.916,0.916,0.916,0.916,0.916,0.916],"13":[0.984,0.984,0.984,0.984,0.984,0.984,0.984,0.984,0.984,0.984,0.984,0.984,0.984,0.984,0.984,0.984,0.984,0.984,0.984,0.984],"54":[0.316,0.316,0.316,0.316,0.316,0.316,0.316,0.316,0.316,0.316,0.316,0.316,0.316,0.316,0.316,0.316,0.316,0.316,0.316,0.316],"63":[0.992,0.992,0.992,0.992,0.992,0.992,0.992,0.992,0.992,0.992,0.992,0.992,0.992,0.992,0.992,0.992,0.992,0.992,0.992,0.992],"62":[0.968,0.968,0.968,0.968,0.968,0.968,0.968,0.968,0.968,0.968,0.968,0.968,0.968,0.968,0.968,0.968,0.968,0.968,0.968,0.968],"58":[0.6960000000000001,0.6960000000000001,0.6960000000000001,0.6960000000000001,0.6960000000000001,0.6960000000000001,0.6960000000000001,0.6960000000000001,0.6960000000000001,0.6960000000000001,0.6960000000000001,0.6960000000000001,0.6960000000000001,0.6960000000000001,0.6960000000000001,0.6960000000000001,0.6960000000000001,0.6960000000000001,0.6960000000000001,0.6960000000000001],"52":[0.324,0.312,0.324,0.312,0.324,0.312,0.324,0.312,0.324,0.312,0.324,0.312,0.324,0.312,0.324,0.312,0.324,0.312,0.324,0.312],"12":[0.908,0.904,0.908,0.904,0.908,0.904,0.908,0.904,0.908,0.904,0.908,0.904,0.908,0.904,0.908,0.904,0.908,0.904,0.908,0.904],"28":[0.352,0.36,0.352,0.36,0.352,0.36,0.352,0.36,0.352,0.36,0.352,0.36,0.352,0.36,0.352,0.36,0.352,0.36,0.352,0.36],"75":[0.452,0.452,0.452,0.452,0.452,0.452,0.452,0.452,0.452,0.452,0.452,0.452,0.452,0.452,0.452,0.452,0.452,0.452,0.452,0.452],"23":[0.992,0.992,0.992,0.992,0.992,0.992,0.992,0.992,0.992,0.992,0.992,0.992,0.992,0.992,0.992,0.992,0.992,0.992,0.992,0.992],"41":[0.384,0.384,0.384,0.384,0.384,0.384,0.384,0.384,0.384,0.384,0.384,0.384,0.384,0.384,0.384,0.384,0.384,0.384,0.384,0.384],"43":[0.292,0.292,0.292,0.292,0.292,0.292,0.292,0.292,0.292,0.292,0.292,0.292,0.292,0.292,0.292,0.292,0.292,0.292,0.292,0.292],"11":[0.368,0.368,0.368,0.368,0.368,0.368,0.368,0.368,0.368,0.368,0.368,0.368,0.368,0.368,0.368,0.368,0.368,0.368,0.368,0.368],"36":[0.488,0.496,0.488,0.496,0.488,0.496,0.488,0.496,0.488,0.496,0.488,0.496,0.488,0.496,0.488,0.496,0.488,0.496,0.488,0.496],"68":[0.972,0.972,0.972,0.972,0.972,0.972,0.972,0.972,0.972,0.972,0.972,0.972,0.972,0.972,0.972,0.972,0.972,0.972,0.972,0.972],"69":[0.464,0.464,0.464,0.464,0.464,0.464,0.464,0.464,0.464,0.464,0.464,0.464,0.464,0.464,0.464,0.464,0.464,0.464,0.464,0.464],"82":[0.636,0.636,0.636,0.636,0.636,0.636,0.636,0.636,0.636,0.636,0.636,0.636,0.636,0.636,0.636,0.636,0.636,0.636,0.636,0.636],"39":[0.396,0.396,0.396,0.396,0.396,0.396,0.396,0.396,0.396,0.396,0.396,0.396,0.396,0.396,0.396,0.396,0.396,0.396,0.396,0.396],"77":[0.34800000000000003,0.34800000000000003,0.34800000000000003,0.34800000000000003,0.34800000000000003,0.34800000000000003,0.34800000000000003,0.34800000000000003,0.34800000000000003,0.34800000000000003,0.34800000000000003,0.34800000000000003,0.34800000000000003,0.34800000000000003,0.34800000000000003,0.34800000000000003,0.34800000000000003,0.34800000000000003,0.34800000000000003,0.34800000000000003],"7":[0.34,0.34,0.34,0.34,0.34,0.34,0.34,0.34,0.34,0.34,0.34,0.34,0.34,0.34,0.34,0.34,0.34,0.34,0.34,0.34],"25":[0.976,0.976,0.976,0.976,0.976,0.976,0.976,0.976,0.976,0.976,0.976,0.976,0.976,0.976,0.976,0.976,0.976,0.976,0.976,0.976],"71":[0.904,0.904,0.904,0.904,0.904,0.904,0.904,0.904,0.904,0.904,0.904,0.904,0.904,0.904,0.904,0.904,0.904,0.904,0.904,0.904],"66":[0.5680000000000001,0.5720000000000001,0.5680000000000001,0.5720000000000001,0.5680000000000001,0.5720000000000001,0.5680000000000001,0.5720000000000001,0.5680000000000001,0.5720000000000001,0.5680000000000001,0.5720000000000001,0.5680000000000001,0.5720000000000001,0.5680000000000001,0.5720000000000001,0.5680000000000001,0.5720000000000001,0.5680000000000001,0.5720000000000001],"76":[0.512,0.516,0.512,0.516,0.512,0.516,0.512,0.516,0.512,0.516,0.512,0.516,0.512,0.516,0.512,0.516,0.512,0.516,0.512,0.516],"34":[0.3,0.3,0.3,0.3,0.3,0.3,0.3,0.3,0.3,0.3,0.3,0.3,0.3,0.3,0.3,0.3,0.3,0.3,0.3,0.3],"50":[0.352,0.352,0.352,0.352,0.352,0.352,0.352,0.352,0.352,0.352,0.352,0.352,0.352,0.352,0.352,0.352,0.352,0.352,0.352,0.352],"59":[0.42,0.41600000000000004,0.42,0.41600000000000004,0.42,0.41600000000000004,0.42,0.41600000000000004,0.42,0.41600000000000004,0.42,0.41600000000000004,0.42,0.41600000000000004,0.42,0.41600000000000004,0.42,0.41600000000000004,0.42,0.41600000000000004],"2":[0.44,0.44,0.44,0.44,0.44,0.44,0.44,0.44,0.44,0.44,0.44,0.44,0.44,0.44,0.44,0.44,0.44,0.44,0.44,0.44],"10":[1.0,1.0,1.0,1.0,1.0,1.0,1.0,1.0,1.0,1.0,1.0,1.0,1.0,1.0,1.0,1.0,1.0,1.0,1.0,1.0],"18":[0.972,0.972,0.972,0.972,0.972,0.972,0.972,0.972,0.972,0.972,0.972,0.972,0.972,0.972,0.972,0.972,0.972,0.972,0.972,0.972],"26":[0.464,0.46,0.464,0.46,0.464,0.46,0.464,0.46,0.464,0.46,0.464,0.46,0.464,0.46,0.464,0.46,0.464,0.46,0.464,0.46],"27":[0.976,0.976,0.976,0.976,0.976,0.976,0.976,0.976,0.976,0.976,0.976,0.976,0.976,0.976,0.976,0.976,0.976,0.976,0.976,0.976],"42":[0.54,0.544,0.54,0.544,0.54,0.544,0.54,0.544,0.54,0.544,0.54,0.544,0.54,0.544,0.54,0.544,0.54,0.544,0.54,0.544],"79":[0.972,0.972,0.972,0.972,0.972,0.972,0.972,0.972,0.972,0.972,0.972,0.972,0.972,0.972,0.972,0.972,0.972,0.972,0.972,0.972],"16":[0.352,0.352,0.352,0.352,0.352,0.352,0.352,0.352,0.352,0.352,0.352,0.352,0.352,0.352,0.352,0.352,0.352,0.352,0.352,0.352],"20":[0.62,0.632,0.62,0.632,0.62,0.632,0.62,0.632,0.62,0.632,0.62,0.632,0.62,0.632,0.62,0.632,0.62,0.632,0.62,0.632],"81":[0.456,0.464,0.456,0.464,0.456,0.464,0.456,0.464,0.456,0.464,0.456,0.464,0.456,0.464,0.456,0.464,0.456,0.464,0.456,0.464],"19":[0.916,0.916,0.916,0.916,0.916,0.916,0.916,0.916,0.916,0.916,0.916,0.916,0.916,0.916,0.916,0.916,0.916,0.916,0.916,0.916],"49":[0.372,0.372,0.372,0.372,0.372,0.372,0.372,0.372,0.372,0.372,0.372,0.372,0.372,0.372,0.372,0.372,0.372,0.372,0.372,0.372],"44":[0.52,0.52,0.52,0.52,0.52,0.52,0.52,0.52,0.52,0.52,0.52,0.52,0.52,0.52,0.52,0.52,0.52,0.52,0.52,0.52],"9":[0.592,0.5760000000000001,0.592,0.5760000000000001,0.592,0.5760000000000001,0.592,0.5760000000000001,0.592,0.5760000000000001,0.592,0.5760000000000001,0.592,0.5760000000000001,0.592,0.5760000000000001,0.592,0.5760000000000001,0.592,0.5760000000000001],"31":[0.932,0.928,0.932,0.928,0.932,0.928,0.932,0.928,0.932,0.928,0.932,0.928,0.932,0.928,0.932,0.928,0.932,0.928,0.932,0.928],