{"5":[0.984,0.984,0.984,0.984,0.984,0.984,0.984,0.984,0.984,0.984,0.984,0.984,0.984,0.984,0.984,0.984,0.984,0.984,0.984,0.984],"56":[0.988,0.992,0.988,0.992,0.988,0.992,0.988,0.992,0.988,0.992,0.988,0.992,0.988,0.992,0.988,0.992,0.988,0.992,0.988,0.992],"35":[0.448,0.444,0.448,0.444,0.448,0.444,0.448,0.444,0.448,0.444,0.448,0.444,0.448,0.444,0.448,0.444,0.448,0.444,0.448,0.444],"55":[0.932,0.932,0.932,0.932,0.932,0.932,0.932,0.932,0.932,0.932,0.932,0.932,0.932,0.932,0.932,0.932,0.932,0.932,0.932,0.932],"60":[1.0,1.0,1.0,1.0,1.0,1.0,1.0,1.0,1.0,1.0,1.0,1.0,1.0,1.0,1.0,1.0,1.0,1.0,1.0,1.0],"30":[0.984,0.984,0.984,0.984,0.984,0.984,0.984,0.984,0.984,0.984,0.984,0.984,0.984,0.984,0.984,0.984,0.984,0.984,0.984,0.984],"32":[0.588,0.588,0.588,0.588,0.588,0.588,0.588,0.588,0.588,0.588,0.588,0.588,0.588,0.588,0.588,0.588,0.588,0.588,0.588,0.588],"6":[0.424,0.424,0.424,0.424,0.424,0.424,0.424,0.424,0.424,0.424,0.424,0.424,0.424,0.424,0.424,0.424,0.424,0.424,0.424,0.424],"67":[0.672,0.672,0.672,0.672,0.672,0.672,0.672,0.672,0.672,0.672,0.672,0.672,0.672,0.672,0.672,0.672,0.672,0.672,0.672,0.672],"45":[0.996,0.996,0.996,0.996,0.996,0.996,0.996,0.996,0.996,0.996,0.996,0.996,0.996,0.996,0.996,0.996,0.996,0.996,0.996,0.996],"73":[0.9400000000000001,0.9400000000000001,0.9400000000000001,0.9400000000000001,0.9400000000000001,0.9400000000000001,0.9400000000000001,0.9400000000000001,0.9400000000000001,0.9400000000000001,0.9400000000000001,0.9400000000000001,0.9400000000000001,0.9400000000000001,0.9400000000000001,0.9400000000000001,0.9400000000000001,0.9400000000000001,0.9400000000000001,0.9400000000000001],"64":[0.972,0.972,0.972,0.972,0.972,0.972,0.972,0.972,0.972,0.972,0.972,0.972,0.972,0.972,0.972,0.972,0.972,0.972,0.972,0.972],"4":[1.0,1.0,1.0,1.0,1.0,1.0,1.0,1.0,1.0,1.0,1.0,1.0,1.0,1.0,1.0,1.0,1.0,1.0,1.0,1.0],"13":[0.996,0.996,0.996,0.996,0.996,0.996,0.996,0.996,0.996,0.996,0.996,0.996,0.996,0.996,0.996,0.996,0.996,0.996,0.996,0.996],"54":[0.976,0.976,0.976,0.976,0.976,0.976,0.976,0.976,0.976,0.976,0.976,0.976,0.976,0.976,0.976,0.976,0.976,0.976,0.976,0.976],"63":[0.972,0.972,0.972,0.972,0.972,0.972,0.972,0.972,0.972,0.972,0.972,0.972,0.972,0.972,0.972,0.972,0.972,0.972,0.972,0.972],"62":[0.996,0.996,0.996,0.996,0.996,0.996,0.996,0.996,0.996,0.996,0.996,0.996,0.996,0.996,0.996,0.996,0.996,0.996,0.996,0.996],"58":[0.444,0.444,0.444,0.444,0.444,0.444,0.444,0.444,0.444,0.444,0.444,0.444,0.444,0.444,0.444,0.444,0.444,0.444,0.444,0.444],"52":[0.996,0.996,0.996,0.996,0.996,0.996,0.996,0.996,0.996,0.996,0.996,0.996,0.996,0.996,0.996,0.996,0.996,0.996,0.996,0.996],"12":[1.0,1.0,1.0,1.0,1.0,1.0,1.0,1.0,1.0,1.0,1.0,1.0,1.0,1.0,1.0,1.0,1.0,1.0,1.0,1.0],"28":[1.0,1.0,1.0,1.0,1.0,1.0,1.0,1.0,1.0,1.0,1.0,1.0,1.0,1.0,1.0,1.0,1.0,1.0,1.0,1.0],"23":[1.0,1.0,1.0,1.0,1.0,1.0,1.0,1.0,1.0,1.0,1.0,1.0,1.0,1.0,1.0,1.0,1.0,1.0,1.0,1.0],"41":[0.992,0.992,0.992,0.992,0.992,0.992,0.992,0.992,0.992,0.992,0.992,0.992,0.992,0.992,0.992,0.992,0.992,0.992,0.992,0.992],"43":[1.0,1.0,1.0,1.0,1.0,1.0,1.0,1.0,1.0,1.0,1.0,1.0,1.0,1.0,1.0,1.0,1.0,1.0,1.0,1.0],"11":[0.992,0.992,0.992,0.992,0.992,0.992,0.992,0.992,0.992,0.992,0.992,0.992,0.992,0.992,0.992,0.992,0.992,0.992,0.992,0.992],"36":[0.996,0.996,0.996,0.996,0.996,0.996,0.996,0.996,0.996,0.996,0.996,0.996,0.996,0.996,0.996,0.996,0.996,0.996,0.996,0.996],"68":[0.524,0.524,0.524,0.524,0.524,0.524,0.524,0.524,0.524,0.524,0.524,0.524,0.524,0.524,0.524,0.524,0.524,0.524,0.524,0.524],"69":[0.992,0.992,0.992,0.992,0.992,0.992,0.992,0.992,0.992,0.992,0.992,0.992,0.992,0.992,0.992,0.992,0.992,0.992,0.992,0.992],"39":[0.992,0.992,0.992,0.992,0.992,0.992,0.992,0.992,0.992,0.992,0.992,0.992,0.992,0.992,0.992,0.992,0.992,0.992,0.992,0.992],"7":[0.988,0.988,0.988,0.988,0.988,0.988,0.988,0.988,0.988,0.988,0.988,0.988,0.988,0.988,0.988,0.988,0.988,0.988,0.988,0.988],"25":[0.98,0.98,0.98,0.98,0.98,0.98,0.98,0.98,0.98,0.98,0.98,0.98,0.98,0.98,0.98,0.98,0.98,0.98,0.98,0.98],"71":[0.992,0.992,0.992,0.992,0.992,0.992,0.992,0.992,0.992,0.992,0.992,0.992,0.992,0.992,0.992,0.992,0.992,0.992,0.992,0.992],"66":[0.984,0.984,0.984,0.984,0.984,0.984,0.984,0.984,0.984,0.984,0.984,0.984,0.984,0.984,0.984,0.984,0.984,0.984,0.984,0.984],"34":[0.988,0.988,0.988,0.988,0.988,0.988,0.988,0.988,0.988,0.988,0.988,0.988,0.988,0.988,0.988,0.988,0.988,0.988,0.988,0.988],"50":[0.8320000000000001,0.836,0.8320000000000001,0.836,0.8320000000000001,0.836,0.8320000000000001,0.836,0.8320000000000001,0.836,0.8320000000000001,0.836,0.8320000000000001,0.836,0.8320000000000001,0.836,0.8320000000000001,0.836,0.8320000000000001,0.836],"59":[0.996,0.996,0.996,0.996,0.996,0.996,0.996,0.996,0.996,0.996,0.996,0.996,0.996,0.996,0.996,0.996,0.996,0.996,0.996,0.996],"2":[0.964,0.964,0.964,0.964,0.964,0.964,0.964,0.964,0.964,0.964,0.964,0.964,0.964,0.964,0.964,0.964,0.964,0.964,0.964,0.964],"10":[0.96,0.96,0.96,0.96,0.96,0.96,0.96,0.96,0.96,0.96,0.96,0.96,0.96,0.96,0.96,0.96,0.96,0.96,0.96,0.96],"18":[0.796,0.796,0.796,0.796,0.796,0.796,0.796,0.796,0.796,0.796,0.796,0.796,0.796,0.796,0.796,0.796,0.796,0.796,0.796,0.796],"26":[0.992,0.992,0.992,0.992,0.992,0.992,0.992,0.992,0.992,0.992,0.992,0.992,0.992,0.992,0.992,0.992,0.992,0.992,0.992,0.992],"27":[0.988,0.988,0.988,0.988,0.988,0.988,0.988,0.988,0.988,0.988,0.988,0.988,0.988,0.988,0.988,0.988,0.988,0.988,0.988,0.988],"42":[0.936,0.936,0.936,0.936,0.936,0.936,0.936,0.936,0.936,0.936,0.936,0.936,0.936,0.936,0.936,0.936,0.936,0.936,0.936,0.936],"16":[0.716,0.716,0.716,0.716,0.716,0.716,0.716,0.716,0.716,0.716,0.716,0.716,0.716,0.716,0.716,0.716,0.716,0.716,0.716,0.716],"20":[0.9520000000000001,0.9520000000000001,0.9520000000000001,0.9520000000000001,0.9520000000000001,0.9520000000000001,0.9520000000000001,0.9520000000000001,0.9520000000000001,0.9520000000000001,0.9520000000000001,0.9520000000000001,0.9520000000000001,0.9520000000000001,0.9520000000000001,0.9520000000000001,0.9520000000000001,0.9520000000000001,0.9520000000000001,0.9520000000000001],"19":[0.96,0.96,0.96,0.96,0.96,0.96,0.96,0.96,0.96,0.96,0.96,0.96,0.96,0.96,0.96,0.96,0.96,0.96,0.96,0.96],"49":[0.9440000000000001,0.9440000000000001,0.9440000000000001,0.9440000000000001,0.9440000000000001,0.9440000000000001,0.9440000000000001,0.9440000000000001,0.9440000000000001,0.9440000000000001,0.9440000000000001,0.9440000000000001,0.9440000000000001,0.9440000000000001,0.9440000000000001,0.9440000000000001,0.9440000000000001,0.9440000000000001,0.9440000000000001,0.9440000000000001],"44":[1.0,1.0,1.0,1.0,1.0,1.0,1.0,1.0,1.0,1.0,1.0,1.0,1.0,1.0,1.0,1.0,1.0,1.0,1.0,1.0],"9":[0.9440000000000001,0.9440000000000001,0.9440000000000001,0.9440000000000001,0.9440000000000001,0.9440000000000001,0.9440000000000001,0.9440000000000001,0.9440000000000001,0.9440000000000001,0.9440000000000001,0.9440000000000001,0.9440000000000001,0.9440000000000001,0.9440000000000001,0.9440000000000001,0.9440000000000001,0.9440000000000001,0.9440000000000001,0.9440000000000001],"31":[0.448,0.448,0.448,0.448,0.448,0.448,0.448,0.448,0.448,0.448,0.448,0.448,0.448,0.448,0.448,0.448,0.448,0.448,0.448,0.448],"61":[0.992,0.992,0.992,0.992,0.992,0.992,0.992,0.992,0.992,0.992,0.992,0.992,0.992,0.992,0.992,0.992,0.992,0.992,0.992,0.992],"29":[0.468,0.468,0.468,0.468,0.468,0.468,0.468,0.468,0.468,0.468,0.468,0.468,0.468,0.468,0.468,0.468,0.468,0.468,0.468,0.468],"46":[0.904,0.896,0.904,0.896,0.904,0.896,0.904,0.896,0.904,0.896,0.904,0.896,0.904,0.896,0.904,0.896,0.904,0.896,0.904,0.896],"57":[0.988,0.988,0.988,0.988,0.988,0.988,0.988,0.988,0.988,0.988,0.988,0.988,0.988,0.988,0.988,0.988,0.988,0.988,0.988,0.988],"70":[0.984,0.984,0.984,0.984,0.984,0.984,0.984,0.984,0.984,0.984,0.984,0.984,0.984,0.984,0.984,0.984,0.984,0.984,0.984,0.984],"21":[0.996,0.996,0.996,0.996,0.996,0.996,0.996,0.996,0.996,0.996,0.996,0.996,0.996,0.996,0.996,0.996,0.996,0.996,0.996,0.996],"38":[0.996,0.992,0.996,0.992,0.996,0.992,0.996,0.992,0.996,0.992,0.996,0.992,0.996,0.992,0.996,0.992,0.996,0.992,0.996,0.992],