{"5":[0.5680000000000001,0.5680000000000001,0.5680000000000001,0.5680000000000001,0.5680000000000001,0.5680000000000001,0.5680000000000001,0.5680000000000001,0.5680000000000001,0.5680000000000001,0.5680000000000001,0.5680000000000001,0.5680000000000001,0.5680000000000001,0.5680000000000001,0.5680000000000001,0.5680000000000001,0.5680000000000001,0.5680000000000001,0.5680000000000001],"56":[0.984,0.984,0.984,0.984,0.984,0.984,0.984,0.984,0.984,0.984,0.984,0.984,0.984,0.984,0.984,0.984,0.984,0.984,0.984,0.984],"35":[0.872,0.872,0.872,0.872,0.872,0.872,0.872,0.872,0.872,0.872,0.872,0.872,0.872,0.872,0.872,0.872,0.872,0.872,0.872,0.872],"55":[0.36,0.364,0.36,0.364,0.36,0.364,0.36,0.364,0.36,0.364,0.36,0.364,0.36,0.364,0.36,0.364,0.36,0.364,0.36,0.364],"60":[0.704,0.6960000000000001,0.704,0.6960000000000001,0.704,0.6960000000000001,0.704,0.6960000000000001,0.704,0.6960000000000001,0.704,0.6960000000000001,0.704,0.6960000000000001,0.704,0.6960000000000001,0.704,0.6960000000000001,0.704,0.6960000000000001],"30":[0.984,0.984,0.984,0.984,0.984,0.984,0.984,0.984,0.984,0.984,0.984,0.984,0.984,0.984,0.984,0.984,0.984,0.984,0.984,0.984],"32":[0.984,0.984,0.984,0.984,0.984,0.984,0.984,0.984,0.984,0.984,0.984,0.984,0.984,0.984,0.984,0.984,0.984,0.984,0.984,0.984],"6":[0.884,0.884,0.884,0.884,0.884,0.884,0.884,0.884,0.884,0.884,0.884,0.884,0.884,0.884,0.884,0.884,0.884,0.884,0.884,0.884],"67":[0.932,0.928,0.932,0.928,0.932,0.928,0.932,0.928,0.932,0.928,0.932,0.928,0.932,0.928,0.932,0.928,0.932,0.928,0.932,0.928],"45":[0.356,0.352,0.356,0.352,0.356,0.352,0.356,0.352,0.356,0.352,0.356,0.352,0.356,0.352,0.356,0.352,0.356,0.352,0.356,0.352],"73":[0.548,0.552,0.548,0.552,0.548,0.552,0.548,0.552,0.548,0.552,0.548,0.552,0.548,0.552,0.548,0.552,0.548,0.552,0.548,0.552],"64":[0.964,0.964,0.964,0.964,0.964,0.964,0.964,0.964,0.964,0.964,0.964,0.964,0.964,0.964,0.964,0.964,0.964,0.964,0.964,0.964],"4":[0.876,0.876,0.876,0.876,0.876,0.876,0.876,0.876,0.876,0.876,0.876,0.876,0.876,0.876,0.876,0.876,0.876,0.876,0.876,0.876],"13":[0.384,0.384,0.384,0.384,0.384,0.384,0.384,0.384,0.384,0.384,0.384,0.384,0.384,0.384,0.384,0.384,0.384,0.384,0.384,0.384],"54":[0.984,0.984,0.984,0.984,0.984,0.984,0.984,0.984,0.984,0.984,0.984,0.984,0.984,0.984,0.984,0.984,0.984,0.984,0.984,0.984],"63":[0.424,0.424,0.424,0.424,0.424,0.424,0.424,0.424,0.424,0.424,0.424,0.424,0.424,0.424,0.424,0.424,0.424,0.424,0.424,0.424],"86":[0.888,0.888,0.888,0.888,0.888,0.888,0.888,0.888,0.888,0.888,0.888,0.888,0.888,0.888,0.888,0.888,0.888,0.888,0.888,0.888],"62":[0.9440000000000001,0.9480000000000001,0.9440000000000001,0.9480000000000001,0.9440000000000001,0.9480000000000001,0.9440000000000001,0.9480000000000001,0.9440000000000001,0.9480000000000001,0.9440000000000001,0.9480000000000001,0.9440000000000001,0.9480000000000001,0.9440000000000001,0.9480000000000001,0.9440000000000001,0.9480000000000001,0.9440000000000001,0.9480000000000001],"58":[0.808,0.808,0.808,0.808,0.808,0.808,0.808,0.808,0.808,0.808,0.808,0.808,0.808,0.808,0.808,0.808,0.808,0.808,0.808,0.808],"52":[0.976,0.976,0.976,0.976,0.976,0.976,0.976,0.976,0.976,0.976,0.976,0.976,0.976,0.976,0.976,0.976,0.976,0.976,0.976,0.976],"12":[0.9440000000000001,0.9440000000000001,0.9440000000000001,0.9440000000000001,0.9440000000000001,0.9440000000000001,0.9440000000000001,0.9440000000000001,0.9440000000000001,0.9440000000000001,0.9440000000000001,0.9440000000000001,0.9440000000000001,0.9440000000000001,0.9440000000000001,0.9440000000000001,0.9440000000000001,0.9440000000000001,0.9440000000000001,0.9440000000000001],"28":[0.668,0.668,0.668,0.668,0.668,0.668,0.668,0.668,0.668,0.668,0.668,0.668,0.668,0.668,0.668,0.668,0.668,0.668,0.668,0.668],"75":[0.356,0.364,0.356,0.364,0.356,0.364,0.356,0.364,0.356,0.364,0.356,0.364,0.356,0.364,0.356,0.364,0.356,0.364,0.356,0.364],"23":[0.996,0.996,0.996,0.996,0.996,0.996,0.996,0.996,0.996,0.996,0.996,0.996,0.996,0.996,0.996,0.996,0.996,0.996,0.996,0.996],"41":[0.9480000000000001,0.9480000000000001,0.9480000000000001,0.9480000000000001,0.9480000000000001,0.9480000000000001,0.9480000000000001,0.9480000000000001,0.9480000000000001,0.9480000000000001,0.9480000000000001,0.9480000000000001,0.9480000000000001,0.9480000000000001,0.9480000000000001,0.9480000000000001,0.9480000000000001,0.9480000000000001,0.9480000000000001,0.9480000000000001],"43":[0.5640000000000001,0.5760000000000001,0.5640000000000001,0.5760000000000001,0.5640000000000001,0.5760000000000001,0.5640000000000001,0.5760000000000001,0.5640000000000001,0.5760000000000001,0.5640000000000001,0.5760000000000001,0.5640000000000001,0.5760000000000001,0.5640000000000001,0.5760000000000001,0.5640000000000001,0.5760000000000001,0.5640000000000001,0.5760000000000001],"11":[0.9480000000000001,0.9480000000000001,0.9480000000000001,0.9480000000000001,0.9480000000000001,0.9480000000000001,0.9480000000000001,0.9480000000000001,0.9480000000000001,0.9480000000000001,0.9480000000000001,0.9480000000000001,0.9480000000000001,0.9480000000000001,0.9480000000000001,0.9480000000000001,0.9480000000000001,0.9480000000000001,0.9480000000000001,0.9480000000000001],"36":[0.968,0.968,0.968,0.968,0.968,0.968,0.968,0.968,0.968,0.968,0.968,0.968,0.968,0.968,0.968,0.968,0.968,0.968,0.968,0.968],"68":[0.41600000000000004,0.41200000000000003,0.41600000000000004,0.41200000000000003,0.41600000000000004,0.41200000000000003,0.41600000000000004,0.41200000000000003,0.41600000000000004,0.41200000000000003,0.41600000000000004,0.41200000000000003,0.41600000000000004,0.41200000000000003,0.41600000000000004,0.41200000000000003,0.41600000000000004,0.41200000000000003,0.41600000000000004,0.41200000000000003],"69":[0.62,0.62,0.62,0.62,0.62,0.62,0.62,0.62,0.62,0.62,0.62,0.62,0.62,0.62,0.62,0.62,0.62,0.62,0.62,0.62],"82":[0.432,0.424,0.432,0.424,0.432,0.424,0.432,0.424,0.432,0.424,0.432,0.424,0.432,0.424,0.432,0.424,0.432,0.424,0.432,0.424],"85":[0.972,0.972,0.972,0.972,0.972,0.972,0.972,0.972,0.972,0.972,0.972,0.972,0.972,0.972,0.972,0.972,0.972,0.972,0.972,0.972],"39":[0.996,0.996,0.996,0.996,0.996,0.996,0.996,0.996,0.996,0.996,0.996,0.996,0.996,0.996,0.996,0.996,0.996,0.996,0.996,0.996],"84":[0.96,0.96,0.96,0.96,0.96,0.96,0.96,0.96,0.96,0.96,0.96,0.96,0.96,0.96,0.96,0.96,0.96,0.96,0.96,0.96],"77":[0.9440000000000001,0.9440000000000001,0.9440000000000001,0.9440000000000001,0.9440000000000001,0.9440000000000001,0.9440000000000001,0.9440000000000001,0.9440000000000001,0.9440000000000001,0.9440000000000001,0.9440000000000001,0.9440000000000001,0.9440000000000001,0.9440000000000001,0.9440000000000001,0.9440000000000001,0.9440000000000001,0.9440000000000001,0.9440000000000001],"7":[0.9520000000000001,0.9520000000000001,0.9520000000000001,0.9520000000000001,0.9520000000000001,0.9520000000000001,0.9520000000000001,0.9520000000000001,0.9520000000000001,0.9520000000000001,0.9520000000000001,0.9520000000000001,0.9520000000000001,0.9520000000000001,0.9520000000000001,0.9520000000000001,0.9520000000000001,0.9520000000000001,0.9520000000000001,0.9520000000000001],"25":[0.596,0.596,0.596,0.596,0.596,0.596,0.596,0.596,0.596,0.596,0.596,0.596,0.596,0.596,0.596,0.596,0.596,0.596,0.596,0.596],"71":[0.428,0.436,0.428,0.436,0.428,0.436,0.428,0.436,0.428,0.436,0.428,0.436,0.428,0.436,0.428,0.436,0.428,0.436,0.428,0.436],"66":[0.28,0.28,0.28,0.28,0.28,0.28,0.28,0.28,0.28,0.28,0.28,0.28,0.28,0.28,0.28,0.28,0.28,0.28,0.28,0.28],"76":[0.616,0.616,0.616,0.616,0.616,0.616,0.616,0.616,0.616,0.616,0.616,0.616,0.616,0.616,0.616,0.616,0.616,0.616,0.616,0.616],"34":[0.596,0.596,0.596,0.596,0.596,0.596,0.596,0.596,0.596,0.596,0.596,0.596,0.596,0.596,0.596,0.596,0.596,0.596,0.596,0.596],"50":[1.0,1.0,1.0,1.0,1.0,1.0,1.0,1.0,1.0,1.0,1.0,1.0,1.0,1.0,1.0,1.0,1.0,1.0,1.0,1.0],"59":[0.792,0.792,0.792,0.792,0.792,0.792,0.792,0.792,0.792,0.792,0.792,0.792,0.792,0.792,0.792,0.792,0.792,0.792,0.792,0.792],"2":[0.904,0.904,0.904,0.904,0.904,0.904,0.904,0.904,0.904,0.904,0.904,0.904,0.904,0.904,0.904,0.904,0.904,0.904,0.904,0.904],