{"5":[0.516,0.524,0.516,0.524,0.516,0.524,0.516,0.524,0.516,0.524,0.516,0.524,0.516,0.524,0.516,0.524,0.516,0.524,0.516,0.524],"56":[0.916,0.92,0.916,0.92,0.916,0.92,0.916,0.92,0.916,0.92,0.916,0.92,0.916,0.92,0.916,0.92,0.916,0.92,0.916,0.92],"35":[0.396,0.404,0.396,0.404,0.396,0.404,0.396,0.404,0.396,0.404,0.396,0.404,0.396,0.404,0.396,0.404,0.396,0.404,0.396,0.404],"55":[0.56,0.56,0.56,0.56,0.56,0.56,0.56,0.56,0.56,0.56,0.56,0.56,0.56,0.56,0.56,0.56,0.56,0.56,0.56,0.56],"60":[0.512,0.52,0.512,0.52,0.512,0.52,0.512,0.52,0.512,0.52,0.512,0.52,0.512,0.52,0.512,0.52,0.512,0.52,0.512,0.52],"30":[0.88,0.888,0.88,0.888,0.88,0.888,0.88,0.888,0.88,0.888,0.88,0.888,0.88,0.888,0.88,0.888,0.88,0.888,0.88,0.888],"32":[0.364,0.364,0.364,0.364,0.364,0.364,0.364,0.364,0.364,0.364,0.364,0.364,0.364,0.364,0.364,0.364,0.364,0.364,0.364,0.364],"6":[0.468,0.468,0.468,0.468,0.468,0.468,0.468,0.468,0.468,0.468,0.468,0.468,0.468,0.468,0.468,0.468,0.468,0.468,0.468,0.468],"67":[0.628,0.628,0.628,0.628,0.628,0.628,0.628,0.628,0.628,0.628,0.628,0.628,0.628,0.628,0.628,0.628,0.628,0.628,0.628,0.628],"45":[0.524,0.52,0.524,0.52,0.524,0.52,0.524,0.52,0.524,0.52,0.524,0.52,0.524,0.52,0.524,0.52,0.524,0.52,0.524,0.52],"73":[0.356,0.352,0.356,0.352,0.356,0.352,0.356,0.352,0.356,0.352,0.356,0.352,0.356,0.352,0.356,0.352,0.356,0.352,0.356,0.352],"64":[0.912,0.912,0.912,0.912,0.912,0.912,0.912,0.912,0.912,0.912,0.912,0.912,0.912,0.912,0.912,0.912,0.912,0.912,0.912,0.912],"90":[0.6,0.596,0.6,0.596,0.6,0.596,0.6,0.596,0.6,0.596,0.6,0.596,0.6,0.596,0.6,0.596,0.6,0.596,0.6,0.596],"4":[0.592,0.588,0.592,0.588,0.592,0.588,0.592,0.588,0.592,0.588,0.592,0.588,0.592,0.588,0.592,0.588,0.592,0.588,0.592,0.588],"13":[0.392,0.388,0.392,0.388,0.392,0.388,0.392,0.388,0.392,0.388,0.392,0.388,0.392,0.388,0.392,0.388,0.392,0.388,0.392,0.388],"54":[0.364,0.368,0.364,0.368,0.364,0.368,0.364,0.368,0.364,0.368,0.364,0.368,0.364,0.368,0.364,0.368,0.364,0.368,0.364,0.368],"63":[0.4,0.404,0.4,0.404,0.4,0.404,0.4,0.404,0.4,0.404,0.4,0.404,0.4,0.404,0.4,0.404,0.4,0.404,0.4,0.404],"86":[0.784,0.784,0.784,0.784,0.784,0.784,0.784,0.784,0.784,0.784,0.784,0.784,0.784,0.784,0.784,0.784,0.784,0.784,0.784,0.784],"91":[0.808,0.808,0.808,0.808,0.808,0.808,0.808,0.808,0.808,0.808,0.808,0.808,0.808,0.808,0.808,0.808,0.808,0.808,0.808,0.808],"62":[0.47200000000000003,0.47200000000000003,0.47200000000000003,0.47200000000000003,0.47200000000000003,0.47200000000000003,0.47200000000000003,0.47200000000000003,0.47200000000000003,0.47200000000000003,0.47200000000000003,0.47200000000000003,0.47200000000000003,0.47200000000000003,0.47200000000000003,0.47200000000000003,0.47200000000000003,0.47200000000000003,0.47200000000000003,0.47200000000000003],"58":[0.372,0.372,0.372,0.372,0.372,0.372,0.372,0.372,0.372,0.372,0.372,0.372,0.372,0.372,0.372,0.372,0.372,0.372,0.372,0.372],"52":[0.772,0.784,0.772,0.784,0.772,0.784,0.772,0.784,0.772,0.784,0.772,0.784,0.772,0.784,0.772,0.784,0.772,0.784,0.772,0.784],"12":[0.62,0.62,0.62,0.62,0.62,0.62,0.62,0.62,0.62,0.62,0.62,0.62,0.62,0.62,0.62,0.62,0.62,0.62,0.62,0.62],"28":[0.32,0.32,0.32,0.32,0.32,0.32,0.32,0.32,0.32,0.32,0.32,0.32,0.32,0.32,0.32,0.32,0.32,0.32,0.32,0.32],"75":[0.44,0.44,0.44,0.44,0.44,0.44,0.44,0.44,0.44,0.44,0.44,0.44,0.44,0.44,0.44,0.44,0.44,0.44,0.44,0.44],"23":[0.3,0.308,0.3,0.308,0.3,0.308,0.3,0.308,0.3,0.308,0.3,0.308,0.3,0.308,0.3,0.308,0.3,0.308,0.3,0.308],"92":[0.4,0.4,0.4,0.4,0.4,0.4,0.4,0.4,0.4,0.4,0.4,0.4,0.4,0.4,0.4,0.4,0.4,0.4,0.4,0.4],"41":[0.40800000000000003,0.40800000000000003,0.40800000000000003,0.40800000000000003,0.40800000000000003,0.40800000000000003,0.40800000000000003,0.40800000000000003,0.40800000000000003,0.40800000000000003,0.40800000000000003,0.40800000000000003,0.40800000000000003,0.40800000000000003,0.40800000000000003,0.40800000000000003,0.40800000000000003,0.40800000000000003,0.40800000000000003,0.40800000000000003],"43":[0.528,0.528,0.528,0.528,0.528,0.528,0.528,0.528,0.528,0.528,0.528,0.528,0.528,0.528,0.528,0.528,0.528,0.528,0.528,0.528],"11":[0.24,0.23600000000000002,0.24,0.23600000000000002,0.24,0.23600000000000002,0.24,0.23600000000000002,0.24,0.23600000000000002,0.24,0.23600000000000002,0.24,0.23600000000000002,0.24,0.23600000000000002,0.24,0.23600000000000002,0.24,0.23600000000000002],"36":[0.864,0.864,0.864,0.864,0.864,0.864,0.864,0.864,0.864,0.864,0.864,0.864,0.864,0.864,0.864,0.864,0.864,0.864,0.864,0.864],"68":[0.924,0.924,0.924,0.924,0.924,0.924,0.924,0.924,0.924,0.924,0.924,0.924,0.924,0.924,0.924,0.924,0.924,0.924,0.924,0.924],"69":[0.44,0.44,0.44,0.44,0.44,0.44,0.44,0.44,0.44,0.44,0.44,0.44,0.44,0.44,0.44,0.44,0.44,0.44,0.44,0.44],"82":[0.336,0.336,0.336,0.336,0.336,0.336,0.336,0.336,0.336,0.336,0.336,0.336,0.336,0.336,0.336,0.336,0.336,0.336,0.336,0.336],"85":[0.312,0.312,0.312,0.312,0.312,0.312,0.312,0.312,0.312,0.312,0.312,0.312,0.312,0.312,0.312,0.312,0.312,0.312,0.312,0.312],"39":[0.512,0.504,0.512,0.504,0.512,0.504,0.512,0.504,0.512,0.504,0.512,0.504,0.512,0.504,0.512,0.504,0.512,0.504,0.512,0.504],"84":[0.504,0.508,0.504,0.508,0.504,0.508,0.504,0.508,0.504,0.508,0.504,0.508,0.504,0.508,0.504,0.508,0.504,0.508,0.504,0.508],"77":[0.41200000000000003,0.41200000000000003,0.41200000000000003,0.41200000000000003,0.41200000000000003,0.41200000000000003,0.41200000000000003,0.41200000000000003,0.41200000000000003,0.41200000000000003,0.41200000000000003,0.41200000000000003,0.41200000000000003,0.41200000000000003,0.41200000000000003,0.41200000000000003,0.41200000000000003,0.41200000000000003,0.41200000000000003,0.41200000000000003],"7":[0.512,0.512,0.512,0.512,0.512,0.512,0.512,0.512,0.512,0.512,0.512,0.512,0.512,0.512,0.512,0.512,0.512,0.512,0.512,0.512],"25":[0.364,0.376,0.364,0.376,0.364,0.376,0.364,0.376,0.364,0.376,0.364,0.376,0.364,0.376,0.364,0.376,0.364,0.376,0.364,0.376],"95":[0.9440000000000001,0.9400000000000001,0.9440000000000001,0.9400000000000001,0.9440000000000001,0.9400000000000001,0.9440000000000001,0.9400000000000001,0.9440000000000001,0.9400000000000001,0.9440000000000001,0.9400000000000001,0.9440000000000001,0.9400000000000001,0.9440000000000001,0.9400000000000001,0.9440000000000001,0.9400000000000001,0.9440000000000001,0.9400000000000001],"71":[0.932,0.932,0.932,0.932,0.932,0.932,0.932,0.932,0.932,0.932,0.932,0.932,0.932,0.932,0.932,0.932,0.932,0.932,0.932,0.932],"66":[0.364,0.368,0.364,0.368,0.364,0.368,0.364,0.368,0.364,0.368,0.364,0.368,0.364,0.368,0.364,0.368,0.364,0.368,0.364,0.368],"76":[0.776,0.78,0.776,0.78,0.776,0.78,0.776,0.78,0.776,0.78,0.776,0.78,0.776,0.78,0.776,0.78,0.776,0.78,0.776,0.78],"34":[0.36,0.368,0.36,0.368,0.36,0.368,0.36,0.368,0.36,0.368,0.36,0.368,0.36,0.368,0.36,0.368,0.36,0.368,0.36,0.368],"50":[0.9400000000000001,0.9440000000000001,0.9400000000000001,0.9440000000000001,0.9400000000000001,0.9440000000000001,0.9400000000000001,0.9440000000000001,0.9400000000000001,0.9440000000000001,0.9400000000000001,0.9440000000000001,0.9400000000000001,0.9440000000000001,0.9400000000000001,0.9440000000000001,0.9400000000000001,0.9440000000000001,0.9400000000000001,0.9440000000000001],"59":[0.976,0.976,0.976,0.976,0.976,0.976,0.976,0.976,0.976,0.976,0.976,0.976,0.976,0.976,0.976,0.976,0.976,0.976,0.976,0.976],"93":[0.47200000000000003,0.47600000000000003,0.47200000000000003,0.47600000000000003,0.47200000000000003,0.47600000000000003,0.47200000000000003,0.47600000000000003,0.47200000000000003,0.47600000000000003,0.47200000000000003,0.47600000000000003,0.47200000000000003,0.47600000000000003,0.47200000000000003,0.47600000000000003,0.47200000000000003,0.47600000000000003,0.47200000000000003,0.47600000000000003],"2":[0.892,0.884,0.892,0.884,0.892,0.884,0.892,0.884,0.892,0.884,0.892,0.884,0.892,0.884,0.892,0.884,0.892,0.884,0.892,0.884],"10":[0.608,0.604,0.608,0.604,0.608,0.604,0.608,0.604,0.608,0.604,0.608,0.604,0.608,0.604,0.608,0.604,0.608,0.604,0.608,0.604],"18":[0.4,0.4,0.4,0.4,0.4,0.4,0.4,0.4,0.4,0.4,0.4,0.4,0.4,0.4,0.4,0.4,0.4,0.4,0.4,0.4],