{"5":[0.428,0.41200000000000003,0.428,0.41200000000000003,0.428,0.41200000000000003,0.428,0.41200000000000003,0.428,0.41200000000000003,0.428,0.41200000000000003,0.428,0.41200000000000003,0.428,0.41200000000000003,0.428,0.41200000000000003,0.428,0.41200000000000003],"56":[0.592,0.588,0.592,0.588,0.592,0.588,0.592,0.588,0.592,0.588,0.592,0.588,0.592,0.588,0.592,0.588,0.592,0.588,0.592,0.588],"35":[0.524,0.524,0.524,0.524,0.524,0.524,0.524,0.524,0.524,0.524,0.524,0.524,0.524,0.524,0.524,0.524,0.524,0.524,0.524,0.524],"55":[0.46,0.46,0.46,0.46,0.46,0.46,0.46,0.46,0.46,0.46,0.46,0.46,0.46,0.46,0.46,0.46,0.46,0.46,0.46,0.46],"60":[0.396,0.392,0.396,0.392,0.396,0.392,0.396,0.392,0.396,0.392,0.396,0.392,0.396,0.392,0.396,0.392,0.396,0.392,0.396,0.392],"30":[0.41600000000000004,0.41600000000000004,0.41600000000000004,0.41600000000000004,0.41600000000000004,0.41600000000000004,0.41600000000000004,0.41600000000000004,0.41600000000000004,0.41600000000000004,0.41600000000000004,0.41600000000000004,0.41600000000000004,0.41600000000000004,0.41600000000000004,0.41600000000000004,0.41600000000000004,0.41600000000000004,0.41600000000000004,0.41600000000000004],"32":[0.876,0.876,0.876,0.876,0.876,0.876,0.876,0.876,0.876,0.876,0.876,0.876,0.876,0.876,0.876,0.876,0.876,0.876,0.876,0.876],"6":[0.44,0.44,0.44,0.44,0.44,0.44,0.44,0.44,0.44,0.44,0.44,0.44,0.44,0.44,0.44,0.44,0.44,0.44,0.44,0.44],"67":[0.664,0.664,0.664,0.664,0.664,0.664,0.664,0.664,0.664,0.664,0.664,0.664,0.664,0.664,0.664,0.664,0.664,0.664,0.664,0.664],"45":[0.4,0.4,0.4,0.4,0.4,0.4,0.4,0.4,0.4,0.4,0.4,0.4,0.4,0.4,0.4,0.4,0.4,0.4,0.4,0.4],"73":[0.504,0.504,0.504,0.504,0.504,0.504,0.504,0.504,0.504,0.504,0.504,0.504,0.504,0.504,0.504,0.504,0.504,0.504,0.504,0.504],"64":[0.324,0.328,0.324,0.328,0.324,0.328,0.324,0.328,0.324,0.328,0.324,0.328,0.324,0.328,0.324,0.328,0.324,0.328,0.324,0.328],"90":[0.5,0.5,0.5,0.5,0.5,0.5,0.5,0.5,0.5,0.5,0.5,0.5,0.5,0.5,0.5,0.5,0.5,0.5,0.5,0.5],"4":[0.336,0.336,0.336,0.336,0.336,0.336,0.336,0.336,0.336,0.336,0.336,0.336,0.336,0.336,0.336,0.336,0.336,0.336,0.336,0.336],"13":[0.224,0.22,0.224,0.22,0.224,0.22,0.224,0.22,0.224,0.22,0.224,0.22,0.224,0.22,0.224,0.22,0.224,0.22,0.224,0.22],"54":[0.496,0.496,0.496,0.496,0.496,0.496,0.496,0.496,0.496,0.496,0.496,0.496,0.496,0.496,0.496,0.496,0.496,0.496,0.496,0.496],"63":[0.452,0.452,0.452,0.452,0.452,0.452,0.452,0.452,0.452,0.452,0.452,0.452,0.452,0.452,0.452,0.452,0.452,0.452,0.452,0.452],"86":[0.552,0.552,0.552,0.552,0.552,0.552,0.552,0.552,0.552,0.552,0.552,0.552,0.552,0.552,0.552,0.552,0.552,0.552,0.552,0.552],"91":[0.748,0.748,0.748,0.748,0.748,0.748,0.748,0.748,0.748,0.748,0.748,0.748,0.748,0.748,0.748,0.748,0.748,0.748,0.748,0.748],"62":[0.496,0.5,0.496,0.5,0.496,0.5,0.496,0.5,0.496,0.5,0.496,0.5,0.496,0.5,0.496,0.5,0.496,0.5,0.496,0.5],"58":[0.808,0.808,0.808,0.808,0.808,0.808,0.808,0.808,0.808,0.808,0.808,0.808,0.808,0.808,0.808,0.808,0.808,0.808,0.808,0.808],"52":[0.36,0.36,0.36,0.36,0.36,0.36,0.36,0.36,0.36,0.36,0.36,0.36,0.36,0.36,0.36,0.36,0.36,0.36,0.36,0.36],"12":[0.656,0.66,0.656,0.66,0.656,0.66,0.656,0.66,0.656,0.66,0.656,0.66,0.656,0.66,0.656,0.66,0.656,0.66,0.656,0.66],"28":[0.8280000000000001,0.8280000000000001,0.8280000000000001,0.8280000000000001,0.8280000000000001,0.8280000000000001,0.8280000000000001,0.8280000000000001,0.8280000000000001,0.8280000000000001,0.8280000000000001,0.8280000000000001,0.8280000000000001,0.8280000000000001,0.8280000000000001,0.8280000000000001,0.8280000000000001,0.8280000000000001,0.8280000000000001,0.8280000000000001],"75":[0.34,0.34,0.34,0.34,0.34,0.34,0.34,0.34,0.34,0.34,0.34,0.34,0.34,0.34,0.34,0.34,0.34,0.34,0.34,0.34],"23":[0.44,0.444,0.44,0.444,0.44,0.444,0.44,0.444,0.44,0.444,0.44,0.444,0.44,0.444,0.44,0.444,0.44,0.444,0.44,0.444],"92":[0.684,0.6920000000000001,0.684,0.6920000000000001,0.684,0.6920000000000001,0.684,0.6920000000000001,0.684,0.6920000000000001,0.684,0.6920000000000001,0.684,0.6920000000000001,0.684,0.6920000000000001,0.684,0.6920000000000001,0.684,0.6920000000000001],"41":[0.724,0.716,0.724,0.716,0.724,0.716,0.724,0.716,0.724,0.716,0.724,0.716,0.724,0.716,0.724,0.716,0.724,0.716,0.724,0.716],"43":[0.856,0.844,0.856,0.844,0.856,0.844,0.856,0.844,0.856,0.844,0.856,0.844,0.856,0.844,0.856,0.844,0.856,0.844,0.856,0.844],"11":[0.66,0.656,0.66,0.656,0.66,0.656,0.66,0.656,0.66,0.656,0.66,0.656,0.66,0.656,0.66,0.656,0.66,0.656,0.66,0.656],"36":[0.912,0.912,0.912,0.912,0.912,0.912,0.912,0.912,0.912,0.912,0.912,0.912,0.912,0.912,0.912,0.912,0.912,0.912,0.912,0.912],"68":[0.988,0.988,0.988,0.988,0.988,0.988,0.988,0.988,0.988,0.988,0.988,0.988,0.988,0.988,0.988,0.988,0.988,0.988,0.988,0.988],"69":[0.376,0.376,0.376,0.376,0.376,0.376,0.376,0.376,0.376,0.376,0.376,0.376,0.376,0.376,0.376,0.376,0.376,0.376,0.376,0.376],"82":[0.324,0.324,0.324,0.324,0.324,0.324,0.324,0.324,0.324,0.324,0.324,0.324,0.324,0.324,0.324,0.324,0.324,0.324,0.324,0.324],"85":[0.728,0.728,0.728,0.728,0.728,0.728,0.728,0.728,0.728,0.728,0.728,0.728,0.728,0.728,0.728,0.728,0.728,0.728,0.728,0.728],"39":[0.896,0.896,0.896,0.896,0.896,0.896,0.896,0.896,0.896,0.896,0.896,0.896,0.896,0.896,0.896,0.896,0.896,0.896,0.896,0.896],"84":[0.916,0.916,0.916,0.916,0.916,0.916,0.916,0.916,0.916,0.916,0.916,0.916,0.916,0.916,0.916,0.916,0.916,0.916,0.916,0.916],"77":[0.5,0.496,0.5,0.496,0.5,0.496,0.5,0.496,0.5,0.496,0.5,0.496,0.5,0.496,0.5,0.496,0.5,0.496,0.5,0.496],"7":[0.928,0.928,0.928,0.928,0.928,0.928,0.928,0.928,0.928,0.928,0.928,0.928,0.928,0.928,0.928,0.928,0.928,0.928,0.928,0.928],"25":[0.432,0.428,0.432,0.428,0.432,0.428,0.432,0.428,0.432,0.428,0.432,0.428,0.432,0.428,0.432,0.428,0.432,0.428,0.432,0.428],"95":[0.316,0.316,0.316,0.316,0.316,0.316,0.316,0.316,0.316,0.316,0.316,0.316,0.316,0.316,0.316,0.316,0.316,0.316,0.316,0.316],"71":[0.876,0.876,0.876,0.876,0.876,0.876,0.876,0.876,0.876,0.876,0.876,0.876,0.876,0.876,0.876,0.876,0.876,0.876,0.876,0.876],"66":[0.264,0.272,0.264,0.272,0.264,0.272,0.264,0.272,0.264,0.272,0.264,0.272,0.264,0.272,0.264,0.272,0.264,0.272,0.264,0.272],"76":[0.9440000000000001,0.9440000000000001,0.9440000000000001,0.9440000000000001,0.9440000000000001,0.9440000000000001,0.9440000000000001,0.9440000000000001,0.9440000000000001,0.9440000000000001,0.9440000000000001,0.9440000000000001,0.9440000000000001,0.9440000000000001,0.9440000000000001,0.9440000000000001,0.9440000000000001,0.9440000000000001,0.9440000000000001,0.9440000000000001],"34":[0.664,0.66,0.664,0.66,0.664,0.66,0.664,0.66,0.664,0.66,0.664,0.66,0.664,0.66,0.664,0.66,0.664,0.66,0.664,0.66],"50":[0.808,0.808,0.808,0.808,0.808,0.808,0.808,0.808,0.808,0.808,0.808,0.808,0.808,0.808,0.808,0.808,0.808,0.808,0.808,0.808],"59":[0.632,0.644,0.632,0.644,0.632,0.644,0.632,0.644,0.632,0.644,0.632,0.644,0.632,0.644,0.632,0.644,0.632,0.644,0.632,0.644],"93":[0.988,0.988,0.988,0.988,0.988,0.988,0.988,0.988,0.988,0.988,0.988,0.988,0.988,0.988,0.988,0.988,0.988,0.988,0.988,0.988],"2":[0.9440000000000001,0.9520000000000001,0.9440000000000001,0.9520000000000001,0.9440000000000001,0.9520000000000001,0.9440000000000001,0.9520000000000001,0.9440000000000001,0.9520000000000001,0.9440000000000001,0.9520000000000001,0.9440000000000001,0.9520000000000001,0.9440000000000001,0.9520000000000001,0.9440000000000001,0.9520000000000001,0.9440000000000001,0.9520000000000001],"10":[0.9520000000000001,0.9520000000000001,0.9520000000000001,0.9520000000000001,0.9520000000000001,0.9520000000000001,0.9520000000000001,0.9520000000000001,0.9520000000000001,0.9520000000000001,0.9520000000000001,0.9520000000000001,0.9520000000000001,0.9520000000000001,0.9520000000000001,0.9520000000000001,0.9520000000000001,0.9520000000000001,0.9520000000000001,0.9520000000000001],"18":[0.992,0.992,0.992,0.992,0.992,0.992,0.992,0.992,0.992,0.992,0.992,0.992,0.992,0.992,0.992,0.992,0.992,0.992,0.992,0.992],