{"5":[0.9520000000000001,0.9520000000000001,0.9520000000000001,0.9520000000000001,0.9520000000000001,0.9520000000000001,0.9520000000000001,0.9520000000000001,0.9520000000000001,0.9520000000000001,0.9520000000000001,0.9520000000000001,0.9520000000000001,0.9520000000000001,0.9520000000000001,0.9520000000000001,0.9520000000000001,0.9520000000000001,0.9520000000000001,0.9520000000000001],"56":[0.428,0.428,0.428,0.428,0.428,0.428,0.428,0.428,0.428,0.428,0.428,0.428,0.428,0.428,0.428,0.428,0.428,0.428,0.428,0.428],"35":[0.492,0.492,0.492,0.492,0.492,0.492,0.492,0.492,0.492,0.492,0.492,0.492,0.492,0.492,0.492,0.492,0.492,0.492,0.492,0.492],"55":[0.552,0.56,0.552,0.56,0.552,0.56,0.552,0.56,0.552,0.56,0.552,0.56,0.552,0.56,0.552,0.56,0.552,0.56,0.552,0.56],"60":[0.448,0.448,0.448,0.448,0.448,0.448,0.448,0.448,0.448,0.448,0.448,0.448,0.448,0.448,0.448,0.448,0.448,0.448,0.448,0.448],"30":[0.41200000000000003,0.41200000000000003,0.41200000000000003,0.41200000000000003,0.41200000000000003,0.41200000000000003,0.41200000000000003,0.41200000000000003,0.41200000000000003,0.41200000000000003,0.41200000000000003,0.41200000000000003,0.41200000000000003,0.41200000000000003,0.41200000000000003,0.41200000000000003,0.41200000000000003,0.41200000000000003,0.41200000000000003,0.41200000000000003],"32":[0.316,0.316,0.316,0.316,0.316,0.316,0.316,0.316,0.316,0.316,0.316,0.316,0.316,0.316,0.316,0.316,0.316,0.316,0.316,0.316],"6":[0.34400000000000003,0.34400000000000003,0.34400000000000003,0.34400000000000003,0.34400000000000003,0.34400000000000003,0.34400000000000003,0.34400000000000003,0.34400000000000003,0.34400000000000003,0.34400000000000003,0.34400000000000003,0.34400000000000003,0.34400000000000003,0.34400000000000003,0.34400000000000003,0.34400000000000003,0.34400000000000003,0.34400000000000003,0.34400000000000003],"67":[0.36,0.372,0.36,0.372,0.36,0.372,0.36,0.372,0.36,0.372,0.36,0.372,0.36,0.372,0.36,0.372,0.36,0.372,0.36,0.372],"45":[0.352,0.352,0.352,0.352,0.352,0.352,0.352,0.352,0.352,0.352,0.352,0.352,0.352,0.352,0.352,0.352,0.352,0.352,0.352,0.352],"73":[0.40800000000000003,0.40800000000000003,0.40800000000000003,0.40800000000000003,0.40800000000000003,0.40800000000000003,0.40800000000000003,0.40800000000000003,0.40800000000000003,0.40800000000000003,0.40800000000000003,0.40800000000000003,0.40800000000000003,0.40800000000000003,0.40800000000000003,0.40800000000000003,0.40800000000000003,0.40800000000000003,0.40800000000000003,0.40800000000000003],"64":[0.444,0.444,0.444,0.444,0.444,0.444,0.444,0.444,0.444,0.444,0.444,0.444,0.444,0.444,0.444,0.444,0.444,0.444,0.444,0.444],"90":[0.84,0.844,0.84,0.844,0.84,0.844,0.84,0.844,0.84,0.844,0.84,0.844,0.84,0.844,0.84,0.844,0.84,0.844,0.84,0.844],"4":[0.44,0.44,0.44,0.44,0.44,0.44,0.44,0.44,0.44,0.44,0.44,0.44,0.44,0.44,0.44,0.44,0.44,0.44,0.44,0.44],"13":[0.384,0.384,0.384,0.384,0.384,0.384,0.384,0.384,0.384,0.384,0.384,0.384,0.384,0.384,0.384,0.384,0.384,0.384,0.384,0.384],"54":[0.324,0.324,0.324,0.324,0.324,0.324,0.324,0.324,0.324,0.324,0.324,0.324,0.324,0.324,0.324,0.324,0.324,0.324,0.324,0.324],"63":[0.5720000000000001,0.5720000000000001,0.5720000000000001,0.5720000000000001,0.5720000000000001,0.5720000000000001,0.5720000000000001,0.5720000000000001,0.5720000000000001,0.5720000000000001,0.5720000000000001,0.5720000000000001,0.5720000000000001,0.5720000000000001,0.5720000000000001,0.5720000000000001,0.5720000000000001,0.5720000000000001,0.5720000000000001,0.5720000000000001],"86":[0.924,0.924,0.924,0.924,0.924,0.924,0.924,0.924,0.924,0.924,0.924,0.924,0.924,0.924,0.924,0.924,0.924,0.924,0.924,0.924],"91":[0.548,0.56,0.548,0.56,0.548,0.56,0.548,0.56,0.548,0.56,0.548,0.56,0.548,0.56,0.548,0.56,0.548,0.56,0.548,0.56],"62":[0.964,0.964,0.964,0.964,0.964,0.964,0.964,0.964,0.964,0.964,0.964,0.964,0.964,0.964,0.964,0.964,0.964,0.964,0.964,0.964],"58":[0.36,0.36,0.36,0.36,0.36,0.36,0.36,0.36,0.36,0.36,0.36,0.36,0.36,0.36,0.36,0.36,0.36,0.36,0.36,0.36],"52":[0.436,0.424,0.436,0.424,0.436,0.424,0.436,0.424,0.436,0.424,0.436,0.424,0.436,0.424,0.436,0.424,0.436,0.424,0.436,0.424],"12":[0.988,0.988,0.988,0.988,0.988,0.988,0.988,0.988,0.988,0.988,0.988,0.988,0.988,0.988,0.988,0.988,0.988,0.988,0.988,0.988],"28":[0.836,0.836,0.836,0.836,0.836,0.836,0.836,0.836,0.836,0.836,0.836,0.836,0.836,0.836,0.836,0.836,0.836,0.836,0.836,0.836],"75":[0.616,0.616,0.616,0.616,0.616,0.616,0.616,0.616,0.616,0.616,0.616,0.616,0.616,0.616,0.616,0.616,0.616,0.616,0.616,0.616],"23":[0.356,0.356,0.356,0.356,0.356,0.356,0.356,0.356,0.356,0.356,0.356,0.356,0.356,0.356,0.356,0.356,0.356,0.356,0.356,0.356],"92":[0.292,0.292,0.292,0.292,0.292,0.292,0.292,0.292,0.292,0.292,0.292,0.292,0.292,0.292,0.292,0.292,0.292,0.292,0.292,0.292],"41":[0.448,0.448,0.448,0.448,0.448,0.448,0.448,0.448,0.448,0.448,0.448,0.448,0.448,0.448,0.448,0.448,0.448,0.448,0.448,0.448],"43":[0.36,0.36,0.36,0.36,0.36,0.36,0.36,0.36,0.36,0.36,0.36,0.36,0.36,0.36,0.36,0.36,0.36,0.36,0.36,0.36],"11":[0.468,0.47600000000000003,0.468,0.47600000000000003,0.468,0.47600000000000003,0.468,0.47600000000000003,0.468,0.47600000000000003,0.468,0.47600000000000003,0.468,0.47600000000000003,0.468,0.47600000000000003,0.468,0.47600000000000003,0.468,0.47600000000000003],"36":[0.492,0.488,0.492,0.488,0.492,0.488,0.492,0.488,0.492,0.488,0.492,0.488,0.492,0.488,0.492,0.488,0.492,0.488,0.492,0.488],"68":[0.404,0.404,0.404,0.404,0.404,0.404,0.404,0.404,0.404,0.404,0.404,0.404,0.404,0.404,0.404,0.404,0.404,0.404,0.404,0.404],"69":[0.304,0.312,0.304,0.312,0.304,0.312,0.304,0.312,0.304,0.312,0.304,0.312,0.304,0.312,0.304,0.312,0.304,0.312,0.304,0.312],"82":[0.41600000000000004,0.41600000000000004,0.41600000000000004,0.41600000000000004,0.41600000000000004,0.41600000000000004,0.41600000000000004,0.41600000000000004,0.41600000000000004,0.41600000000000004,0.41600000000000004,0.41600000000000004,0.41600000000000004,0.41600000000000004,0.41600000000000004,0.41600000000000004,0.41600000000000004,0.41600000000000004,0.41600000000000004,0.41600000000000004],"85":[0.36,0.36,0.36,0.36,0.36,0.36,0.36,0.36,0.36,0.36,0.36,0.36,0.36,0.36,0.36,0.36,0.36,0.36,0.36,0.36],"39":[0.352,0.352,0.352,0.352,0.352,0.352,0.352,0.352,0.352,0.352,0.352,0.352,0.352,0.352,0.352,0.352,0.352,0.352,0.352,0.352],"84":[0.524,0.528,0.524,0.528,0.524,0.528,0.524,0.528,0.524,0.528,0.524,0.528,0.524,0.528,0.524,0.528,0.524,0.528,0.524,0.528],"77":[0.628,0.62,0.628,0.62,0.628,0.62,0.628,0.62,0.628,0.62,0.628,0.62,0.628,0.62,0.628,0.62,0.628,0.62,0.628,0.62],"7":[0.92,0.924,0.92,0.924,0.92,0.924,0.92,0.924,0.92,0.924,0.92,0.924,0.92,0.924,0.92,0.924,0.92,0.924,0.92,0.924],"25":[0.528,0.524,0.528,0.524,0.528,0.524,0.528,0.524,0.528,0.524,0.528,0.524,0.528,0.524,0.528,0.524,0.528,0.524,0.528,0.524],"71":[0.892,0.892,0.892,0.892,0.892,0.892,0.892,0.892,0.892,0.892,0.892,0.892,0.892,0.892,0.892,0.892,0.892,0.892,0.892,0.892],"66":[0.636,0.636,0.636,0.636,0.636,0.636,0.636,0.636,0.636,0.636,0.636,0.636,0.636,0.636,0.636,0.636,0.636,0.636,0.636,0.636],"76":[1.0,1.0,1.0,1.0,1.0,1.0,1.0,1.0,1.0,1.0,1.0,1.0,1.0,1.0,1.0,1.0,1.0,1.0,1.0,1.0],"34":[0.47600000000000003,0.47200000000000003,0.47600000000000003,0.47200000000000003,0.47600000000000003,0.47200000000000003,0.47600000000000003,0.47200000000000003,0.47600000000000003,0.47200000000000003,0.47600000000000003,0.47200000000000003,0.47600000000000003,0.47200000000000003,0.47600000000000003,0.47200000000000003,0.47600000000000003,0.47200000000000003,0.47600000000000003,0.47200000000000003],"50":[0.5760000000000001,0.58,0.5760000000000001,0.58,0.5760000000000001,0.58,0.5760000000000001,0.58,0.5760000000000001,0.58,0.5760000000000001,0.58,0.5760000000000001,0.58,0.5760000000000001,0.58,0.5760000000000001,0.58,0.5760000000000001,0.58],"59":[0.96,0.9560000000000001,0.96,0.9560000000000001,0.96,0.9560000000000001,0.96,0.9560000000000001,0.96,0.9560000000000001,0.96,0.9560000000000001,0.96,0.9560000000000001,0.96,0.9560000000000001,0.96,0.9560000000000001,0.96,0.9560000000000001],