{"5":[0.972,0.972,0.972,0.972,0.972,0.972,0.972,0.972,0.972,0.972,0.972,0.972,0.972,0.972,0.972,0.972,0.972,0.972,0.972,0.972],"56":[0.424,0.42,0.424,0.42,0.424,0.42,0.424,0.42,0.424,0.42,0.424,0.42,0.424,0.42,0.424,0.42,0.424,0.42,0.424,0.42],"35":[0.46,0.468,0.46,0.468,0.46,0.468,0.46,0.468,0.46,0.468,0.46,0.468,0.46,0.468,0.46,0.468,0.46,0.468,0.46,0.468],"55":[0.972,0.976,0.972,0.976,0.972,0.976,0.972,0.976,0.972,0.976,0.972,0.976,0.972,0.976,0.972,0.976,0.972,0.976,0.972,0.976],"60":[0.988,0.988,0.988,0.988,0.988,0.988,0.988,0.988,0.988,0.988,0.988,0.988,0.988,0.988,0.988,0.988,0.988,0.988,0.988,0.988],"30":[0.992,0.992,0.992,0.992,0.992,0.992,0.992,0.992,0.992,0.992,0.992,0.992,0.992,0.992,0.992,0.992,0.992,0.992,0.992,0.992],"32":[0.964,0.964,0.964,0.964,0.964,0.964,0.964,0.964,0.964,0.964,0.964,0.964,0.964,0.964,0.964,0.964,0.964,0.964,0.964,0.964],"6":[0.452,0.456,0.452,0.456,0.452,0.456,0.452,0.456,0.452,0.456,0.452,0.456,0.452,0.456,0.452,0.456,0.452,0.456,0.452,0.456],"67":[1.0,1.0,1.0,1.0,1.0,1.0,1.0,1.0,1.0,1.0,1.0,1.0,1.0,1.0,1.0,1.0,1.0,1.0,1.0,1.0],"45":[0.972,0.972,0.972,0.972,0.972,0.972,0.972,0.972,0.972,0.972,0.972,0.972,0.972,0.972,0.972,0.972,0.972,0.972,0.972,0.972],"73":[0.912,0.912,0.912,0.912,0.912,0.912,0.912,0.912,0.912,0.912,0.912,0.912,0.912,0.912,0.912,0.912,0.912,0.912,0.912,0.912],"64":[0.9440000000000001,0.9440000000000001,0.9440000000000001,0.9440000000000001,0.9440000000000001,0.9440000000000001,0.9440000000000001,0.9440000000000001,0.9440000000000001,0.9440000000000001,0.9440000000000001,0.9440000000000001,0.9440000000000001,0.9440000000000001,0.9440000000000001,0.9440000000000001,0.9440000000000001,0.9440000000000001,0.9440000000000001,0.9440000000000001],"4":[0.372,0.372,0.372,0.372,0.372,0.372,0.372,0.372,0.372,0.372,0.372,0.372,0.372,0.372,0.372,0.372,0.372,0.372,0.372,0.372],"13":[0.47600000000000003,0.47600000000000003,0.47600000000000003,0.47600000000000003,0.47600000000000003,0.47600000000000003,0.47600000000000003,0.47600000000000003,0.47600000000000003,0.47600000000000003,0.47600000000000003,0.47600000000000003,0.47600000000000003,0.47600000000000003,0.47600000000000003,0.47600000000000003,0.47600000000000003,0.47600000000000003,0.47600000000000003,0.47600000000000003],"54":[0.98,0.98,0.98,0.98,0.98,0.98,0.98,0.98,0.98,0.98,0.98,0.98,0.98,0.98,0.98,0.98,0.98,0.98,0.98,0.98],"63":[0.928,0.928,0.928,0.928,0.928,0.928,0.928,0.928,0.928,0.928,0.928,0.928,0.928,0.928,0.928,0.928,0.928,0.928,0.928,0.928],"62":[0.548,0.544,0.548,0.544,0.548,0.544,0.548,0.544,0.548,0.544,0.548,0.544,0.548,0.544,0.548,0.544,0.548,0.544,0.548,0.544],"58":[0.9560000000000001,0.9560000000000001,0.9560000000000001,0.9560000000000001,0.9560000000000001,0.9560000000000001,0.9560000000000001,0.9560000000000001,0.9560000000000001,0.9560000000000001,0.9560000000000001,0.9560000000000001,0.9560000000000001,0.9560000000000001,0.9560000000000001,0.9560000000000001,0.9560000000000001,0.9560000000000001,0.9560000000000001,0.9560000000000001],"52":[0.9560000000000001,0.9560000000000001,0.9560000000000001,0.9560000000000001,0.9560000000000001,0.9560000000000001,0.9560000000000001,0.9560000000000001,0.9560000000000001,0.9560000000000001,0.9560000000000001,0.9560000000000001,0.9560000000000001,0.9560000000000001,0.9560000000000001,0.9560000000000001,0.9560000000000001,0.9560000000000001,0.9560000000000001,0.9560000000000001],"12":[0.28400000000000003,0.28400000000000003,0.28400000000000003,0.28400000000000003,0.28400000000000003,0.28400000000000003,0.28400000000000003,0.28400000000000003,0.28400000000000003,0.28400000000000003,0.28400000000000003,0.28400000000000003,0.28400000000000003,0.28400000000000003,0.28400000000000003,0.28400000000000003,0.28400000000000003,0.28400000000000003,0.28400000000000003,0.28400000000000003],"28":[0.728,0.728,0.728,0.728,0.728,0.728,0.728,0.728,0.728,0.728,0.728,0.728,0.728,0.728,0.728,0.728,0.728,0.728,0.728,0.728],"75":[0.744,0.744,0.744,0.744,0.744,0.744,0.744,0.744,0.744,0.744,0.744,0.744,0.744,0.744,0.744,0.744,0.744,0.744,0.744,0.744],"23":[0.932,0.932,0.932,0.932,0.932,0.932,0.932,0.932,0.932,0.932,0.932,0.932,0.932,0.932,0.932,0.932,0.932,0.932,0.932,0.932],"41":[0.932,0.932,0.932,0.932,0.932,0.932,0.932,0.932,0.932,0.932,0.932,0.932,0.932,0.932,0.932,0.932,0.932,0.932,0.932,0.932],"43":[0.492,0.496,0.492,0.496,0.492,0.496,0.492,0.496,0.492,0.496,0.492,0.496,0.492,0.496,0.492,0.496,0.492,0.496,0.492,0.496],"11":[0.28,0.276,0.28,0.276,0.28,0.276,0.28,0.276,0.28,0.276,0.28,0.276,0.28,0.276,0.28,0.276,0.28,0.276,0.28,0.276],"36":[0.52,0.524,0.52,0.524,0.52,0.524,0.52,0.524,0.52,0.524,0.52,0.524,0.52,0.524,0.52,0.524,0.52,0.524,0.52,0.524],"68":[0.8240000000000001,0.8160000000000001,0.8240000000000001,0.8160000000000001,0.8240000000000001,0.8160000000000001,0.8240000000000001,0.8160000000000001,0.8240000000000001,0.8160000000000001,0.8240000000000001,0.8160000000000001,0.8240000000000001,0.8160000000000001,0.8240000000000001,0.8160000000000001,0.8240000000000001,0.8160000000000001,0.8240000000000001,0.8160000000000001],"69":[1.0,1.0,1.0,1.0,1.0,1.0,1.0,1.0,1.0,1.0,1.0,1.0,1.0,1.0,1.0,1.0,1.0,1.0,1.0,1.0],"82":[0.98,0.98,0.98,0.98,0.98,0.98,0.98,0.98,0.98,0.98,0.98,0.98,0.98,0.98,0.98,0.98,0.98,0.98,0.98,0.98],"85":[0.984,0.984,0.984,0.984,0.984,0.984,0.984,0.984,0.984,0.984,0.984,0.984,0.984,0.984,0.984,0.984,0.984,0.984,0.984,0.984],"39":[0.41200000000000003,0.41200000000000003,0.41200000000000003,0.41200000000000003,0.41200000000000003,0.41200000000000003,0.41200000000000003,0.41200000000000003,0.41200000000000003,0.41200000000000003,0.41200000000000003,0.41200000000000003,0.41200000000000003,0.41200000000000003,0.41200000000000003,0.41200000000000003,0.41200000000000003,0.41200000000000003,0.41200000000000003,0.41200000000000003],"84":[0.976,0.976,0.976,0.976,0.976,0.976,0.976,0.976,0.976,0.976,0.976,0.976,0.976,0.976,0.976,0.976,0.976,0.976,0.976,0.976],"77":[0.304,0.304,0.304,0.304,0.304,0.304,0.304,0.304,0.304,0.304,0.304,0.304,0.304,0.304,0.304,0.304,0.304,0.304,0.304,0.304],"7":[0.356,0.356,0.356,0.356,0.356,0.356,0.356,0.356,0.356,0.356,0.356,0.356,0.356,0.356,0.356,0.356,0.356,0.356,0.356,0.356],"25":[0.7000000000000001,0.7000000000000001,0.7000000000000001,0.7000000000000001,0.7000000000000001,0.7000000000000001,0.7000000000000001,0.7000000000000001,0.7000000000000001,0.7000000000000001,0.7000000000000001,0.7000000000000001,0.7000000000000001,0.7000000000000001,0.7000000000000001,0.7000000000000001,0.7000000000000001,0.7000000000000001,0.7000000000000001,0.7000000000000001],"71":[0.876,0.872,0.876,0.872,0.876,0.872,0.876,0.872,0.876,0.872,0.876,0.872,0.876,0.872,0.876,0.872,0.876,0.872,0.876,0.872],"66":[0.932,0.932,0.932,0.932,0.932,0.932,0.932,0.932,0.932,0.932,0.932,0.932,0.932,0.932,0.932,0.932,0.932,0.932,0.932,0.932],"76":[0.968,0.968,0.968,0.968,0.968,0.968,0.968,0.968,0.968,0.968,0.968,0.968,0.968,0.968,0.968,0.968,0.968,0.968,0.968,0.968],"34":[0.388,0.384,0.388,0.384,0.388,0.384,0.388,0.384,0.388,0.384,0.388,0.384,0.388,0.384,0.388,0.384,0.388,0.384,0.388,0.384],"50":[0.988,0.988,0.988,0.988,0.988,0.988,0.988,0.988,0.988,0.988,0.988,0.988,0.988,0.988,0.988,0.988,0.988,0.988,0.988,0.988],"59":[0.54,0.532,0.54,0.532,0.54,0.532,0.54,0.532,0.54,0.532,0.54,0.532,0.54,0.532,0.54,0.532,0.54,0.532,0.54,0.532],"2":[0.844,0.844,0.844,0.844,0.844,0.844,0.844,0.844,0.844,0.844,0.844,0.844,0.844,0.844,0.844,0.844,0.844,0.844,0.844,0.844],"10":[0.992,0.992,0.992,0.992,0.992,0.992,0.992,0.992,0.992,0.992,0.992,0.992,0.992,0.992,0.992,0.992,0.992,0.992,0.992,0.992],"18":[0.992,0.992,0.992,0.992,0.992,0.992,0.992,0.992,0.992,0.992,0.992,0.992,0.992,0.992,0.992,0.992,0.992,0.992,0.992,0.992],"26":[0.436,0.436,0.436,0.436,0.436,0.436,0.436,0.436,0.436,0.436,0.436,0.436,0.436,0.436,0.436,0.436,0.436,0.436,0.436,0.436],