{"5":[0.54,0.54,0.54,0.54,0.54,0.54,0.54,0.54,0.54,0.54,0.54,0.54,0.54,0.54,0.54,0.54,0.54,0.54,0.54,0.54],"56":[0.8320000000000001,0.8320000000000001,0.8320000000000001,0.8320000000000001,0.8320000000000001,0.8320000000000001,0.8320000000000001,0.8320000000000001,0.8320000000000001,0.8320000000000001,0.8320000000000001,0.8320000000000001,0.8320000000000001,0.8320000000000001,0.8320000000000001,0.8320000000000001,0.8320000000000001,0.8320000000000001,0.8320000000000001,0.8320000000000001],"35":[0.36,0.36,0.36,0.36,0.36,0.36,0.36,0.36,0.36,0.36,0.36,0.36,0.36,0.36,0.36,0.36,0.36,0.36,0.36,0.36],"55":[0.984,0.984,0.984,0.984,0.984,0.984,0.984,0.984,0.984,0.984,0.984,0.984,0.984,0.984,0.984,0.984,0.984,0.984,0.984,0.984],"60":[0.9560000000000001,0.9560000000000001,0.9560000000000001,0.9560000000000001,0.9560000000000001,0.9560000000000001,0.9560000000000001,0.9560000000000001,0.9560000000000001,0.9560000000000001,0.9560000000000001,0.9560000000000001,0.9560000000000001,0.9560000000000001,0.9560000000000001,0.9560000000000001,0.9560000000000001,0.9560000000000001,0.9560000000000001,0.9560000000000001],"30":[0.868,0.868,0.868,0.868,0.868,0.868,0.868,0.868,0.868,0.868,0.868,0.868,0.868,0.868,0.868,0.868,0.868,0.868,0.868,0.868],"32":[0.96,0.96,0.96,0.96,0.96,0.96,0.96,0.96,0.96,0.96,0.96,0.96,0.96,0.96,0.96,0.96,0.96,0.96,0.96,0.96],"6":[0.64,0.632,0.64,0.632,0.64,0.632,0.64,0.632,0.64,0.632,0.64,0.632,0.64,0.632,0.64,0.632,0.64,0.632,0.64,0.632],"67":[0.504,0.504,0.504,0.504,0.504,0.504,0.504,0.504,0.504,0.504,0.504,0.504,0.504,0.504,0.504,0.504,0.504,0.504,0.504,0.504],"45":[0.428,0.428,0.428,0.428,0.428,0.428,0.428,0.428,0.428,0.428,0.428,0.428,0.428,0.428,0.428,0.428,0.428,0.428,0.428,0.428],"73":[0.932,0.936,0.932,0.936,0.932,0.936,0.932,0.936,0.932,0.936,0.932,0.936,0.932,0.936,0.932,0.936,0.932,0.936,0.932,0.936],"64":[0.324,0.324,0.324,0.324,0.324,0.324,0.324,0.324,0.324,0.324,0.324,0.324,0.324,0.324,0.324,0.324,0.324,0.324,0.324,0.324],"4":[0.96,0.96,0.96,0.96,0.96,0.96,0.96,0.96,0.96,0.96,0.96,0.96,0.96,0.96,0.96,0.96,0.96,0.96,0.96,0.96],"13":[0.928,0.928,0.928,0.928,0.928,0.928,0.928,0.928,0.928,0.928,0.928,0.928,0.928,0.928,0.928,0.928,0.928,0.928,0.928,0.928],"54":[0.524,0.524,0.524,0.524,0.524,0.524,0.524,0.524,0.524,0.524,0.524,0.524,0.524,0.524,0.524,0.524,0.524,0.524,0.524,0.524],"63":[0.936,0.9400000000000001,0.936,0.9400000000000001,0.936,0.9400000000000001,0.936,0.9400000000000001,0.936,0.9400000000000001,0.936,0.9400000000000001,0.936,0.9400000000000001,0.936,0.9400000000000001,0.936,0.9400000000000001,0.936,0.9400000000000001],"86":[0.936,0.932,0.936,0.932,0.936,0.932,0.936,0.932,0.936,0.932,0.936,0.932,0.936,0.932,0.936,0.932,0.936,0.932,0.936,0.932],"62":[0.592,0.6,0.592,0.6,0.592,0.6,0.592,0.6,0.592,0.6,0.592,0.6,0.592,0.6,0.592,0.6,0.592,0.6,0.592,0.6],"58":[0.9560000000000001,0.9560000000000001,0.9560000000000001,0.9560000000000001,0.9560000000000001,0.9560000000000001,0.9560000000000001,0.9560000000000001,0.9560000000000001,0.9560000000000001,0.9560000000000001,0.9560000000000001,0.9560000000000001,0.9560000000000001,0.9560000000000001,0.9560000000000001,0.9560000000000001,0.9560000000000001,0.9560000000000001,0.9560000000000001],"52":[0.96,0.96,0.96,0.96,0.96,0.96,0.96,0.96,0.96,0.96,0.96,0.96,0.96,0.96,0.96,0.96,0.96,0.96,0.96,0.96],"12":[0.332,0.332,0.332,0.332,0.332,0.332,0.332,0.332,0.332,0.332,0.332,0.332,0.332,0.332,0.332,0.332,0.332,0.332,0.332,0.332],"28":[0.41200000000000003,0.40800000000000003,0.41200000000000003,0.40800000000000003,0.41200000000000003,0.40800000000000003,0.41200000000000003,0.40800000000000003,0.41200000000000003,0.40800000000000003,0.41200000000000003,0.40800000000000003,0.41200000000000003,0.40800000000000003,0.41200000000000003,0.40800000000000003,0.41200000000000003,0.40800000000000003,0.41200000000000003,0.40800000000000003],"75":[0.336,0.34,0.336,0.34,0.336,0.34,0.336,0.34,0.336,0.34,0.336,0.34,0.336,0.34,0.336,0.34,0.336,0.34,0.336,0.34],"23":[0.58,0.58,0.58,0.58,0.58,0.58,0.58,0.58,0.58,0.58,0.58,0.58,0.58,0.58,0.58,0.58,0.58,0.58,0.58,0.58],"41":[0.40800000000000003,0.404,0.40800000000000003,0.404,0.40800000000000003,0.404,0.40800000000000003,0.404,0.40800000000000003,0.404,0.40800000000000003,0.404,0.40800000000000003,0.404,0.40800000000000003,0.404,0.40800000000000003,0.404,0.40800000000000003,0.404],"43":[0.992,0.992,0.992,0.992,0.992,0.992,0.992,0.992,0.992,0.992,0.992,0.992,0.992,0.992,0.992,0.992,0.992,0.992,0.992,0.992],"11":[0.644,0.636,0.644,0.636,0.644,0.636,0.644,0.636,0.644,0.636,0.644,0.636,0.644,0.636,0.644,0.636,0.644,0.636,0.644,0.636],"36":[1.0,1.0,1.0,1.0,1.0,1.0,1.0,1.0,1.0,1.0,1.0,1.0,1.0,1.0,1.0,1.0,1.0,1.0,1.0,1.0],"68":[0.34400000000000003,0.34400000000000003,0.34400000000000003,0.34400000000000003,0.34400000000000003,0.34400000000000003,0.34400000000000003,0.34400000000000003,0.34400000000000003,0.34400000000000003,0.34400000000000003,0.34400000000000003,0.34400000000000003,0.34400000000000003,0.34400000000000003,0.34400000000000003,0.34400000000000003,0.34400000000000003,0.34400000000000003,0.34400000000000003],"69":[1.0,1.0,1.0,1.0,1.0,1.0,1.0,1.0,1.0,1.0,1.0,1.0,1.0,1.0,1.0,1.0,1.0,1.0,1.0,1.0],"82":[0.504,0.504,0.504,0.504,0.504,0.504,0.504,0.504,0.504,0.504,0.504,0.504,0.504,0.504,0.504,0.504,0.504,0.504,0.504,0.504],"85":[0.916,0.916,0.916,0.916,0.916,0.916,0.916,0.916,0.916,0.916,0.916,0.916,0.916,0.916,0.916,0.916,0.916,0.916,0.916,0.916],"39":[0.976,0.976,0.976,0.976,0.976,0.976,0.976,0.976,0.976,0.976,0.976,0.976,0.976,0.976,0.976,0.976,0.976,0.976,0.976,0.976],"84":[0.996,0.996,0.996,0.996,0.996,0.996,0.996,0.996,0.996,0.996,0.996,0.996,0.996,0.996,0.996,0.996,0.996,0.996,0.996,0.996],"77":[0.42,0.42,0.42,0.42,0.42,0.42,0.42,0.42,0.42,0.42,0.42,0.42,0.42,0.42,0.42,0.42,0.42,0.42,0.42,0.42],"7":[0.392,0.392,0.392,0.392,0.392,0.392,0.392,0.392,0.392,0.392,0.392,0.392,0.392,0.392,0.392,0.392,0.392,0.392,0.392,0.392],"25":[0.34400000000000003,0.34,0.34400000000000003,0.34,0.34400000000000003,0.34,0.34400000000000003,0.34,0.34400000000000003,0.34,0.34400000000000003,0.34,0.34400000000000003,0.34,0.34400000000000003,0.34,0.34400000000000003,0.34,0.34400000000000003,0.34],"71":[0.496,0.496,0.496,0.496,0.496,0.496,0.496,0.496,0.496,0.496,0.496,0.496,0.496,0.496,0.496,0.496,0.496,0.496,0.496,0.496],"66":[0.9480000000000001,0.9480000000000001,0.9480000000000001,0.9480000000000001,0.9480000000000001,0.9480000000000001,0.9480000000000001,0.9480000000000001,0.9480000000000001,0.9480000000000001,0.9480000000000001,0.9480000000000001,0.9480000000000001,0.9480000000000001,0.9480000000000001,0.9480000000000001,0.9480000000000001,0.9480000000000001,0.9480000000000001,0.9480000000000001],"76":[0.916,0.924,0.916,0.924,0.916,0.924,0.916,0.924,0.916,0.924,0.916,0.924,0.916,0.924,0.916,0.924,0.916,0.924,0.916,0.924],"34":[0.584,0.584,0.584,0.584,0.584,0.584,0.584,0.584,0.584,0.584,0.584,0.584,0.584,0.584,0.584,0.584,0.584,0.584,0.584,0.584],"50":[0.9400000000000001,0.9400000000000001,0.9400000000000001,0.9400000000000001,0.9400000000000001,0.9400000000000001,0.9400000000000001,0.9400000000000001,0.9400000000000001,0.9400000000000001,0.9400000000000001,0.9400000000000001,0.9400000000000001,0.9400000000000001,0.9400000000000001,0.9400000000000001,0.9400000000000001,0.9400000000000001,0.9400000000000001,0.9400000000000001],"59":[0.396,0.396,0.396,0.396,0.396,0.396,0.396,0.396,0.396,0.396,0.396,0.396,0.396,0.396,0.396,0.396,0.396,0.396,0.396,0.396],"2":[0.532,0.536,0.532,0.536,0.532,0.536,0.532,0.536,0.532,0.536,0.532,0.536,0.532,0.536,0.532,0.536,0.532,0.536,0.532,0.536],"10":[0.58,0.584,0.58,0.584,0.58,0.584,0.58,0.584,0.58,0.584,0.58,0.584,0.58,0.584,0.58,0.584,0.58,0.584,0.58,0.584],"18":[0.96,0.96,0.96,0.96,0.96,0.96,0.96,0.96,0.96,0.96,0.96,0.96,0.96,0.96,0.96,0.96,0.96,0.96,0.96,0.96],"26":[0.372,0.368,0.372,0.368,0.372,0.368,0.372,0.368,0.372,0.368,0.372,0.368,0.372,0.368,0.372,0.368,0.372,0.368,0.372,0.368],