{"5":[0.924,0.924,0.924,0.924,0.924,0.924,0.924,0.924,0.924,0.924,0.924,0.924,0.924,0.924,0.924,0.924,0.924,0.924,0.924,0.924],"56":[0.98,0.98,0.98,0.98,0.98,0.98,0.98,0.98,0.98,0.98,0.98,0.98,0.98,0.98,0.98,0.98,0.98,0.98,0.98,0.98],"35":[0.9400000000000001,0.9440000000000001,0.9400000000000001,0.9440000000000001,0.9400000000000001,0.9440000000000001,0.9400000000000001,0.9440000000000001,0.9400000000000001,0.9440000000000001,0.9400000000000001,0.9440000000000001,0.9400000000000001,0.9440000000000001,0.9400000000000001,0.9440000000000001,0.9400000000000001,0.9440000000000001,0.9400000000000001,0.9440000000000001],"55":[0.552,0.552,0.552,0.552,0.552,0.552,0.552,0.552,0.552,0.552,0.552,0.552,0.552,0.552,0.552,0.552,0.552,0.552,0.552,0.552],"60":[0.448,0.448,0.448,0.448,0.448,0.448,0.448,0.448,0.448,0.448,0.448,0.448,0.448,0.448,0.448,0.448,0.448,0.448,0.448,0.448],"30":[0.428,0.428,0.428,0.428,0.428,0.428,0.428,0.428,0.428,0.428,0.428,0.428,0.428,0.428,0.428,0.428,0.428,0.428,0.428,0.428],"32":[0.36,0.36,0.36,0.36,0.36,0.36,0.36,0.36,0.36,0.36,0.36,0.36,0.36,0.36,0.36,0.36,0.36,0.36,0.36,0.36],"6":[0.36,0.36,0.36,0.36,0.36,0.36,0.36,0.36,0.36,0.36,0.36,0.36,0.36,0.36,0.36,0.36,0.36,0.36,0.36,0.36],"67":[0.504,0.504,0.504,0.504,0.504,0.504,0.504,0.504,0.504,0.504,0.504,0.504,0.504,0.504,0.504,0.504,0.504,0.504,0.504,0.504],"45":[0.968,0.968,0.968,0.968,0.968,0.968,0.968,0.968,0.968,0.968,0.968,0.968,0.968,0.968,0.968,0.968,0.968,0.968,0.968,0.968],"73":[0.796,0.792,0.796,0.792,0.796,0.792,0.796,0.792,0.796,0.792,0.796,0.792,0.796,0.792,0.796,0.792,0.796,0.792,0.796,0.792],"64":[0.544,0.548,0.544,0.548,0.544,0.548,0.544,0.548,0.544,0.548,0.544,0.548,0.544,0.548,0.544,0.548,0.544,0.548,0.544,0.548],"4":[0.924,0.924,0.924,0.924,0.924,0.924,0.924,0.924,0.924,0.924,0.924,0.924,0.924,0.924,0.924,0.924,0.924,0.924,0.924,0.924],"13":[0.452,0.452,0.452,0.452,0.452,0.452,0.452,0.452,0.452,0.452,0.452,0.452,0.452,0.452,0.452,0.452,0.452,0.452,0.452,0.452],"54":[0.704,0.704,0.704,0.704,0.704,0.704,0.704,0.704,0.704,0.704,0.704,0.704,0.704,0.704,0.704,0.704,0.704,0.704,0.704,0.704],"63":[0.336,0.336,0.336,0.336,0.336,0.336,0.336,0.336,0.336,0.336,0.336,0.336,0.336,0.336,0.336,0.336,0.336,0.336,0.336,0.336],"86":[0.9,0.9,0.9,0.9,0.9,0.9,0.9,0.9,0.9,0.9,0.9,0.9,0.9,0.9,0.9,0.9,0.9,0.9,0.9,0.9],"62":[0.5760000000000001,0.58,0.5760000000000001,0.58,0.5760000000000001,0.58,0.5760000000000001,0.58,0.5760000000000001,0.58,0.5760000000000001,0.58,0.5760000000000001,0.58,0.5760000000000001,0.58,0.5760000000000001,0.58,0.5760000000000001,0.58],"58":[0.364,0.372,0.364,0.372,0.364,0.372,0.364,0.372,0.364,0.372,0.364,0.372,0.364,0.372,0.364,0.372,0.364,0.372,0.364,0.372],"52":[0.9480000000000001,0.9480000000000001,0.9480000000000001,0.9480000000000001,0.9480000000000001,0.9480000000000001,0.9480000000000001,0.9480000000000001,0.9480000000000001,0.9480000000000001,0.9480000000000001,0.9480000000000001,0.9480000000000001,0.9480000000000001,0.9480000000000001,0.9480000000000001,0.9480000000000001,0.9480000000000001,0.9480000000000001,0.9480000000000001],"12":[0.456,0.456,0.456,0.456,0.456,0.456,0.456,0.456,0.456,0.456,0.456,0.456,0.456,0.456,0.456,0.456,0.456,0.456,0.456,0.456],"28":[0.992,0.992,0.992,0.992,0.992,0.992,0.992,0.992,0.992,0.992,0.992,0.992,0.992,0.992,0.992,0.992,0.992,0.992,0.992,0.992],"75":[0.924,0.924,0.924,0.924,0.924,0.924,0.924,0.924,0.924,0.924,0.924,0.924,0.924,0.924,0.924,0.924,0.924,0.924,0.924,0.924],"23":[0.46,0.46,0.46,0.46,0.46,0.46,0.46,0.46,0.46,0.46,0.46,0.46,0.46,0.46,0.46,0.46,0.46,0.46,0.46,0.46],"41":[0.964,0.964,0.964,0.964,0.964,0.964,0.964,0.964,0.964,0.964,0.964,0.964,0.964,0.964,0.964,0.964,0.964,0.964,0.964,0.964],"43":[0.56,0.5640000000000001,0.56,0.5640000000000001,0.56,0.5640000000000001,0.56,0.5640000000000001,0.56,0.5640000000000001,0.56,0.5640000000000001,0.56,0.5640000000000001,0.56,0.5640000000000001,0.56,0.5640000000000001,0.56,0.5640000000000001],"11":[0.9560000000000001,0.9560000000000001,0.9560000000000001,0.9560000000000001,0.9560000000000001,0.9560000000000001,0.9560000000000001,0.9560000000000001,0.9560000000000001,0.9560000000000001,0.9560000000000001,0.9560000000000001,0.9560000000000001,0.9560000000000001,0.9560000000000001,0.9560000000000001,0.9560000000000001,0.9560000000000001,0.9560000000000001,0.9560000000000001],"36":[0.532,0.54,0.532,0.54,0.532,0.54,0.532,0.54,0.532,0.54,0.532,0.54,0.532,0.54,0.532,0.54,0.532,0.54,0.532,0.54],"68":[0.28800000000000003,0.292,0.28800000000000003,0.292,0.28800000000000003,0.292,0.28800000000000003,0.292,0.28800000000000003,0.292,0.28800000000000003,0.292,0.28800000000000003,0.292,0.28800000000000003,0.292,0.28800000000000003,0.292,0.28800000000000003,0.292],"69":[0.388,0.38,0.388,0.38,0.388,0.38,0.388,0.38,0.388,0.38,0.388,0.38,0.388,0.38,0.388,0.38,0.388,0.38,0.388,0.38],"82":[0.9,0.9,0.9,0.9,0.9,0.9,0.9,0.9,0.9,0.9,0.9,0.9,0.9,0.9,0.9,0.9,0.9,0.9,0.9,0.9],"85":[0.548,0.548,0.548,0.548,0.548,0.548,0.548,0.548,0.548,0.548,0.548,0.548,0.548,0.548,0.548,0.548,0.548,0.548,0.548,0.548],"39":[0.388,0.4,0.388,0.4,0.388,0.4,0.388,0.4,0.388,0.4,0.388,0.4,0.388,0.4,0.388,0.4,0.388,0.4,0.388,0.4],"84":[0.9560000000000001,0.964,0.9560000000000001,0.964,0.9560000000000001,0.964,0.9560000000000001,0.964,0.9560000000000001,0.964,0.9560000000000001,0.964,0.9560000000000001,0.964,0.9560000000000001,0.964,0.9560000000000001,0.964,0.9560000000000001,0.964],"77":[0.98,0.98,0.98,0.98,0.98,0.98,0.98,0.98,0.98,0.98,0.98,0.98,0.98,0.98,0.98,0.98,0.98,0.98,0.98,0.98],"7":[0.404,0.404,0.404,0.404,0.404,0.404,0.404,0.404,0.404,0.404,0.404,0.404,0.404,0.404,0.404,0.404,0.404,0.404,0.404,0.404],"25":[0.388,0.388,0.388,0.388,0.388,0.388,0.388,0.388,0.388,0.388,0.388,0.388,0.388,0.388,0.388,0.388,0.388,0.388,0.388,0.388],"71":[0.976,0.976,0.976,0.976,0.976,0.976,0.976,0.976,0.976,0.976,0.976,0.976,0.976,0.976,0.976,0.976,0.976,0.976,0.976,0.976],"66":[0.304,0.304,0.304,0.304,0.304,0.304,0.304,0.304,0.304,0.304,0.304,0.304,0.304,0.304,0.304,0.304,0.304,0.304,0.304,0.304],"76":[0.964,0.964,0.964,0.964,0.964,0.964,0.964,0.964,0.964,0.964,0.964,0.964,0.964,0.964,0.964,0.964,0.964,0.964,0.964,0.964],"34":[0.6920000000000001,0.6920000000000001,0.6920000000000001,0.6920000000000001,0.6920000000000001,0.6920000000000001,0.6920000000000001,0.6920000000000001,0.6920000000000001,0.6920000000000001,0.6920000000000001,0.6920000000000001,0.6920000000000001,0.6920000000000001,0.6920000000000001,0.6920000000000001,0.6920000000000001,0.6920000000000001,0.6920000000000001,0.6920000000000001],"50":[0.972,0.972,0.972,0.972,0.972,0.972,0.972,0.972,0.972,0.972,0.972,0.972,0.972,0.972,0.972,0.972,0.972,0.972,0.972,0.972],"59":[0.632,0.632,0.632,0.632,0.632,0.632,0.632,0.632,0.632,0.632,0.632,0.632,0.632,0.632,0.632,0.632,0.632,0.632,0.632,0.632],"2":[0.9400000000000001,0.9400000000000001,0.9400000000000001,0.9400000000000001,0.9400000000000001,0.9400000000000001,0.9400000000000001,0.9400000000000001,0.9400000000000001,0.9400000000000001,0.9400000000000001,0.9400000000000001,0.9400000000000001,0.9400000000000001,0.9400000000000001,0.9400000000000001,0.9400000000000001,0.9400000000000001,0.9400000000000001,0.9400000000000001],"10":[0.516,0.516,0.516,0.516,0.516,0.516,0.516,0.516,0.516,0.516,0.516,0.516,0.516,0.516,0.516,0.516,0.516,0.516,0.516,0.516],"18":[0.28400000000000003,0.28400000000000003,0.28400000000000003,0.28400000000000003,0.28400000000000003,0.28400000000000003,0.28400000000000003,0.28400000000000003,0.28400000000000003,0.28400000000000003,0.28400000000000003,0.28400000000000003,0.28400000000000003,0.28400000000000003,0.28400000000000003,0.28400000000000003,0.28400000000000003,0.28400000000000003,0.28400000000000003,0.28400000000000003],"26":[0.976,0.976,0.976,0.976,0.976,0.976,0.976,0.976,0.976,0.976,0.976,0.976,0.976,0.976,0.976,0.976,0.976,0.976,0.976,0.976],