{"5":[0.48,0.48,0.48,0.48,0.48,0.48,0.48,0.48,0.48,0.48,0.48,0.48,0.48,0.48,0.48,0.48,0.48,0.48,0.48,0.48],"56":[0.632,0.628,0.632,0.628,0.632,0.628,0.632,0.628,0.632,0.628,0.632,0.628,0.632,0.628,0.632,0.628,0.632,0.628,0.632,0.628],"35":[1.0,1.0,1.0,1.0,1.0,1.0,1.0,1.0,1.0,1.0,1.0,1.0,1.0,1.0,1.0,1.0,1.0,1.0,1.0,1.0],"55":[0.992,0.988,0.992,0.988,0.992,0.988,0.992,0.988,0.992,0.988,0.992,0.988,0.992,0.988,0.992,0.988,0.992,0.988,0.992,0.988],"60":[0.56,0.56,0.56,0.56,0.56,0.56,0.56,0.56,0.56,0.56,0.56,0.56,0.56,0.56,0.56,0.56,0.56,0.56,0.56,0.56],"30":[0.968,0.968,0.968,0.968,0.968,0.968,0.968,0.968,0.968,0.968,0.968,0.968,0.968,0.968,0.968,0.968,0.968,0.968,0.968,0.968],"32":[0.976,0.976,0.976,0.976,0.976,0.976,0.976,0.976,0.976,0.976,0.976,0.976,0.976,0.976,0.976,0.976,0.976,0.976,0.976,0.976],"6":[0.992,0.992,0.992,0.992,0.992,0.992,0.992,0.992,0.992,0.992,0.992,0.992,0.992,0.992,0.992,0.992,0.992,0.992,0.992,0.992],"67":[0.92,0.92,0.92,0.92,0.92,0.92,0.92,0.92,0.92,0.92,0.92,0.92,0.92,0.92,0.92,0.92,0.92,0.92,0.92,0.92],"45":[0.34800000000000003,0.34800000000000003,0.34800000000000003,0.34800000000000003,0.34800000000000003,0.34800000000000003,0.34800000000000003,0.34800000000000003,0.34800000000000003,0.34800000000000003,0.34800000000000003,0.34800000000000003,0.34800000000000003,0.34800000000000003,0.34800000000000003,0.34800000000000003,0.34800000000000003,0.34800000000000003,0.34800000000000003,0.34800000000000003],"73":[0.92,0.92,0.92,0.92,0.92,0.92,0.92,0.92,0.92,0.92,0.92,0.92,0.92,0.92,0.92,0.92,0.92,0.92,0.92,0.92],"64":[0.588,0.588,0.588,0.588,0.588,0.588,0.588,0.588,0.588,0.588,0.588,0.588,0.588,0.588,0.588,0.588,0.588,0.588,0.588,0.588],"4":[0.992,0.992,0.992,0.992,0.992,0.992,0.992,0.992,0.992,0.992,0.992,0.992,0.992,0.992,0.992,0.992,0.992,0.992,0.992,0.992],"13":[0.976,0.976,0.976,0.976,0.976,0.976,0.976,0.976,0.976,0.976,0.976,0.976,0.976,0.976,0.976,0.976,0.976,0.976,0.976,0.976],"54":[0.364,0.364,0.364,0.364,0.364,0.364,0.364,0.364,0.364,0.364,0.364,0.364,0.364,0.364,0.364,0.364,0.364,0.364,0.364,0.364],"63":[0.972,0.972,0.972,0.972,0.972,0.972,0.972,0.972,0.972,0.972,0.972,0.972,0.972,0.972,0.972,0.972,0.972,0.972,0.972,0.972],"62":[0.972,0.972,0.972,0.972,0.972,0.972,0.972,0.972,0.972,0.972,0.972,0.972,0.972,0.972,0.972,0.972,0.972,0.972,0.972,0.972],"58":[0.9560000000000001,0.9560000000000001,0.9560000000000001,0.9560000000000001,0.9560000000000001,0.9560000000000001,0.9560000000000001,0.9560000000000001,0.9560000000000001,0.9560000000000001,0.9560000000000001,0.9560000000000001,0.9560000000000001,0.9560000000000001,0.9560000000000001,0.9560000000000001,0.9560000000000001,0.9560000000000001,0.9560000000000001,0.9560000000000001],"52":[0.984,0.984,0.984,0.984,0.984,0.984,0.984,0.984,0.984,0.984,0.984,0.984,0.984,0.984,0.984,0.984,0.984,0.984,0.984,0.984],"12":[0.928,0.928,0.928,0.928,0.928,0.928,0.928,0.928,0.928,0.928,0.928,0.928,0.928,0.928,0.928,0.928,0.928,0.928,0.928,0.928],"28":[0.92,0.92,0.92,0.92,0.92,0.92,0.92,0.92,0.92,0.92,0.92,0.92,0.92,0.92,0.92,0.92,0.92,0.92,0.92,0.92],"75":[0.8160000000000001,0.8160000000000001,0.8160000000000001,0.8160000000000001,0.8160000000000001,0.8160000000000001,0.8160000000000001,0.8160000000000001,0.8160000000000001,0.8160000000000001,0.8160000000000001,0.8160000000000001,0.8160000000000001,0.8160000000000001,0.8160000000000001,0.8160000000000001,0.8160000000000001,0.8160000000000001,0.8160000000000001,0.8160000000000001],"23":[0.44,0.44,0.44,0.44,0.44,0.44,0.44,0.44,0.44,0.44,0.44,0.44,0.44,0.44,0.44,0.44,0.44,0.44,0.44,0.44],"41":[0.612,0.612,0.612,0.612,0.612,0.612,0.612,0.612,0.612,0.612,0.612,0.612,0.612,0.612,0.612,0.612,0.612,0.612,0.612,0.612],"43":[0.968,0.968,0.968,0.968,0.968,0.968,0.968,0.968,0.968,0.968,0.968,0.968,0.968,0.968,0.968,0.968,0.968,0.968,0.968,0.968],"11":[0.6880000000000001,0.68,0.6880000000000001,0.68,0.6880000000000001,0.68,0.6880000000000001,0.68,0.6880000000000001,0.68,0.6880000000000001,0.68,0.6880000000000001,0.68,0.6880000000000001,0.68,0.6880000000000001,0.68,0.6880000000000001,0.68],"36":[0.992,0.992,0.992,0.992,0.992,0.992,0.992,0.992,0.992,0.992,0.992,0.992,0.992,0.992,0.992,0.992,0.992,0.992,0.992,0.992],"68":[0.47200000000000003,0.464,0.47200000000000003,0.464,0.47200000000000003,0.464,0.47200000000000003,0.464,0.47200000000000003,0.464,0.47200000000000003,0.464,0.47200000000000003,0.464,0.47200000000000003,0.464,0.47200000000000003,0.464,0.47200000000000003,0.464],"69":[0.28800000000000003,0.276,0.28800000000000003,0.276,0.28800000000000003,0.276,0.28800000000000003,0.276,0.28800000000000003,0.276,0.28800000000000003,0.276,0.28800000000000003,0.276,0.28800000000000003,0.276,0.28800000000000003,0.276,0.28800000000000003,0.276],"39":[0.976,0.972,0.976,0.972,0.976,0.972,0.976,0.972,0.976,0.972,0.976,0.972,0.976,0.972,0.976,0.972,0.976,0.972,0.976,0.972],"77":[0.912,0.916,0.912,0.916,0.912,0.916,0.912,0.916,0.912,0.916,0.912,0.916,0.912,0.916,0.912,0.916,0.912,0.916,0.912,0.916],"7":[0.86,0.86,0.86,0.86,0.86,0.86,0.86,0.86,0.86,0.86,0.86,0.86,0.86,0.86,0.86,0.86,0.86,0.86,0.86,0.86],"25":[0.9480000000000001,0.9480000000000001,0.9480000000000001,0.9480000000000001,0.9480000000000001,0.9480000000000001,0.9480000000000001,0.9480000000000001,0.9480000000000001,0.9480000000000001,0.9480000000000001,0.9480000000000001,0.9480000000000001,0.9480000000000001,0.9480000000000001,0.9480000000000001,0.9480000000000001,0.9480000000000001,0.9480000000000001,0.9480000000000001],"71":[0.98,0.98,0.98,0.98,0.98,0.98,0.98,0.98,0.98,0.98,0.98,0.98,0.98,0.98,0.98,0.98,0.98,0.98,0.98,0.98],"66":[0.9,0.9,0.9,0.9,0.9,0.9,0.9,0.9,0.9,0.9,0.9,0.9,0.9,0.9,0.9,0.9,0.9,0.9,0.9,0.9],"76":[0.988,0.988,0.988,0.988,0.988,0.988,0.988,0.988,0.988,0.988,0.988,0.988,0.988,0.988,0.988,0.988,0.988,0.988,0.988,0.988],"34":[0.784,0.78,0.784,0.78,0.784,0.78,0.784,0.78,0.784,0.78,0.784,0.78,0.784,0.78,0.784,0.78,0.784,0.78,0.784,0.78],"50":[0.96,0.96,0.96,0.96,0.96,0.96,0.96,0.96,0.96,0.96,0.96,0.96,0.96,0.96,0.96,0.96,0.96,0.96,0.96,0.96],"59":[0.47600000000000003,0.47600000000000003,0.47600000000000003,0.47600000000000003,0.47600000000000003,0.47600000000000003,0.47600000000000003,0.47600000000000003,0.47600000000000003,0.47600000000000003,0.47600000000000003,0.47600000000000003,0.47600000000000003,0.47600000000000003,0.47600000000000003,0.47600000000000003,0.47600000000000003,0.47600000000000003,0.47600000000000003,0.47600000000000003],"2":[0.996,0.996,0.996,0.996,0.996,0.996,0.996,0.996,0.996,0.996,0.996,0.996,0.996,0.996,0.996,0.996,0.996,0.996,0.996,0.996],"10":[0.964,0.964,0.964,0.964,0.964,0.964,0.964,0.964,0.964,0.964,0.964,0.964,0.964,0.964,0.964,0.964,0.964,0.964,0.964,0.964],"18":[0.708,0.708,0.708,0.708,0.708,0.708,0.708,0.708,0.708,0.708,0.708,0.708,0.708,0.708,0.708,0.708,0.708,0.708,0.708,0.708],"26":[0.776,0.776,0.776,0.776,0.776,0.776,0.776,0.776,0.776,0.776,0.776,0.776,0.776,0.776,0.776,0.776,0.776,0.776,0.776,0.776],"27":[0.56,0.56,0.56,0.56,0.56,0.56,0.56,0.56,0.56,0.56,0.56,0.56,0.56,0.56,0.56,0.56,0.56,0.56,0.56,0.56],"42":[0.984,0.984,0.984,0.984,0.984,0.984,0.984,0.984,0.984,0.984,0.984,0.984,0.984,0.984,0.984,0.984,0.984,0.984,0.984,0.984],"16":[0.668,0.664,0.668,0.664,0.668,0.664,0.668,0.664,0.668,0.664,0.668,0.664,0.668,0.664,0.668,0.664,0.668,0.664,0.668,0.664],"20":[0.428,0.428,0.428,0.428,0.428,0.428,0.428,0.428,0.428,0.428,0.428,0.428,0.428,0.428,0.428,0.428,0.428,0.428,0.428,0.428],"19":[0.992,0.992,0.992,0.992,0.992,0.992,0.992,0.992,0.992,0.992,0.992,0.992,0.992,0.992,0.992,0.992,0.992,0.992,0.992,0.992],"49":[0.636,0.636,0.636,0.636,0.636,0.636,0.636,0.636,0.636,0.636,0.636,0.636,0.636,0.636,0.636,0.636,0.636,0.636,0.636,0.636],"44":[0.996,0.996,0.996,0.996,0.996,0.996,0.996,0.996,0.996,0.996,0.996,0.996,0.996,0.996,0.996,0.996,0.996,0.996,0.996,0.996],"9":[0.992,0.992,0.992,0.992,0.992,0.992,0.992,0.992,0.992,0.992,0.992,0.992,0.992,0.992,0.992,0.992,0.992,0.992,0.992,0.992],