{"5":[0.41200000000000003,0.41200000000000003,0.41200000000000003,0.41200000000000003,0.41200000000000003,0.41200000000000003,0.41200000000000003,0.41200000000000003,0.41200000000000003,0.41200000000000003,0.41200000000000003,0.41200000000000003,0.41200000000000003,0.41200000000000003,0.41200000000000003,0.41200000000000003,0.41200000000000003,0.41200000000000003,0.41200000000000003,0.41200000000000003],"56":[0.804,0.792,0.804,0.792,0.804,0.792,0.804,0.792,0.804,0.792,0.804,0.792,0.804,0.792,0.804,0.792,0.804,0.792,0.804,0.792],"35":[0.308,0.308,0.308,0.308,0.308,0.308,0.308,0.308,0.308,0.308,0.308,0.308,0.308,0.308,0.308,0.308,0.308,0.308,0.308,0.308],"55":[0.512,0.512,0.512,0.512,0.512,0.512,0.512,0.512,0.512,0.512,0.512,0.512,0.512,0.512,0.512,0.512,0.512,0.512,0.512,0.512],"60":[0.352,0.34400000000000003,0.352,0.34400000000000003,0.352,0.34400000000000003,0.352,0.34400000000000003,0.352,0.34400000000000003,0.352,0.34400000000000003,0.352,0.34400000000000003,0.352,0.34400000000000003,0.352,0.34400000000000003,0.352,0.34400000000000003],"30":[0.42,0.42,0.42,0.42,0.42,0.42,0.42,0.42,0.42,0.42,0.42,0.42,0.42,0.42,0.42,0.42,0.42,0.42,0.42,0.42],"32":[0.56,0.56,0.56,0.56,0.56,0.56,0.56,0.56,0.56,0.56,0.56,0.56,0.56,0.56,0.56,0.56,0.56,0.56,0.56,0.56],"6":[0.528,0.528,0.528,0.528,0.528,0.528,0.528,0.528,0.528,0.528,0.528,0.528,0.528,0.528,0.528,0.528,0.528,0.528,0.528,0.528],"67":[0.28400000000000003,0.292,0.28400000000000003,0.292,0.28400000000000003,0.292,0.28400000000000003,0.292,0.28400000000000003,0.292,0.28400000000000003,0.292,0.28400000000000003,0.292,0.28400000000000003,0.292,0.28400000000000003,0.292,0.28400000000000003,0.292],"45":[0.504,0.504,0.504,0.504,0.504,0.504,0.504,0.504,0.504,0.504,0.504,0.504,0.504,0.504,0.504,0.504,0.504,0.504,0.504,0.504],"73":[0.356,0.356,0.356,0.356,0.356,0.356,0.356,0.356,0.356,0.356,0.356,0.356,0.356,0.356,0.356,0.356,0.356,0.356,0.356,0.356],"64":[0.9480000000000001,0.96,0.9480000000000001,0.96,0.9480000000000001,0.96,0.9480000000000001,0.96,0.9480000000000001,0.96,0.9480000000000001,0.96,0.9480000000000001,0.96,0.9480000000000001,0.96,0.9480000000000001,0.96,0.9480000000000001,0.96],"90":[0.468,0.468,0.468,0.468,0.468,0.468,0.468,0.468,0.468,0.468,0.468,0.468,0.468,0.468,0.468,0.468,0.468,0.468,0.468,0.468],"4":[0.392,0.4,0.392,0.4,0.392,0.4,0.392,0.4,0.392,0.4,0.392,0.4,0.392,0.4,0.392,0.4,0.392,0.4,0.392,0.4],"13":[0.308,0.312,0.308,0.312,0.308,0.312,0.308,0.312,0.308,0.312,0.308,0.312,0.308,0.312,0.308,0.312,0.308,0.312,0.308,0.312],"54":[0.5,0.5,0.5,0.5,0.5,0.5,0.5,0.5,0.5,0.5,0.5,0.5,0.5,0.5,0.5,0.5,0.5,0.5,0.5,0.5],"63":[0.488,0.488,0.488,0.488,0.488,0.488,0.488,0.488,0.488,0.488,0.488,0.488,0.488,0.488,0.488,0.488,0.488,0.488,0.488,0.488],"86":[0.404,0.404,0.404,0.404,0.404,0.404,0.404,0.404,0.404,0.404,0.404,0.404,0.404,0.404,0.404,0.404,0.404,0.404,0.404,0.404],"91":[0.44,0.452,0.44,0.452,0.44,0.452,0.44,0.452,0.44,0.452,0.44,0.452,0.44,0.452,0.44,0.452,0.44,0.452,0.44,0.452],"62":[0.92,0.912,0.92,0.912,0.92,0.912,0.92,0.912,0.92,0.912,0.92,0.912,0.92,0.912,0.92,0.912,0.92,0.912,0.92,0.912],"58":[0.744,0.744,0.744,0.744,0.744,0.744,0.744,0.744,0.744,0.744,0.744,0.744,0.744,0.744,0.744,0.744,0.744,0.744,0.744,0.744],"52":[0.452,0.452,0.452,0.452,0.452,0.452,0.452,0.452,0.452,0.452,0.452,0.452,0.452,0.452,0.452,0.452,0.452,0.452,0.452,0.452],"12":[0.592,0.592,0.592,0.592,0.592,0.592,0.592,0.592,0.592,0.592,0.592,0.592,0.592,0.592,0.592,0.592,0.592,0.592,0.592,0.592],"28":[0.384,0.384,0.384,0.384,0.384,0.384,0.384,0.384,0.384,0.384,0.384,0.384,0.384,0.384,0.384,0.384,0.384,0.384,0.384,0.384],"75":[0.47200000000000003,0.47200000000000003,0.47200000000000003,0.47200000000000003,0.47200000000000003,0.47200000000000003,0.47200000000000003,0.47200000000000003,0.47200000000000003,0.47200000000000003,0.47200000000000003,0.47200000000000003,0.47200000000000003,0.47200000000000003,0.47200000000000003,0.47200000000000003,0.47200000000000003,0.47200000000000003,0.47200000000000003,0.47200000000000003],"23":[0.296,0.296,0.296,0.296,0.296,0.296,0.296,0.296,0.296,0.296,0.296,0.296,0.296,0.296,0.296,0.296,0.296,0.296,0.296,0.296],"92":[0.42,0.42,0.42,0.42,0.42,0.42,0.42,0.42,0.42,0.42,0.42,0.42,0.42,0.42,0.42,0.42,0.42,0.42,0.42,0.42],"41":[0.5680000000000001,0.5640000000000001,0.5680000000000001,0.5640000000000001,0.5680000000000001,0.5640000000000001,0.5680000000000001,0.5640000000000001,0.5680000000000001,0.5640000000000001,0.5680000000000001,0.5640000000000001,0.5680000000000001,0.5640000000000001,0.5680000000000001,0.5640000000000001,0.5680000000000001,0.5640000000000001,0.5680000000000001,0.5640000000000001],"43":[0.9480000000000001,0.9480000000000001,0.9480000000000001,0.9480000000000001,0.9480000000000001,0.9480000000000001,0.9480000000000001,0.9480000000000001,0.9480000000000001,0.9480000000000001,0.9480000000000001,0.9480000000000001,0.9480000000000001,0.9480000000000001,0.9480000000000001,0.9480000000000001,0.9480000000000001,0.9480000000000001,0.9480000000000001,0.9480000000000001],"11":[0.508,0.5,0.508,0.5,0.508,0.5,0.508,0.5,0.508,0.5,0.508,0.5,0.508,0.5,0.508,0.5,0.508,0.5,0.508,0.5],"36":[0.40800000000000003,0.40800000000000003,0.40800000000000003,0.40800000000000003,0.40800000000000003,0.40800000000000003,0.40800000000000003,0.40800000000000003,0.40800000000000003,0.40800000000000003,0.40800000000000003,0.40800000000000003,0.40800000000000003,0.40800000000000003,0.40800000000000003,0.40800000000000003,0.40800000000000003,0.40800000000000003,0.40800000000000003,0.40800000000000003],"68":[0.376,0.376,0.376,0.376,0.376,0.376,0.376,0.376,0.376,0.376,0.376,0.376,0.376,0.376,0.376,0.376,0.376,0.376,0.376,0.376],"69":[0.292,0.296,0.292,0.296,0.292,0.296,0.292,0.296,0.292,0.296,0.292,0.296,0.292,0.296,0.292,0.296,0.292,0.296,0.292,0.296],"98":[0.296,0.304,0.296,0.304,0.296,0.304,0.296,0.304,0.296,0.304,0.296,0.304,0.296,0.304,0.296,0.304,0.296,0.304,0.296,0.304],"82":[0.628,0.628,0.628,0.628,0.628,0.628,0.628,0.628,0.628,0.628,0.628,0.628,0.628,0.628,0.628,0.628,0.628,0.628,0.628,0.628],"85":[0.532,0.536,0.532,0.536,0.532,0.536,0.532,0.536,0.532,0.536,0.532,0.536,0.532,0.536,0.532,0.536,0.532,0.536,0.532,0.536],"39":[0.904,0.908,0.904,0.908,0.904,0.908,0.904,0.908,0.904,0.908,0.904,0.908,0.904,0.908,0.904,0.908,0.904,0.908,0.904,0.908],"84":[0.396,0.4,0.396,0.4,0.396,0.4,0.396,0.4,0.396,0.4,0.396,0.4,0.396,0.4,0.396,0.4,0.396,0.4,0.396,0.4],"77":[0.296,0.296,0.296,0.296,0.296,0.296,0.296,0.296,0.296,0.296,0.296,0.296,0.296,0.296,0.296,0.296,0.296,0.296,0.296,0.296],"7":[0.432,0.42,0.432,0.42,0.432,0.42,0.432,0.42,0.432,0.42,0.432,0.42,0.432,0.42,0.432,0.42,0.432,0.42,0.432,0.42],"25":[0.924,0.924,0.924,0.924,0.924,0.924,0.924,0.924,0.924,0.924,0.924,0.924,0.924,0.924,0.924,0.924,0.924,0.924,0.924,0.924],"95":[0.228,0.228,0.228,0.228,0.228,0.228,0.228,0.228,0.228,0.228,0.228,0.228,0.228,0.228,0.228,0.228,0.228,0.228,0.228,0.228],"71":[0.228,0.228,0.228,0.228,0.228,0.228,0.228,0.228,0.228,0.228,0.228,0.228,0.228,0.228,0.228,0.228,0.228,0.228,0.228,0.228],"66":[0.308,0.308,0.308,0.308,0.308,0.308,0.308,0.308,0.308,0.308,0.308,0.308,0.308,0.308,0.308,0.308,0.308,0.308,0.308,0.308],"76":[0.796,0.804,0.796,0.804,0.796,0.804,0.796,0.804,0.796,0.804,0.796,0.804,0.796,0.804,0.796,0.804,0.796,0.804,0.796,0.804],"34":[0.9480000000000001,0.9480000000000001,0.9480000000000001,0.9480000000000001,0.9480000000000001,0.9480000000000001,0.9480000000000001,0.9480000000000001,0.9480000000000001,0.9480000000000001,0.9480000000000001,0.9480000000000001,0.9480000000000001,0.9480000000000001,0.9480000000000001,0.9480000000000001,0.9480000000000001,0.9480000000000001,0.9480000000000001,0.9480000000000001],"50":[0.444,0.44,0.444,0.44,0.444,0.44,0.444,0.44,0.444,0.44,0.444,0.44,0.444,0.44,0.444,0.44,0.444,0.44,0.444,0.44],"59":[0.3,0.3,0.3,0.3,0.3,0.3,0.3,0.3,0.3,0.3,0.3,0.3,0.3,0.3,0.3,0.3,0.3,0.3,0.3,0.3],