{"5":[0.312,0.312,0.312,0.312,0.312,0.312,0.312,0.312,0.312,0.312,0.312,0.312,0.312,0.312,0.312,0.312,0.312,0.312,0.312,0.312],"56":[0.976,0.976,0.976,0.976,0.976,0.976,0.976,0.976,0.976,0.976,0.976,0.976,0.976,0.976,0.976,0.976,0.976,0.976,0.976,0.976],"35":[0.996,0.996,0.996,0.996,0.996,0.996,0.996,0.996,0.996,0.996,0.996,0.996,0.996,0.996,0.996,0.996,0.996,0.996,0.996,0.996],"55":[0.6920000000000001,0.6920000000000001,0.6920000000000001,0.6920000000000001,0.6920000000000001,0.6920000000000001,0.6920000000000001,0.6920000000000001,0.6920000000000001,0.6920000000000001,0.6920000000000001,0.6920000000000001,0.6920000000000001,0.6920000000000001,0.6920000000000001,0.6920000000000001,0.6920000000000001,0.6920000000000001,0.6920000000000001,0.6920000000000001],"60":[0.636,0.636,0.636,0.636,0.636,0.636,0.636,0.636,0.636,0.636,0.636,0.636,0.636,0.636,0.636,0.636,0.636,0.636,0.636,0.636],"30":[0.96,0.964,0.96,0.964,0.96,0.964,0.96,0.964,0.96,0.964,0.96,0.964,0.96,0.964,0.96,0.964,0.96,0.964,0.96,0.964],"32":[0.776,0.764,0.776,0.764,0.776,0.764,0.776,0.764,0.776,0.764,0.776,0.764,0.776,0.764,0.776,0.764,0.776,0.764,0.776,0.764],"6":[0.456,0.456,0.456,0.456,0.456,0.456,0.456,0.456,0.456,0.456,0.456,0.456,0.456,0.456,0.456,0.456,0.456,0.456,0.456,0.456],"67":[0.996,0.996,0.996,0.996,0.996,0.996,0.996,0.996,0.996,0.996,0.996,0.996,0.996,0.996,0.996,0.996,0.996,0.996,0.996,0.996],"45":[0.984,0.984,0.984,0.984,0.984,0.984,0.984,0.984,0.984,0.984,0.984,0.984,0.984,0.984,0.984,0.984,0.984,0.984,0.984,0.984],"73":[1.0,1.0,1.0,1.0,1.0,1.0,1.0,1.0,1.0,1.0,1.0,1.0,1.0,1.0,1.0,1.0,1.0,1.0,1.0,1.0],"64":[0.396,0.396,0.396,0.396,0.396,0.396,0.396,0.396,0.396,0.396,0.396,0.396,0.396,0.396,0.396,0.396,0.396,0.396,0.396,0.396],"4":[0.9560000000000001,0.9560000000000001,0.9560000000000001,0.9560000000000001,0.9560000000000001,0.9560000000000001,0.9560000000000001,0.9560000000000001,0.9560000000000001,0.9560000000000001,0.9560000000000001,0.9560000000000001,0.9560000000000001,0.9560000000000001,0.9560000000000001,0.9560000000000001,0.9560000000000001,0.9560000000000001,0.9560000000000001,0.9560000000000001],"13":[0.988,0.988,0.988,0.988,0.988,0.988,0.988,0.988,0.988,0.988,0.988,0.988,0.988,0.988,0.988,0.988,0.988,0.988,0.988,0.988],"54":[1.0,1.0,1.0,1.0,1.0,1.0,1.0,1.0,1.0,1.0,1.0,1.0,1.0,1.0,1.0,1.0,1.0,1.0,1.0,1.0],"63":[0.396,0.396,0.396,0.396,0.396,0.396,0.396,0.396,0.396,0.396,0.396,0.396,0.396,0.396,0.396,0.396,0.396,0.396,0.396,0.396],"62":[0.9560000000000001,0.9560000000000001,0.9560000000000001,0.9560000000000001,0.9560000000000001,0.9560000000000001,0.9560000000000001,0.9560000000000001,0.9560000000000001,0.9560000000000001,0.9560000000000001,0.9560000000000001,0.9560000000000001,0.9560000000000001,0.9560000000000001,0.9560000000000001,0.9560000000000001,0.9560000000000001,0.9560000000000001,0.9560000000000001],"58":[0.56,0.56,0.56,0.56,0.56,0.56,0.56,0.56,0.56,0.56,0.56,0.56,0.56,0.56,0.56,0.56,0.56,0.56,0.56,0.56],"52":[0.532,0.536,0.532,0.536,0.532,0.536,0.532,0.536,0.532,0.536,0.532,0.536,0.532,0.536,0.532,0.536,0.532,0.536,0.532,0.536],"12":[0.28,0.28,0.28,0.28,0.28,0.28,0.28,0.28,0.28,0.28,0.28,0.28,0.28,0.28,0.28,0.28,0.28,0.28,0.28,0.28],"28":[0.964,0.964,0.964,0.964,0.964,0.964,0.964,0.964,0.964,0.964,0.964,0.964,0.964,0.964,0.964,0.964,0.964,0.964,0.964,0.964],"75":[0.624,0.624,0.624,0.624,0.624,0.624,0.624,0.624,0.624,0.624,0.624,0.624,0.624,0.624,0.624,0.624,0.624,0.624,0.624,0.624],"23":[0.34,0.34400000000000003,0.34,0.34400000000000003,0.34,0.34400000000000003,0.34,0.34400000000000003,0.34,0.34400000000000003,0.34,0.34400000000000003,0.34,0.34400000000000003,0.34,0.34400000000000003,0.34,0.34400000000000003,0.34,0.34400000000000003],"41":[0.864,0.864,0.864,0.864,0.864,0.864,0.864,0.864,0.864,0.864,0.864,0.864,0.864,0.864,0.864,0.864,0.864,0.864,0.864,0.864],"43":[0.496,0.496,0.496,0.496,0.496,0.496,0.496,0.496,0.496,0.496,0.496,0.496,0.496,0.496,0.496,0.496,0.496,0.496,0.496,0.496],"11":[0.748,0.756,0.748,0.756,0.748,0.756,0.748,0.756,0.748,0.756,0.748,0.756,0.748,0.756,0.748,0.756,0.748,0.756,0.748,0.756],"36":[0.652,0.652,0.652,0.652,0.652,0.652,0.652,0.652,0.652,0.652,0.652,0.652,0.652,0.652,0.652,0.652,0.652,0.652,0.652,0.652],"68":[0.9440000000000001,0.9440000000000001,0.9440000000000001,0.9440000000000001,0.9440000000000001,0.9440000000000001,0.9440000000000001,0.9440000000000001,0.9440000000000001,0.9440000000000001,0.9440000000000001,0.9440000000000001,0.9440000000000001,0.9440000000000001,0.9440000000000001,0.9440000000000001,0.9440000000000001,0.9440000000000001,0.9440000000000001,0.9440000000000001],"69":[0.8240000000000001,0.8240000000000001,0.8240000000000001,0.8240000000000001,0.8240000000000001,0.8240000000000001,0.8240000000000001,0.8240000000000001,0.8240000000000001,0.8240000000000001,0.8240000000000001,0.8240000000000001,0.8240000000000001,0.8240000000000001,0.8240000000000001,0.8240000000000001,0.8240000000000001,0.8240000000000001,0.8240000000000001,0.8240000000000001],"39":[0.40800000000000003,0.40800000000000003,0.40800000000000003,0.40800000000000003,0.40800000000000003,0.40800000000000003,0.40800000000000003,0.40800000000000003,0.40800000000000003,0.40800000000000003,0.40800000000000003,0.40800000000000003,0.40800000000000003,0.40800000000000003,0.40800000000000003,0.40800000000000003,0.40800000000000003,0.40800000000000003,0.40800000000000003,0.40800000000000003],"77":[0.492,0.5,0.492,0.5,0.492,0.5,0.492,0.5,0.492,0.5,0.492,0.5,0.492,0.5,0.492,0.5,0.492,0.5,0.492,0.5],"7":[1.0,1.0,1.0,1.0,1.0,1.0,1.0,1.0,1.0,1.0,1.0,1.0,1.0,1.0,1.0,1.0,1.0,1.0,1.0,1.0],"25":[0.516,0.516,0.516,0.516,0.516,0.516,0.516,0.516,0.516,0.516,0.516,0.516,0.516,0.516,0.516,0.516,0.516,0.516,0.516,0.516],"71":[0.9400000000000001,0.9400000000000001,0.9400000000000001,0.9400000000000001,0.9400000000000001,0.9400000000000001,0.9400000000000001,0.9400000000000001,0.9400000000000001,0.9400000000000001,0.9400000000000001,0.9400000000000001,0.9400000000000001,0.9400000000000001,0.9400000000000001,0.9400000000000001,0.9400000000000001,0.9400000000000001,0.9400000000000001,0.9400000000000001],"66":[0.888,0.888,0.888,0.888,0.888,0.888,0.888,0.888,0.888,0.888,0.888,0.888,0.888,0.888,0.888,0.888,0.888,0.888,0.888,0.888],"76":[0.996,0.996,0.996,0.996,0.996,0.996,0.996,0.996,0.996,0.996,0.996,0.996,0.996,0.996,0.996,0.996,0.996,0.996,0.996,0.996],"34":[0.976,0.976,0.976,0.976,0.976,0.976,0.976,0.976,0.976,0.976,0.976,0.976,0.976,0.976,0.976,0.976,0.976,0.976,0.976,0.976],"50":[0.896,0.892,0.896,0.892,0.896,0.892,0.896,0.892,0.896,0.892,0.896,0.892,0.896,0.892,0.896,0.892,0.896,0.892,0.896,0.892],"59":[0.9400000000000001,0.9440000000000001,0.9400000000000001,0.9440000000000001,0.9400000000000001,0.9440000000000001,0.9400000000000001,0.9440000000000001,0.9400000000000001,0.9440000000000001,0.9400000000000001,0.9440000000000001,0.9400000000000001,0.9440000000000001,0.9400000000000001,0.9440000000000001,0.9400000000000001,0.9440000000000001,0.9400000000000001,0.9440000000000001],"2":[0.424,0.44,0.424,0.44,0.424,0.44,0.424,0.44,0.424,0.44,0.424,0.44,0.424,0.44,0.424,0.44,0.424,0.44,0.424,0.44],"10":[0.48,0.47600000000000003,0.48,0.47600000000000003,0.48,0.47600000000000003,0.48,0.47600000000000003,0.48,0.47600000000000003,0.48,0.47600000000000003,0.48,0.47600000000000003,0.48,0.47600000000000003,0.48,0.47600000000000003,0.48,0.47600000000000003],"18":[0.664,0.672,0.664,0.672,0.664,0.672,0.664,0.672,0.664,0.672,0.664,0.672,0.664,0.672,0.664,0.672,0.664,0.672,0.664,0.672],"26":[0.4,0.4,0.4,0.4,0.4,0.4,0.4,0.4,0.4,0.4,0.4,0.4,0.4,0.4,0.4,0.4,0.4,0.4,0.4,0.4],"27":[0.588,0.588,0.588,0.588,0.588,0.588,0.588,0.588,0.588,0.588,0.588,0.588,0.588,0.588,0.588,0.588,0.588,0.588,0.588,0.588],