{"5":[0.332,0.332,0.332,0.332,0.332,0.332,0.332,0.332,0.332,0.332,0.332,0.332,0.332,0.332,0.332,0.332,0.332,0.332,0.332,0.332],"56":[0.336,0.328,0.336,0.328,0.336,0.328,0.336,0.328,0.336,0.328,0.336,0.328,0.336,0.328,0.336,0.328,0.336,0.328,0.336,0.328],"35":[0.272,0.272,0.272,0.272,0.272,0.272,0.272,0.272,0.272,0.272,0.272,0.272,0.272,0.272,0.272,0.272,0.272,0.272,0.272,0.272],"55":[0.384,0.376,0.384,0.376,0.384,0.376,0.384,0.376,0.384,0.376,0.384,0.376,0.384,0.376,0.384,0.376,0.384,0.376,0.384,0.376],"60":[0.972,0.972,0.972,0.972,0.972,0.972,0.972,0.972,0.972,0.972,0.972,0.972,0.972,0.972,0.972,0.972,0.972,0.972,0.972,0.972],"30":[0.616,0.616,0.616,0.616,0.616,0.616,0.616,0.616,0.616,0.616,0.616,0.616,0.616,0.616,0.616,0.616,0.616,0.616,0.616,0.616],"32":[0.492,0.496,0.492,0.496,0.492,0.496,0.492,0.496,0.492,0.496,0.492,0.496,0.492,0.496,0.492,0.496,0.492,0.496,0.492,0.496],"6":[0.976,0.976,0.976,0.976,0.976,0.976,0.976,0.976,0.976,0.976,0.976,0.976,0.976,0.976,0.976,0.976,0.976,0.976,0.976,0.976],"67":[0.8280000000000001,0.8320000000000001,0.8280000000000001,0.8320000000000001,0.8280000000000001,0.8320000000000001,0.8280000000000001,0.8320000000000001,0.8280000000000001,0.8320000000000001,0.8280000000000001,0.8320000000000001,0.8280000000000001,0.8320000000000001,0.8280000000000001,0.8320000000000001,0.8280000000000001,0.8320000000000001,0.8280000000000001,0.8320000000000001],"45":[0.884,0.884,0.884,0.884,0.884,0.884,0.884,0.884,0.884,0.884,0.884,0.884,0.884,0.884,0.884,0.884,0.884,0.884,0.884,0.884],"73":[0.972,0.972,0.972,0.972,0.972,0.972,0.972,0.972,0.972,0.972,0.972,0.972,0.972,0.972,0.972,0.972,0.972,0.972,0.972,0.972],"64":[0.468,0.468,0.468,0.468,0.468,0.468,0.468,0.468,0.468,0.468,0.468,0.468,0.468,0.468,0.468,0.468,0.468,0.468,0.468,0.468],"90":[0.352,0.352,0.352,0.352,0.352,0.352,0.352,0.352,0.352,0.352,0.352,0.352,0.352,0.352,0.352,0.352,0.352,0.352,0.352,0.352],"4":[0.996,0.996,0.996,0.996,0.996,0.996,0.996,0.996,0.996,0.996,0.996,0.996,0.996,0.996,0.996,0.996,0.996,0.996,0.996,0.996],"13":[0.988,0.988,0.988,0.988,0.988,0.988,0.988,0.988,0.988,0.988,0.988,0.988,0.988,0.988,0.988,0.988,0.988,0.988,0.988,0.988],"54":[0.9400000000000001,0.9400000000000001,0.9400000000000001,0.9400000000000001,0.9400000000000001,0.9400000000000001,0.9400000000000001,0.9400000000000001,0.9400000000000001,0.9400000000000001,0.9400000000000001,0.9400000000000001,0.9400000000000001,0.9400000000000001,0.9400000000000001,0.9400000000000001,0.9400000000000001,0.9400000000000001,0.9400000000000001,0.9400000000000001],"63":[0.5640000000000001,0.5640000000000001,0.5640000000000001,0.5640000000000001,0.5640000000000001,0.5640000000000001,0.5640000000000001,0.5640000000000001,0.5640000000000001,0.5640000000000001,0.5640000000000001,0.5640000000000001,0.5640000000000001,0.5640000000000001,0.5640000000000001,0.5640000000000001,0.5640000000000001,0.5640000000000001,0.5640000000000001,0.5640000000000001],"86":[0.4,0.40800000000000003,0.4,0.40800000000000003,0.4,0.40800000000000003,0.4,0.40800000000000003,0.4,0.40800000000000003,0.4,0.40800000000000003,0.4,0.40800000000000003,0.4,0.40800000000000003,0.4,0.40800000000000003,0.4,0.40800000000000003],"91":[0.47600000000000003,0.47600000000000003,0.47600000000000003,0.47600000000000003,0.47600000000000003,0.47600000000000003,0.47600000000000003,0.47600000000000003,0.47600000000000003,0.47600000000000003,0.47600000000000003,0.47600000000000003,0.47600000000000003,0.47600000000000003,0.47600000000000003,0.47600000000000003,0.47600000000000003,0.47600000000000003,0.47600000000000003,0.47600000000000003],"62":[0.596,0.596,0.596,0.596,0.596,0.596,0.596,0.596,0.596,0.596,0.596,0.596,0.596,0.596,0.596,0.596,0.596,0.596,0.596,0.596],"58":[0.41200000000000003,0.41600000000000004,0.41200000000000003,0.41600000000000004,0.41200000000000003,0.41600000000000004,0.41200000000000003,0.41600000000000004,0.41200000000000003,0.41600000000000004,0.41200000000000003,0.41600000000000004,0.41200000000000003,0.41600000000000004,0.41200000000000003,0.41600000000000004,0.41200000000000003,0.41600000000000004,0.41200000000000003,0.41600000000000004],"52":[0.316,0.312,0.316,0.312,0.316,0.312,0.316,0.312,0.316,0.312,0.316,0.312,0.316,0.312,0.316,0.312,0.316,0.312,0.316,0.312],"12":[0.308,0.308,0.308,0.308,0.308,0.308,0.308,0.308,0.308,0.308,0.308,0.308,0.308,0.308,0.308,0.308,0.308,0.308,0.308,0.308],"28":[0.328,0.328,0.328,0.328,0.328,0.328,0.328,0.328,0.328,0.328,0.328,0.328,0.328,0.328,0.328,0.328,0.328,0.328,0.328,0.328],"75":[0.9520000000000001,0.9520000000000001,0.9520000000000001,0.9520000000000001,0.9520000000000001,0.9520000000000001,0.9520000000000001,0.9520000000000001,0.9520000000000001,0.9520000000000001,0.9520000000000001,0.9520000000000001,0.9520000000000001,0.9520000000000001,0.9520000000000001,0.9520000000000001,0.9520000000000001,0.9520000000000001,0.9520000000000001,0.9520000000000001],"23":[0.5680000000000001,0.5680000000000001,0.5680000000000001,0.5680000000000001,0.5680000000000001,0.5680000000000001,0.5680000000000001,0.5680000000000001,0.5680000000000001,0.5680000000000001,0.5680000000000001,0.5680000000000001,0.5680000000000001,0.5680000000000001,0.5680000000000001,0.5680000000000001,0.5680000000000001,0.5680000000000001,0.5680000000000001,0.5680000000000001],"41":[0.528,0.536,0.528,0.536,0.528,0.536,0.528,0.536,0.528,0.536,0.528,0.536,0.528,0.536,0.528,0.536,0.528,0.536,0.528,0.536],"43":[0.672,0.672,0.672,0.672,0.672,0.672,0.672,0.672,0.672,0.672,0.672,0.672,0.672,0.672,0.672,0.672,0.672,0.672,0.672,0.672],"11":[0.98,0.98,0.98,0.98,0.98,0.98,0.98,0.98,0.98,0.98,0.98,0.98,0.98,0.98,0.98,0.98,0.98,0.98,0.98,0.98],"36":[0.972,0.972,0.972,0.972,0.972,0.972,0.972,0.972,0.972,0.972,0.972,0.972,0.972,0.972,0.972,0.972,0.972,0.972,0.972,0.972],"68":[0.28400000000000003,0.28400000000000003,0.28400000000000003,0.28400000000000003,0.28400000000000003,0.28400000000000003,0.28400000000000003,0.28400000000000003,0.28400000000000003,0.28400000000000003,0.28400000000000003,0.28400000000000003,0.28400000000000003,0.28400000000000003,0.28400000000000003,0.28400000000000003,0.28400000000000003,0.28400000000000003,0.28400000000000003,0.28400000000000003],"69":[0.38,0.38,0.38,0.38,0.38,0.38,0.38,0.38,0.38,0.38,0.38,0.38,0.38,0.38,0.38,0.38,0.38,0.38,0.38,0.38],"82":[0.32,0.32,0.32,0.32,0.32,0.32,0.32,0.32,0.32,0.32,0.32,0.32,0.32,0.32,0.32,0.32,0.32,0.32,0.32,0.32],"85":[0.976,0.976,0.976,0.976,0.976,0.976,0.976,0.976,0.976,0.976,0.976,0.976,0.976,0.976,0.976,0.976,0.976,0.976,0.976,0.976],"39":[0.41600000000000004,0.41600000000000004,0.41600000000000004,0.41600000000000004,0.41600000000000004,0.41600000000000004,0.41600000000000004,0.41600000000000004,0.41600000000000004,0.41600000000000004,0.41600000000000004,0.41600000000000004,0.41600000000000004,0.41600000000000004,0.41600000000000004,0.41600000000000004,0.41600000000000004,0.41600000000000004,0.41600000000000004,0.41600000000000004],"84":[0.34800000000000003,0.34800000000000003,0.34800000000000003,0.34800000000000003,0.34800000000000003,0.34800000000000003,0.34800000000000003,0.34800000000000003,0.34800000000000003,0.34800000000000003,0.34800000000000003,0.34800000000000003,0.34800000000000003,0.34800000000000003,0.34800000000000003,0.34800000000000003,0.34800000000000003,0.34800000000000003,0.34800000000000003,0.34800000000000003],"77":[0.52,0.52,0.52,0.52,0.52,0.52,0.52,0.52,0.52,0.52,0.52,0.52,0.52,0.52,0.52,0.52,0.52,0.52,0.52,0.52],"7":[0.47600000000000003,0.47600000000000003,0.47600000000000003,0.47600000000000003,0.47600000000000003,0.47600000000000003,0.47600000000000003,0.47600000000000003,0.47600000000000003,0.47600000000000003,0.47600000000000003,0.47600000000000003,0.47600000000000003,0.47600000000000003,0.47600000000000003,0.47600000000000003,0.47600000000000003,0.47600000000000003,0.47600000000000003,0.47600000000000003],"25":[0.976,0.98,0.976,0.98,0.976,0.98,0.976,0.98,0.976,0.98,0.976,0.98,0.976,0.98,0.976,0.98,0.976,0.98,0.976,0.98],