{"5":[0.972,0.972,0.972,0.972,0.972,0.972,0.972,0.972,0.972,0.972,0.972,0.972,0.972,0.972,0.972,0.972,0.972,0.972,0.972,0.972],"56":[0.3,0.3,0.3,0.3,0.3,0.3,0.3,0.3,0.3,0.3,0.3,0.3,0.3,0.3,0.3,0.3,0.3,0.3,0.3,0.3],"35":[0.992,0.992,0.992,0.992,0.992,0.992,0.992,0.992,0.992,0.992,0.992,0.992,0.992,0.992,0.992,0.992,0.992,0.992,0.992,0.992],"55":[0.984,0.984,0.984,0.984,0.984,0.984,0.984,0.984,0.984,0.984,0.984,0.984,0.984,0.984,0.984,0.984,0.984,0.984,0.984,0.984],"60":[0.312,0.312,0.312,0.312,0.312,0.312,0.312,0.312,0.312,0.312,0.312,0.312,0.312,0.312,0.312,0.312,0.312,0.312,0.312,0.312],"30":[0.972,0.972,0.972,0.972,0.972,0.972,0.972,0.972,0.972,0.972,0.972,0.972,0.972,0.972,0.972,0.972,0.972,0.972,0.972,0.972],"32":[0.352,0.336,0.352,0.336,0.352,0.336,0.352,0.336,0.352,0.336,0.352,0.336,0.352,0.336,0.352,0.336,0.352,0.336,0.352,0.336],"6":[0.468,0.464,0.468,0.464,0.468,0.464,0.468,0.464,0.468,0.464,0.468,0.464,0.468,0.464,0.468,0.464,0.468,0.464,0.468,0.464],"67":[0.396,0.396,0.396,0.396,0.396,0.396,0.396,0.396,0.396,0.396,0.396,0.396,0.396,0.396,0.396,0.396,0.396,0.396,0.396,0.396],"45":[0.632,0.64,0.632,0.64,0.632,0.64,0.632,0.64,0.632,0.64,0.632,0.64,0.632,0.64,0.632,0.64,0.632,0.64,0.632,0.64],"73":[0.4,0.4,0.4,0.4,0.4,0.4,0.4,0.4,0.4,0.4,0.4,0.4,0.4,0.4,0.4,0.4,0.4,0.4,0.4,0.4],"64":[0.9440000000000001,0.9440000000000001,0.9440000000000001,0.9440000000000001,0.9440000000000001,0.9440000000000001,0.9440000000000001,0.9440000000000001,0.9440000000000001,0.9440000000000001,0.9440000000000001,0.9440000000000001,0.9440000000000001,0.9440000000000001,0.9440000000000001,0.9440000000000001,0.9440000000000001,0.9440000000000001,0.9440000000000001,0.9440000000000001],"4":[0.992,0.996,0.992,0.996,0.992,0.996,0.992,0.996,0.992,0.996,0.992,0.996,0.992,0.996,0.992,0.996,0.992,0.996,0.992,0.996],"13":[0.988,0.988,0.988,0.988,0.988,0.988,0.988,0.988,0.988,0.988,0.988,0.988,0.988,0.988,0.988,0.988,0.988,0.988,0.988,0.988],"54":[0.9440000000000001,0.9480000000000001,0.9440000000000001,0.9480000000000001,0.9440000000000001,0.9480000000000001,0.9440000000000001,0.9480000000000001,0.9440000000000001,0.9480000000000001,0.9440000000000001,0.9480000000000001,0.9440000000000001,0.9480000000000001,0.9440000000000001,0.9480000000000001,0.9440000000000001,0.9480000000000001,0.9440000000000001,0.9480000000000001],"63":[0.9,0.9,0.9,0.9,0.9,0.9,0.9,0.9,0.9,0.9,0.9,0.9,0.9,0.9,0.9,0.9,0.9,0.9,0.9,0.9],"62":[0.9400000000000001,0.936,0.9400000000000001,0.936,0.9400000000000001,0.936,0.9400000000000001,0.936,0.9400000000000001,0.936,0.9400000000000001,0.936,0.9400000000000001,0.936,0.9400000000000001,0.936,0.9400000000000001,0.936,0.9400000000000001,0.936],"58":[0.448,0.448,0.448,0.448,0.448,0.448,0.448,0.448,0.448,0.448,0.448,0.448,0.448,0.448,0.448,0.448,0.448,0.448,0.448,0.448],"52":[0.308,0.324,0.308,0.324,0.308,0.324,0.308,0.324,0.308,0.324,0.308,0.324,0.308,0.324,0.308,0.324,0.308,0.324,0.308,0.324],"12":[0.8320000000000001,0.8320000000000001,0.8320000000000001,0.8320000000000001,0.8320000000000001,0.8320000000000001,0.8320000000000001,0.8320000000000001,0.8320000000000001,0.8320000000000001,0.8320000000000001,0.8320000000000001,0.8320000000000001,0.8320000000000001,0.8320000000000001,0.8320000000000001,0.8320000000000001,0.8320000000000001,0.8320000000000001,0.8320000000000001],"28":[0.964,0.964,0.964,0.964,0.964,0.964,0.964,0.964,0.964,0.964,0.964,0.964,0.964,0.964,0.964,0.964,0.964,0.964,0.964,0.964],"75":[0.34800000000000003,0.34800000000000003,0.34800000000000003,0.34800000000000003,0.34800000000000003,0.34800000000000003,0.34800000000000003,0.34800000000000003,0.34800000000000003,0.34800000000000003,0.34800000000000003,0.34800000000000003,0.34800000000000003,0.34800000000000003,0.34800000000000003,0.34800000000000003,0.34800000000000003,0.34800000000000003,0.34800000000000003,0.34800000000000003],"23":[1.0,1.0,1.0,1.0,1.0,1.0,1.0,1.0,1.0,1.0,1.0,1.0,1.0,1.0,1.0,1.0,1.0,1.0,1.0,1.0],"41":[0.34,0.34800000000000003,0.34,0.34800000000000003,0.34,0.34800000000000003,0.34,0.34800000000000003,0.34,0.34800000000000003,0.34,0.34800000000000003,0.34,0.34800000000000003,0.34,0.34800000000000003,0.34,0.34800000000000003,0.34,0.34800000000000003],"43":[0.316,0.316,0.316,0.316,0.316,0.316,0.316,0.316,0.316,0.316,0.316,0.316,0.316,0.316,0.316,0.316,0.316,0.316,0.316,0.316],"11":[0.508,0.508,0.508,0.508,0.508,0.508,0.508,0.508,0.508,0.508,0.508,0.508,0.508,0.508,0.508,0.508,0.508,0.508,0.508,0.508],"36":[0.524,0.524,0.524,0.524,0.524,0.524,0.524,0.524,0.524,0.524,0.524,0.524,0.524,0.524,0.524,0.524,0.524,0.524,0.524,0.524],"68":[0.924,0.924,0.924,0.924,0.924,0.924,0.924,0.924,0.924,0.924,0.924,0.924,0.924,0.924,0.924,0.924,0.924,0.924,0.924,0.924],"69":[0.892,0.888,0.892,0.888,0.892,0.888,0.892,0.888,0.892,0.888,0.892,0.888,0.892,0.888,0.892,0.888,0.892,0.888,0.892,0.888],"82":[0.968,0.968,0.968,0.968,0.968,0.968,0.968,0.968,0.968,0.968,0.968,0.968,0.968,0.968,0.968,0.968,0.968,0.968,0.968,0.968],"39":[0.96,0.96,0.96,0.96,0.96,0.96,0.96,0.96,0.96,0.96,0.96,0.96,0.96,0.96,0.96,0.96,0.96,0.96,0.96,0.96],"77":[0.996,0.996,0.996,0.996,0.996,0.996,0.996,0.996,0.996,0.996,0.996,0.996,0.996,0.996,0.996,0.996,0.996,0.996,0.996,0.996],"7":[0.336,0.336,0.336,0.336,0.336,0.336,0.336,0.336,0.336,0.336,0.336,0.336,0.336,0.336,0.336,0.336,0.336,0.336,0.336,0.336],"25":[0.98,0.98,0.98,0.98,0.98,0.98,0.98,0.98,0.98,0.98,0.98,0.98,0.98,0.98,0.98,0.98,0.98,0.98,0.98,0.98],"71":[0.86,0.86,0.86,0.86,0.86,0.86,0.86,0.86,0.86,0.86,0.86,0.86,0.86,0.86,0.86,0.86,0.86,0.86,0.86,0.86],"66":[0.984,0.984,0.984,0.984,0.984,0.984,0.984,0.984,0.984,0.984,0.984,0.984,0.984,0.984,0.984,0.984,0.984,0.984,0.984,0.984],"76":[0.9560000000000001,0.9560000000000001,0.9560000000000001,0.9560000000000001,0.9560000000000001,0.9560000000000001,0.9560000000000001,0.9560000000000001,0.9560000000000001,0.9560000000000001,0.9560000000000001,0.9560000000000001,0.9560000000000001,0.9560000000000001,0.9560000000000001,0.9560000000000001,0.9560000000000001,0.9560000000000001,0.9560000000000001,0.9560000000000001],"34":[0.728,0.728,0.728,0.728,0.728,0.728,0.728,0.728,0.728,0.728,0.728,0.728,0.728,0.728,0.728,0.728,0.728,0.728,0.728,0.728],"50":[0.964,0.964,0.964,0.964,0.964,0.964,0.964,0.964,0.964,0.964,0.964,0.964,0.964,0.964,0.964,0.964,0.964,0.964,0.964,0.964],"59":[0.896,0.896,0.896,0.896,0.896,0.896,0.896,0.896,0.896,0.896,0.896,0.896,0.896,0.896,0.896,0.896,0.896,0.896,0.896,0.896],"2":[0.928,0.92,0.928,0.92,0.928,0.92,0.928,0.92,0.928,0.92,0.928,0.92,0.928,0.92,0.928,0.92,0.928,0.92,0.928,0.92],"10":[0.42,0.42,0.42,0.42,0.42,0.42,0.42,0.42,0.42,0.42,0.42,0.42,0.42,0.42,0.42,0.42,0.42,0.42,0.42,0.42],"18":[0.684,0.6880000000000001,0.684,0.6880000000000001,0.684,0.6880000000000001,0.684,0.6880000000000001,0.684,0.6880000000000001,0.684,0.6880000000000001,0.684,0.6880000000000001,0.684,0.6880000000000001,0.684,0.6880000000000001,0.684,0.6880000000000001],"26":[0.36,0.36,0.36,0.36,0.36,0.36,0.36,0.36,0.36,0.36,0.36,0.36,0.36,0.36,0.36,0.36,0.36,0.36,0.36,0.36],"27":[0.844,0.84,0.844,0.84,0.844,0.84,0.844,0.84,0.844,0.84,0.844,0.84,0.844,0.84,0.844,0.84,0.844,0.84,0.844,0.84],"42":[0.996,0.996,0.996,0.996,0.996,0.996,0.996,0.996,0.996,0.996,0.996,0.996,0.996,0.996,0.996,0.996,0.996,0.996,0.996,0.996],"79":[0.996,0.996,0.996,0.996,0.996,0.996,0.996,0.996,0.996,0.996,0.996,0.996,0.996,0.996,0.996,0.996,0.996,0.996,0.996,0.996],"16":[0.9440000000000001,0.9480000000000001,0.9440000000000001,0.9480000000000001,0.9440000000000001,0.9480000000000001,0.9440000000000001,0.9480000000000001,0.9440000000000001,0.9480000000000001,0.9440000000000001,0.9480000000000001,0.9440000000000001,0.9480000000000001,0.9440000000000001,0.9480000000000001,0.9440000000000001,0.9480000000000001,0.9440000000000001,0.9480000000000001],