{"5":[0.296,0.296,0.296,0.296,0.296,0.296,0.296,0.296,0.296,0.296,0.296,0.296,0.296,0.296,0.296,0.296,0.296,0.296,0.296,0.296],"56":[0.388,0.388,0.388,0.388,0.388,0.388,0.388,0.388,0.388,0.388,0.388,0.388,0.388,0.388,0.388,0.388,0.388,0.388,0.388,0.388],"35":[0.292,0.292,0.292,0.292,0.292,0.292,0.292,0.292,0.292,0.292,0.292,0.292,0.292,0.292,0.292,0.292,0.292,0.292,0.292,0.292],"55":[0.444,0.444,0.444,0.444,0.444,0.444,0.444,0.444,0.444,0.444,0.444,0.444,0.444,0.444,0.444,0.444,0.444,0.444,0.444,0.444],"60":[0.844,0.844,0.844,0.844,0.844,0.844,0.844,0.844,0.844,0.844,0.844,0.844,0.844,0.844,0.844,0.844,0.844,0.844,0.844,0.844],"30":[0.732,0.732,0.732,0.732,0.732,0.732,0.732,0.732,0.732,0.732,0.732,0.732,0.732,0.732,0.732,0.732,0.732,0.732,0.732,0.732],"32":[0.728,0.728,0.728,0.728,0.728,0.728,0.728,0.728,0.728,0.728,0.728,0.728,0.728,0.728,0.728,0.728,0.728,0.728,0.728,0.728],"6":[0.28800000000000003,0.296,0.28800000000000003,0.296,0.28800000000000003,0.296,0.28800000000000003,0.296,0.28800000000000003,0.296,0.28800000000000003,0.296,0.28800000000000003,0.296,0.28800000000000003,0.296,0.28800000000000003,0.296,0.28800000000000003,0.296],"67":[0.32,0.324,0.32,0.324,0.32,0.324,0.32,0.324,0.32,0.324,0.32,0.324,0.32,0.324,0.32,0.324,0.32,0.324,0.32,0.324],"45":[0.368,0.36,0.368,0.36,0.368,0.36,0.368,0.36,0.368,0.36,0.368,0.36,0.368,0.36,0.368,0.36,0.368,0.36,0.368,0.36],"73":[0.40800000000000003,0.40800000000000003,0.40800000000000003,0.40800000000000003,0.40800000000000003,0.40800000000000003,0.40800000000000003,0.40800000000000003,0.40800000000000003,0.40800000000000003,0.40800000000000003,0.40800000000000003,0.40800000000000003,0.40800000000000003,0.40800000000000003,0.40800000000000003,0.40800000000000003,0.40800000000000003,0.40800000000000003,0.40800000000000003],"64":[0.364,0.364,0.364,0.364,0.364,0.364,0.364,0.364,0.364,0.364,0.364,0.364,0.364,0.364,0.364,0.364,0.364,0.364,0.364,0.364],"90":[0.272,0.28,0.272,0.28,0.272,0.28,0.272,0.28,0.272,0.28,0.272,0.28,0.272,0.28,0.272,0.28,0.272,0.28,0.272,0.28],"4":[0.264,0.264,0.264,0.264,0.264,0.264,0.264,0.264,0.264,0.264,0.264,0.264,0.264,0.264,0.264,0.264,0.264,0.264,0.264,0.264],"13":[0.468,0.468,0.468,0.468,0.468,0.468,0.468,0.468,0.468,0.468,0.468,0.468,0.468,0.468,0.468,0.468,0.468,0.468,0.468,0.468],"54":[0.328,0.328,0.328,0.328,0.328,0.328,0.328,0.328,0.328,0.328,0.328,0.328,0.328,0.328,0.328,0.328,0.328,0.328,0.328,0.328],"63":[0.28400000000000003,0.28400000000000003,0.28400000000000003,0.28400000000000003,0.28400000000000003,0.28400000000000003,0.28400000000000003,0.28400000000000003,0.28400000000000003,0.28400000000000003,0.28400000000000003,0.28400000000000003,0.28400000000000003,0.28400000000000003,0.28400000000000003,0.28400000000000003,0.28400000000000003,0.28400000000000003,0.28400000000000003,0.28400000000000003],"86":[0.452,0.444,0.452,0.444,0.452,0.444,0.452,0.444,0.452,0.444,0.452,0.444,0.452,0.444,0.452,0.444,0.452,0.444,0.452,0.444],"91":[0.528,0.528,0.528,0.528,0.528,0.528,0.528,0.528,0.528,0.528,0.528,0.528,0.528,0.528,0.528,0.528,0.528,0.528,0.528,0.528],"62":[0.912,0.904,0.912,0.904,0.912,0.904,0.912,0.904,0.912,0.904,0.912,0.904,0.912,0.904,0.912,0.904,0.912,0.904,0.912,0.904],"58":[0.592,0.6,0.592,0.6,0.592,0.6,0.592,0.6,0.592,0.6,0.592,0.6,0.592,0.6,0.592,0.6,0.592,0.6,0.592,0.6],"52":[0.536,0.54,0.536,0.54,0.536,0.54,0.536,0.54,0.536,0.54,0.536,0.54,0.536,0.54,0.536,0.54,0.536,0.54,0.536,0.54],"12":[0.456,0.452,0.456,0.452,0.456,0.452,0.456,0.452,0.456,0.452,0.456,0.452,0.456,0.452,0.456,0.452,0.456,0.452,0.456,0.452],"28":[0.38,0.38,0.38,0.38,0.38,0.38,0.38,0.38,0.38,0.38,0.38,0.38,0.38,0.38,0.38,0.38,0.38,0.38,0.38,0.38],"75":[0.256,0.256,0.256,0.256,0.256,0.256,0.256,0.256,0.256,0.256,0.256,0.256,0.256,0.256,0.256,0.256,0.256,0.256,0.256,0.256],"23":[0.28,0.28,0.28,0.28,0.28,0.28,0.28,0.28,0.28,0.28,0.28,0.28,0.28,0.28,0.28,0.28,0.28,0.28,0.28,0.28],"92":[0.5720000000000001,0.5720000000000001,0.5720000000000001,0.5720000000000001,0.5720000000000001,0.5720000000000001,0.5720000000000001,0.5720000000000001,0.5720000000000001,0.5720000000000001,0.5720000000000001,0.5720000000000001,0.5720000000000001,0.5720000000000001,0.5720000000000001,0.5720000000000001,0.5720000000000001,0.5720000000000001,0.5720000000000001,0.5720000000000001],"41":[0.496,0.504,0.496,0.504,0.496,0.504,0.496,0.504,0.496,0.504,0.496,0.504,0.496,0.504,0.496,0.504,0.496,0.504,0.496,0.504],"43":[0.928,0.916,0.928,0.916,0.928,0.916,0.928,0.916,0.928,0.916,0.928,0.916,0.928,0.916,0.928,0.916,0.928,0.916,0.928,0.916],"11":[0.368,0.368,0.368,0.368,0.368,0.368,0.368,0.368,0.368,0.368,0.368,0.368,0.368,0.368,0.368,0.368,0.368,0.368,0.368,0.368],"36":[0.32,0.32,0.32,0.32,0.32,0.32,0.32,0.32,0.32,0.32,0.32,0.32,0.32,0.32,0.32,0.32,0.32,0.32,0.32,0.32],"68":[0.248,0.248,0.248,0.248,0.248,0.248,0.248,0.248,0.248,0.248,0.248,0.248,0.248,0.248,0.248,0.248,0.248,0.248,0.248,0.248],"69":[0.456,0.468,0.456,0.468,0.456,0.468,0.456,0.468,0.456,0.468,0.456,0.468,0.456,0.468,0.456,0.468,0.456,0.468,0.456,0.468],"98":[0.34800000000000003,0.34800000000000003,0.34800000000000003,0.34800000000000003,0.34800000000000003,0.34800000000000003,0.34800000000000003,0.34800000000000003,0.34800000000000003,0.34800000000000003,0.34800000000000003,0.34800000000000003,0.34800000000000003,0.34800000000000003,0.34800000000000003,0.34800000000000003,0.34800000000000003,0.34800000000000003,0.34800000000000003,0.34800000000000003],"82":[0.9440000000000001,0.9440000000000001,0.9440000000000001,0.9440000000000001,0.9440000000000001,0.9440000000000001,0.9440000000000001,0.9440000000000001,0.9440000000000001,0.9440000000000001,0.9440000000000001,0.9440000000000001,0.9440000000000001,0.9440000000000001,0.9440000000000001,0.9440000000000001,0.9440000000000001,0.9440000000000001,0.9440000000000001,0.9440000000000001],"85":[0.324,0.324,0.324,0.324,0.324,0.324,0.324,0.324,0.324,0.324,0.324,0.324,0.324,0.324,0.324,0.324,0.324,0.324,0.324,0.324],"39":[0.6,0.584,0.6,0.584,0.6,0.584,0.6,0.584,0.6,0.584,0.6,0.584,0.6,0.584,0.6,0.584,0.6,0.584,0.6,0.584],"84":[0.308,0.304,0.308,0.304,0.308,0.304,0.308,0.304,0.308,0.304,0.308,0.304,0.308,0.304,0.308,0.304,0.308,0.304,0.308,0.304],"77":[0.396,0.396,0.396,0.396,0.396,0.396,0.396,0.396,0.396,0.396,0.396,0.396,0.396,0.396,0.396,0.396,0.396,0.396,0.396,0.396],"7":[0.38,0.372,0.38,0.372,0.38,0.372,0.38,0.372,0.38,0.372,0.38,0.372,0.38,0.372,0.38,0.372,0.38,0.372,0.38,0.372],"25":[0.6,0.6,0.6,0.6,0.6,0.6,0.6,0.6,0.6,0.6,0.6,0.6,0.6,0.6,0.6,0.6,0.6,0.6,0.6,0.6],"95":[0.336,0.336,0.336,0.336,0.336,0.336,0.336,0.336,0.336,0.336,0.336,0.336,0.336,0.336,0.336,0.336,0.336,0.336,0.336,0.336],"71":[0.376,0.376,0.376,0.376,0.376,0.376,0.376,0.376,0.376,0.376,0.376,0.376,0.376,0.376,0.376,0.376,0.376,0.376,0.376,0.376],"66":[0.552,0.552,0.552,0.552,0.552,0.552,0.552,0.552,0.552,0.552,0.552,0.552,0.552,0.552,0.552,0.552,0.552,0.552,0.552,0.552],"76":[0.436,0.436,0.436,0.436,0.436,0.436,0.436,0.436,0.436,0.436,0.436,0.436,0.436,0.436,0.436,0.436,0.436,0.436,0.436,0.436],"34":[0.436,0.444,0.436,0.444,0.436,0.444,0.436,0.444,0.436,0.444,0.436,0.444,0.436,0.444,0.436,0.444,0.436,0.444,0.436,0.444],"50":[0.332,0.332,0.332,0.332,0.332,0.332,0.332,0.332,0.332,0.332,0.332,0.332,0.332,0.332,0.332,0.332,0.332,0.332,0.332,0.332],"59":[0.404,0.404,0.404,0.404,0.404,0.404,0.404,0.404,0.404,0.404,0.404,0.404,0.404,0.404,0.404,0.404,0.404,0.404,0.404,0.404],"93":[0.312,0.308,0.312,0.308,0.312,0.308,0.312,0.308,0.312,0.308,0.312,0.308,0.312,0.308,0.312,0.308,0.312,0.308,0.312,0.308],"2":[0.356,0.356,0.356,0.356,0.356,0.356,0.356,0.356,0.356,0.356,0.356,0.356,0.356,0.356,0.356,0.356,0.356,0.356,0.356,0.356],"10":[0.436,0.436,0.436,0.436,0.436,0.436,0.436,0.436,0.436,0.436,0.436,0.436,0.436,0.436,0.436,0.436,0.436,0.436,0.436,0.436],"18":[0.48,0.48,0.48,0.48,0.48,0.48,0.48,0.48,0.48,0.48,0.48,0.48,0.48,0.48,0.48,0.48,0.48,0.48,0.48,0.48],