{"5":[0.312,0.312,0.312,0.312,0.312,0.312,0.312,0.312,0.312,0.312,0.312,0.312,0.312,0.312,0.312,0.312,0.312,0.312,0.312,0.312],"56":[0.752,0.752,0.752,0.752,0.752,0.752,0.752,0.752,0.752,0.752,0.752,0.752,0.752,0.752,0.752,0.752,0.752,0.752,0.752,0.752],"35":[0.992,0.992,0.992,0.992,0.992,0.992,0.992,0.992,0.992,0.992,0.992,0.992,0.992,0.992,0.992,0.992,0.992,0.992,0.992,0.992],"55":[0.996,0.996,0.996,0.996,0.996,0.996,0.996,0.996,0.996,0.996,0.996,0.996,0.996,0.996,0.996,0.996,0.996,0.996,0.996,0.996],"60":[0.968,0.968,0.968,0.968,0.968,0.968,0.968,0.968,0.968,0.968,0.968,0.968,0.968,0.968,0.968,0.968,0.968,0.968,0.968,0.968],"30":[0.5760000000000001,0.5760000000000001,0.5760000000000001,0.5760000000000001,0.5760000000000001,0.5760000000000001,0.5760000000000001,0.5760000000000001,0.5760000000000001,0.5760000000000001,0.5760000000000001,0.5760000000000001,0.5760000000000001,0.5760000000000001,0.5760000000000001,0.5760000000000001,0.5760000000000001,0.5760000000000001,0.5760000000000001,0.5760000000000001],"32":[0.328,0.328,0.328,0.328,0.328,0.328,0.328,0.328,0.328,0.328,0.328,0.328,0.328,0.328,0.328,0.328,0.328,0.328,0.328,0.328],"6":[0.932,0.932,0.932,0.932,0.932,0.932,0.932,0.932,0.932,0.932,0.932,0.932,0.932,0.932,0.932,0.932,0.932,0.932,0.932,0.932],"67":[0.396,0.396,0.396,0.396,0.396,0.396,0.396,0.396,0.396,0.396,0.396,0.396,0.396,0.396,0.396,0.396,0.396,0.396,0.396,0.396],"45":[0.76,0.76,0.76,0.76,0.76,0.76,0.76,0.76,0.76,0.76,0.76,0.76,0.76,0.76,0.76,0.76,0.76,0.76,0.76,0.76],"73":[0.41200000000000003,0.41200000000000003,0.41200000000000003,0.41200000000000003,0.41200000000000003,0.41200000000000003,0.41200000000000003,0.41200000000000003,0.41200000000000003,0.41200000000000003,0.41200000000000003,0.41200000000000003,0.41200000000000003,0.41200000000000003,0.41200000000000003,0.41200000000000003,0.41200000000000003,0.41200000000000003,0.41200000000000003,0.41200000000000003],"64":[0.384,0.38,0.384,0.38,0.384,0.38,0.384,0.38,0.384,0.38,0.384,0.38,0.384,0.38,0.384,0.38,0.384,0.38,0.384,0.38],"4":[0.968,0.968,0.968,0.968,0.968,0.968,0.968,0.968,0.968,0.968,0.968,0.968,0.968,0.968,0.968,0.968,0.968,0.968,0.968,0.968],"13":[0.5760000000000001,0.5760000000000001,0.5760000000000001,0.5760000000000001,0.5760000000000001,0.5760000000000001,0.5760000000000001,0.5760000000000001,0.5760000000000001,0.5760000000000001,0.5760000000000001,0.5760000000000001,0.5760000000000001,0.5760000000000001,0.5760000000000001,0.5760000000000001,0.5760000000000001,0.5760000000000001,0.5760000000000001,0.5760000000000001],"54":[0.992,0.992,0.992,0.992,0.992,0.992,0.992,0.992,0.992,0.992,0.992,0.992,0.992,0.992,0.992,0.992,0.992,0.992,0.992,0.992],"63":[0.392,0.392,0.392,0.392,0.392,0.392,0.392,0.392,0.392,0.392,0.392,0.392,0.392,0.392,0.392,0.392,0.392,0.392,0.392,0.392],"62":[0.324,0.324,0.324,0.324,0.324,0.324,0.324,0.324,0.324,0.324,0.324,0.324,0.324,0.324,0.324,0.324,0.324,0.324,0.324,0.324],"58":[0.808,0.808,0.808,0.808,0.808,0.808,0.808,0.808,0.808,0.808,0.808,0.808,0.808,0.808,0.808,0.808,0.808,0.808,0.808,0.808],"52":[0.9400000000000001,0.9400000000000001,0.9400000000000001,0.9400000000000001,0.9400000000000001,0.9400000000000001,0.9400000000000001,0.9400000000000001,0.9400000000000001,0.9400000000000001,0.9400000000000001,0.9400000000000001,0.9400000000000001,0.9400000000000001,0.9400000000000001,0.9400000000000001,0.9400000000000001,0.9400000000000001,0.9400000000000001,0.9400000000000001],"12":[0.676,0.676,0.676,0.676,0.676,0.676,0.676,0.676,0.676,0.676,0.676,0.676,0.676,0.676,0.676,0.676,0.676,0.676,0.676,0.676],"28":[0.664,0.664,0.664,0.664,0.664,0.664,0.664,0.664,0.664,0.664,0.664,0.664,0.664,0.664,0.664,0.664,0.664,0.664,0.664,0.664],"75":[0.98,0.98,0.98,0.98,0.98,0.98,0.98,0.98,0.98,0.98,0.98,0.98,0.98,0.98,0.98,0.98,0.98,0.98,0.98,0.98],"23":[0.376,0.38,0.376,0.38,0.376,0.38,0.376,0.38,0.376,0.38,0.376,0.38,0.376,0.38,0.376,0.38,0.376,0.38,0.376,0.38],"41":[0.936,0.936,0.936,0.936,0.936,0.936,0.936,0.936,0.936,0.936,0.936,0.936,0.936,0.936,0.936,0.936,0.936,0.936,0.936,0.936],"43":[0.6920000000000001,0.6920000000000001,0.6920000000000001,0.6920000000000001,0.6920000000000001,0.6920000000000001,0.6920000000000001,0.6920000000000001,0.6920000000000001,0.6920000000000001,0.6920000000000001,0.6920000000000001,0.6920000000000001,0.6920000000000001,0.6920000000000001,0.6920000000000001,0.6920000000000001,0.6920000000000001,0.6920000000000001,0.6920000000000001],"11":[0.964,0.96,0.964,0.96,0.964,0.96,0.964,0.96,0.964,0.96,0.964,0.96,0.964,0.96,0.964,0.96,0.964,0.96,0.964,0.96],"36":[0.972,0.972,0.972,0.972,0.972,0.972,0.972,0.972,0.972,0.972,0.972,0.972,0.972,0.972,0.972,0.972,0.972,0.972,0.972,0.972],"68":[0.992,0.992,0.992,0.992,0.992,0.992,0.992,0.992,0.992,0.992,0.992,0.992,0.992,0.992,0.992,0.992,0.992,0.992,0.992,0.992],"69":[0.496,0.5,0.496,0.5,0.496,0.5,0.496,0.5,0.496,0.5,0.496,0.5,0.496,0.5,0.496,0.5,0.496,0.5,0.496,0.5],"82":[0.996,0.996,0.996,0.996,0.996,0.996,0.996,0.996,0.996,0.996,0.996,0.996,0.996,0.996,0.996,0.996,0.996,0.996,0.996,0.996],"39":[0.9520000000000001,0.9520000000000001,0.9520000000000001,0.9520000000000001,0.9520000000000001,0.9520000000000001,0.9520000000000001,0.9520000000000001,0.9520000000000001,0.9520000000000001,0.9520000000000001,0.9520000000000001,0.9520000000000001,0.9520000000000001,0.9520000000000001,0.9520000000000001,0.9520000000000001,0.9520000000000001,0.9520000000000001,0.9520000000000001],"84":[0.364,0.364,0.364,0.364,0.364,0.364,0.364,0.364,0.364,0.364,0.364,0.364,0.364,0.364,0.364,0.364,0.364,0.364,0.364,0.364],"77":[0.96,0.96,0.96,0.96,0.96,0.96,0.96,0.96,0.96,0.96,0.96,0.96,0.96,0.96,0.96,0.96,0.96,0.96,0.96,0.96],"7":[0.5640000000000001,0.5640000000000001,0.5640000000000001,0.5640000000000001,0.5640000000000001,0.5640000000000001,0.5640000000000001,0.5640000000000001,0.5640000000000001,0.5640000000000001,0.5640000000000001,0.5640000000000001,0.5640000000000001,0.5640000000000001,0.5640000000000001,0.5640000000000001,0.5640000000000001,0.5640000000000001,0.5640000000000001,0.5640000000000001],"25":[0.996,0.996,0.996,0.996,0.996,0.996,0.996,0.996,0.996,0.996,0.996,0.996,0.996,0.996,0.996,0.996,0.996,0.996,0.996,0.996],"71":[0.428,0.424,0.428,0.424,0.428,0.424,0.428,0.424,0.428,0.424,0.428,0.424,0.428,0.424,0.428,0.424,0.428,0.424,0.428,0.424],"66":[0.544,0.544,0.544,0.544,0.544,0.544,0.544,0.544,0.544,0.544,0.544,0.544,0.544,0.544,0.544,0.544,0.544,0.544,0.544,0.544],"76":[0.964,0.964,0.964,0.964,0.964,0.964,0.964,0.964,0.964,0.964,0.964,0.964,0.964,0.964,0.964,0.964,0.964,0.964,0.964,0.964],"34":[0.96,0.96,0.96,0.96,0.96,0.96,0.96,0.96,0.96,0.96,0.96,0.96,0.96,0.96,0.96,0.96,0.96,0.96,0.96,0.96],"50":[0.388,0.388,0.388,0.388,0.388,0.388,0.388,0.388,0.388,0.388,0.388,0.388,0.388,0.388,0.388,0.388,0.388,0.388,0.388,0.388],"59":[0.372,0.372,0.372,0.372,0.372,0.372,0.372,0.372,0.372,0.372,0.372,0.372,0.372,0.372,0.372,0.372,0.372,0.372,0.372,0.372],"2":[0.98,0.98,0.98,0.98,0.98,0.98,0.98,0.98,0.98,0.98,0.98,0.98,0.98,0.98,0.98,0.98,0.98,0.98,0.98,0.98],"10":[0.996,0.996,0.996,0.996,0.996,0.996,0.996,0.996,0.996,0.996,0.996,0.996,0.996,0.996,0.996,0.996,0.996,0.996,0.996,0.996],"18":[0.6960000000000001,0.6960000000000001,0.6960000000000001,0.6960000000000001,0.6960000000000001,0.6960000000000001,0.6960000000000001,0.6960000000000001,0.6960000000000001,0.6960000000000001,0.6960000000000001,0.6960000000000001,0.6960000000000001,0.6960000000000001,0.6960000000000001,0.6960000000000001,0.6960000000000001,0.6960000000000001,0.6960000000000001,0.6960000000000001],"26":[0.392,0.392,0.392,0.392,0.392,0.392,0.392,0.392,0.392,0.392,0.392,0.392,0.392,0.392,0.392,0.392,0.392,0.392,0.392,0.392],"27":[0.728,0.72,0.728,0.72,0.728,0.72,0.728,0.72,0.728,0.72,0.728,0.72,0.728,0.72,0.728,0.72,0.728,0.72,0.728,0.72],"42":[0.996,0.996,0.996,0.996,0.996,0.996,0.996,0.996,0.996,0.996,0.996,0.996,0.996,0.996,0.996,0.996,0.996,0.996,0.996,0.996],