{"5":[0.28400000000000003,0.28400000000000003,0.28400000000000003,0.28400000000000003,0.28400000000000003,0.28400000000000003,0.28400000000000003,0.28400000000000003,0.28400000000000003,0.28400000000000003,0.28400000000000003,0.28400000000000003,0.28400000000000003,0.28400000000000003,0.28400000000000003,0.28400000000000003,0.28400000000000003,0.28400000000000003,0.28400000000000003,0.28400000000000003],"56":[0.604,0.6,0.604,0.6,0.604,0.6,0.604,0.6,0.604,0.6,0.604,0.6,0.604,0.6,0.604,0.6,0.604,0.6,0.604,0.6],"35":[0.856,0.852,0.856,0.852,0.856,0.852,0.856,0.852,0.856,0.852,0.856,0.852,0.856,0.852,0.856,0.852,0.856,0.852,0.856,0.852],"55":[0.728,0.72,0.728,0.72,0.728,0.72,0.728,0.72,0.728,0.72,0.728,0.72,0.728,0.72,0.728,0.72,0.728,0.72,0.728,0.72],"60":[0.536,0.536,0.536,0.536,0.536,0.536,0.536,0.536,0.536,0.536,0.536,0.536,0.536,0.536,0.536,0.536,0.536,0.536,0.536,0.536],"30":[0.44,0.44,0.44,0.44,0.44,0.44,0.44,0.44,0.44,0.44,0.44,0.44,0.44,0.44,0.44,0.44,0.44,0.44,0.44,0.44],"32":[0.452,0.452,0.452,0.452,0.452,0.452,0.452,0.452,0.452,0.452,0.452,0.452,0.452,0.452,0.452,0.452,0.452,0.452,0.452,0.452],"6":[0.272,0.272,0.272,0.272,0.272,0.272,0.272,0.272,0.272,0.272,0.272,0.272,0.272,0.272,0.272,0.272,0.272,0.272,0.272,0.272],"67":[0.652,0.652,0.652,0.652,0.652,0.652,0.652,0.652,0.652,0.652,0.652,0.652,0.652,0.652,0.652,0.652,0.652,0.652,0.652,0.652],"45":[0.34800000000000003,0.34800000000000003,0.34800000000000003,0.34800000000000003,0.34800000000000003,0.34800000000000003,0.34800000000000003,0.34800000000000003,0.34800000000000003,0.34800000000000003,0.34800000000000003,0.34800000000000003,0.34800000000000003,0.34800000000000003,0.34800000000000003,0.34800000000000003,0.34800000000000003,0.34800000000000003,0.34800000000000003,0.34800000000000003],"73":[0.852,0.852,0.852,0.852,0.852,0.852,0.852,0.852,0.852,0.852,0.852,0.852,0.852,0.852,0.852,0.852,0.852,0.852,0.852,0.852],"64":[0.308,0.308,0.308,0.308,0.308,0.308,0.308,0.308,0.308,0.308,0.308,0.308,0.308,0.308,0.308,0.308,0.308,0.308,0.308,0.308],"90":[0.504,0.504,0.504,0.504,0.504,0.504,0.504,0.504,0.504,0.504,0.504,0.504,0.504,0.504,0.504,0.504,0.504,0.504,0.504,0.504],"4":[0.292,0.3,0.292,0.3,0.292,0.3,0.292,0.3,0.292,0.3,0.292,0.3,0.292,0.3,0.292,0.3,0.292,0.3,0.292,0.3],"13":[0.28,0.272,0.28,0.272,0.28,0.272,0.28,0.272,0.28,0.272,0.28,0.272,0.28,0.272,0.28,0.272,0.28,0.272,0.28,0.272],"54":[0.548,0.544,0.548,0.544,0.548,0.544,0.548,0.544,0.548,0.544,0.548,0.544,0.548,0.544,0.548,0.544,0.548,0.544,0.548,0.544],"63":[0.42,0.428,0.42,0.428,0.42,0.428,0.42,0.428,0.42,0.428,0.42,0.428,0.42,0.428,0.42,0.428,0.42,0.428,0.42,0.428],"86":[0.54,0.54,0.54,0.54,0.54,0.54,0.54,0.54,0.54,0.54,0.54,0.54,0.54,0.54,0.54,0.54,0.54,0.54,0.54,0.54],"91":[0.396,0.396,0.396,0.396,0.396,0.396,0.396,0.396,0.396,0.396,0.396,0.396,0.396,0.396,0.396,0.396,0.396,0.396,0.396,0.396],"62":[0.916,0.916,0.916,0.916,0.916,0.916,0.916,0.916,0.916,0.916,0.916,0.916,0.916,0.916,0.916,0.916,0.916,0.916,0.916,0.916],"58":[0.396,0.396,0.396,0.396,0.396,0.396,0.396,0.396,0.396,0.396,0.396,0.396,0.396,0.396,0.396,0.396,0.396,0.396,0.396,0.396],"52":[0.28,0.28,0.28,0.28,0.28,0.28,0.28,0.28,0.28,0.28,0.28,0.28,0.28,0.28,0.28,0.28,0.28,0.28,0.28,0.28],"12":[0.536,0.532,0.536,0.532,0.536,0.532,0.536,0.532,0.536,0.532,0.536,0.532,0.536,0.532,0.536,0.532,0.536,0.532,0.536,0.532],"28":[0.34800000000000003,0.34800000000000003,0.34800000000000003,0.34800000000000003,0.34800000000000003,0.34800000000000003,0.34800000000000003,0.34800000000000003,0.34800000000000003,0.34800000000000003,0.34800000000000003,0.34800000000000003,0.34800000000000003,0.34800000000000003,0.34800000000000003,0.34800000000000003,0.34800000000000003,0.34800000000000003,0.34800000000000003,0.34800000000000003],"75":[0.28800000000000003,0.28800000000000003,0.28800000000000003,0.28800000000000003,0.28800000000000003,0.28800000000000003,0.28800000000000003,0.28800000000000003,0.28800000000000003,0.28800000000000003,0.28800000000000003,0.28800000000000003,0.28800000000000003,0.28800000000000003,0.28800000000000003,0.28800000000000003,0.28800000000000003,0.28800000000000003,0.28800000000000003,0.28800000000000003],"23":[0.504,0.504,0.504,0.504,0.504,0.504,0.504,0.504,0.504,0.504,0.504,0.504,0.504,0.504,0.504,0.504,0.504,0.504,0.504,0.504],"92":[0.44,0.428,0.44,0.428,0.44,0.428,0.44,0.428,0.44,0.428,0.44,0.428,0.44,0.428,0.44,0.428,0.44,0.428,0.44,0.428],"41":[0.332,0.32,0.332,0.32,0.332,0.32,0.332,0.32,0.332,0.32,0.332,0.32,0.332,0.32,0.332,0.32,0.332,0.32,0.332,0.32],"43":[0.376,0.376,0.376,0.376,0.376,0.376,0.376,0.376,0.376,0.376,0.376,0.376,0.376,0.376,0.376,0.376,0.376,0.376,0.376,0.376],"11":[0.38,0.376,0.38,0.376,0.38,0.376,0.38,0.376,0.38,0.376,0.38,0.376,0.38,0.376,0.38,0.376,0.38,0.376,0.38,0.376],"36":[0.352,0.352,0.352,0.352,0.352,0.352,0.352,0.352,0.352,0.352,0.352,0.352,0.352,0.352,0.352,0.352,0.352,0.352,0.352,0.352],"68":[0.34800000000000003,0.34800000000000003,0.34800000000000003,0.34800000000000003,0.34800000000000003,0.34800000000000003,0.34800000000000003,0.34800000000000003,0.34800000000000003,0.34800000000000003,0.34800000000000003,0.34800000000000003,0.34800000000000003,0.34800000000000003,0.34800000000000003,0.34800000000000003,0.34800000000000003,0.34800000000000003,0.34800000000000003,0.34800000000000003],"69":[0.776,0.776,0.776,0.776,0.776,0.776,0.776,0.776,0.776,0.776,0.776,0.776,0.776,0.776,0.776,0.776,0.776,0.776,0.776,0.776],"82":[0.256,0.256,0.256,0.256,0.256,0.256,0.256,0.256,0.256,0.256,0.256,0.256,0.256,0.256,0.256,0.256,0.256,0.256,0.256,0.256],"85":[0.592,0.604,0.592,0.604,0.592,0.604,0.592,0.604,0.592,0.604,0.592,0.604,0.592,0.604,0.592,0.604,0.592,0.604,0.592,0.604],"39":[0.376,0.376,0.376,0.376,0.376,0.376,0.376,0.376,0.376,0.376,0.376,0.376,0.376,0.376,0.376,0.376,0.376,0.376,0.376,0.376],"84":[0.5640000000000001,0.5640000000000001,0.5640000000000001,0.5640000000000001,0.5640000000000001,0.5640000000000001,0.5640000000000001,0.5640000000000001,0.5640000000000001,0.5640000000000001,0.5640000000000001,0.5640000000000001,0.5640000000000001,0.5640000000000001,0.5640000000000001,0.5640000000000001,0.5640000000000001,0.5640000000000001,0.5640000000000001,0.5640000000000001],"77":[0.34400000000000003,0.34400000000000003,0.34400000000000003,0.34400000000000003,0.34400000000000003,0.34400000000000003,0.34400000000000003,0.34400000000000003,0.34400000000000003,0.34400000000000003,0.34400000000000003,0.34400000000000003,0.34400000000000003,0.34400000000000003,0.34400000000000003,0.34400000000000003,0.34400000000000003,0.34400000000000003,0.34400000000000003,0.34400000000000003],"7":[0.368,0.368,0.368,0.368,0.368,0.368,0.368,0.368,0.368,0.368,0.368,0.368,0.368,0.368,0.368,0.368,0.368,0.368,0.368,0.368],"25":[0.516,0.508,0.516,0.508,0.516,0.508,0.516,0.508,0.516,0.508,0.516,0.508,0.516,0.508,0.516,0.508,0.516,0.508,0.516,0.508],"95":[0.468,0.464,0.468,0.464,0.468,0.464,0.468,0.464,0.468,0.464,0.468,0.464,0.468,0.464,0.468,0.464,0.468,0.464,0.468,0.464],"71":[0.96,0.96,0.96,0.96,0.96,0.96,0.96,0.96,0.96,0.96,0.96,0.96,0.96,0.96,0.96,0.96,0.96,0.96,0.96,0.96],"66":[0.364,0.364,0.364,0.364,0.364,0.364,0.364,0.364,0.364,0.364,0.364,0.364,0.364,0.364,0.364,0.364,0.364,0.364,0.364,0.364],"76":[0.368,0.376,0.368,0.376,0.368,0.376,0.368,0.376,0.368,0.376,0.368,0.376,0.368,0.376,0.368,0.376,0.368,0.376,0.368,0.376],"34":[0.324,0.32,0.324,0.32,0.324,0.32,0.324,0.32,0.324,0.32,0.324,0.32,0.324,0.32,0.324,0.32,0.324,0.32,0.324,0.32],"50":[0.272,0.272,0.272,0.272,0.272,0.272,0.272,0.272,0.272,0.272,0.272,0.272,0.272,0.272,0.272,0.272,0.272,0.272,0.272,0.272],"59":[0.308,0.308,0.308,0.308,0.308,0.308,0.308,0.308,0.308,0.308,0.308,0.308,0.308,0.308,0.308,0.308,0.308,0.308,0.308,0.308],"93":[0.296,0.3,0.296,0.3,0.296,0.3,0.296,0.3,0.296,0.3,0.296,0.3,0.296,0.3,0.296,0.3,0.296,0.3,0.296,0.3],"2":[0.968,0.972,0.968,0.972,0.968,0.972,0.968,0.972,0.968,0.972,0.968,0.972,0.968,0.972,0.968,0.972,0.968,0.972,0.968,0.972],