{"5":[0.9925,0.9925,0.9925,0.9925,0.9925,0.9925,0.9925,0.9925,0.9925,0.9925,0.9925,0.9925,0.9925,0.9925,0.9925,0.9925,0.9925,0.9925,0.9925,0.9925],"56":[0.9875,0.9875,0.9875,0.9875,0.9875,0.9875,0.9875,0.9875,0.9875,0.9875,0.9875,0.9875,0.9875,0.9875,0.9875,0.9875,0.9875,0.9875,0.9875,0.9875],"35":[0.9975,0.9975,0.9975,0.9975,0.9975,0.9975,0.9975,0.9975,0.9975,0.9975,0.9975,0.9975,0.9975,0.9975,0.9975,0.9975,0.9975,0.9975,0.9975,0.9975],"55":[0.9500000000000001,0.9550000000000001,0.9500000000000001,0.9550000000000001,0.9500000000000001,0.9550000000000001,0.9500000000000001,0.9550000000000001,0.9500000000000001,0.9550000000000001,0.9500000000000001,0.9550000000000001,0.9500000000000001,0.9550000000000001,0.9500000000000001,0.9550000000000001,0.9500000000000001,0.9550000000000001,0.9500000000000001,0.9550000000000001],"60":[0.995,0.995,0.995,0.995,0.995,0.995,0.995,0.995,0.995,0.995,0.995,0.995,0.995,0.995,0.995,0.995,0.995,0.995,0.995,0.995],"30":[0.9775,0.9775,0.9775,0.9775,0.9775,0.9775,0.9775,0.9775,0.9775,0.9775,0.9775,0.9775,0.9775,0.9775,0.9775,0.9775,0.9775,0.9775,0.9775,0.9775],"32":[1.0,1.0,1.0,1.0,1.0,1.0,1.0,1.0,1.0,1.0,1.0,1.0,1.0,1.0,1.0,1.0,1.0,1.0,1.0,1.0],"6":[0.995,0.995,0.995,0.995,0.995,0.995,0.995,0.995,0.995,0.995,0.995,0.995,0.995,0.995,0.995,0.995,0.995,0.995,0.995,0.995],"67":[0.35000000000000003,0.35000000000000003,0.35000000000000003,0.35000000000000003,0.35000000000000003,0.35000000000000003,0.35000000000000003,0.35000000000000003,0.35000000000000003,0.35000000000000003,0.35000000000000003,0.35000000000000003,0.35000000000000003,0.35000000000000003,0.35000000000000003,0.35000000000000003,0.35000000000000003,0.35000000000000003,0.35000000000000003,0.35000000000000003],"45":[0.9975,0.9975,0.9975,0.9975,0.9975,0.9975,0.9975,0.9975,0.9975,0.9975,0.9975,0.9975,0.9975,0.9975,0.9975,0.9975,0.9975,0.9975,0.9975,0.9975],"73":[0.995,0.995,0.995,0.995,0.995,0.995,0.995,0.995,0.995,0.995,0.995,0.995,0.995,0.995,0.995,0.995,0.995,0.995,0.995,0.995],"64":[0.9725,0.9725,0.9725,0.9725,0.9725,0.9725,0.9725,0.9725,0.9725,0.9725,0.9725,0.9725,0.9725,0.9725,0.9725,0.9725,0.9725,0.9725,0.9725,0.9725],"90":[0.4225,0.4225,0.4225,0.4225,0.4225,0.4225,0.4225,0.4225,0.4225,0.4225,0.4225,0.4225,0.4225,0.4225,0.4225,0.4225,0.4225,0.4225,0.4225,0.4225],"4":[0.975,0.98,0.975,0.98,0.975,0.98,0.975,0.98,0.975,0.98,0.975,0.98,0.975,0.98,0.975,0.98,0.975,0.98,0.975,0.98],"13":[0.975,0.975,0.975,0.975,0.975,0.975,0.975,0.975,0.975,0.975,0.975,0.975,0.975,0.975,0.975,0.975,0.975,0.975,0.975,0.975],"54":[1.0,1.0,1.0,1.0,1.0,1.0,1.0,1.0,1.0,1.0,1.0,1.0,1.0,1.0,1.0,1.0,1.0,1.0,1.0,1.0],"63":[0.9675,0.9675,0.9675,0.9675,0.9675,0.9675,0.9675,0.9675,0.9675,0.9675,0.9675,0.9675,0.9675,0.9675,0.9675,0.9675,0.9675,0.9675,0.9675,0.9675],"86":[0.99,0.99,0.99,0.99,0.99,0.99,0.99,0.99,0.99,0.99,0.99,0.99,0.99,0.99,0.99,0.99,0.99,0.99,0.99,0.99],"104":[1.0,1.0,1.0,1.0,1.0,1.0,1.0,1.0,1.0,1.0,1.0,1.0,1.0,1.0,1.0,1.0,1.0,1.0,1.0,1.0],"91":[0.9775,0.9775,0.9775,0.9775,0.9775,0.9775,0.9775,0.9775,0.9775,0.9775,0.9775,0.9775,0.9775,0.9775,0.9775,0.9775,0.9775,0.9775,0.9775,0.9775],"62":[0.9925,0.9925,0.9925,0.9925,0.9925,0.9925,0.9925,0.9925,0.9925,0.9925,0.9925,0.9925,0.9925,0.9925,0.9925,0.9925,0.9925,0.9925,0.9925,0.9925],"58":[0.985,0.9875,0.985,0.9875,0.985,0.9875,0.985,0.9875,0.985,0.9875,0.985,0.9875,0.985,0.9875,0.985,0.9875,0.985,0.9875,0.985,0.9875],"52":[0.9825,0.9825,0.9825,0.9825,0.9825,0.9825,0.9825,0.9825,0.9825,0.9825,0.9825,0.9825,0.9825,0.9825,0.9825,0.9825,0.9825,0.9825,0.9825,0.9825],"12":[0.995,0.995,0.995,0.995,0.995,0.995,0.995,0.995,0.995,0.995,0.995,0.995,0.995,0.995,0.995,0.995,0.995,0.995,0.995,0.995],"28":[0.9675,0.9675,0.9675,0.9675,0.9675,0.9675,0.9675,0.9675,0.9675,0.9675,0.9675,0.9675,0.9675,0.9675,0.9675,0.9675,0.9675,0.9675,0.9675,0.9675],"75":[0.895,0.895,0.895,0.895,0.895,0.895,0.895,0.895,0.895,0.895,0.895,0.895,0.895,0.895,0.895,0.895,0.895,0.895,0.895,0.895],"23":[0.9625,0.9625,0.9625,0.9625,0.9625,0.9625,0.9625,0.9625,0.9625,0.9625,0.9625,0.9625,0.9625,0.9625,0.9625,0.9625,0.9625,0.9625,0.9625,0.9625],"92":[0.9925,0.9925,0.9925,0.9925,0.9925,0.9925,0.9925,0.9925,0.9925,0.9925,0.9925,0.9925,0.9925,0.9925,0.9925,0.9925,0.9925,0.9925,0.9925,0.9925],"41":[0.97,0.97,0.97,0.97,0.97,0.97,0.97,0.97,0.97,0.97,0.97,0.97,0.97,0.97,0.97,0.97,0.97,0.97,0.97,0.97],"43":[0.995,0.995,0.995,0.995,0.995,0.995,0.995,0.995,0.995,0.995,0.995,0.995,0.995,0.995,0.995,0.995,0.995,0.995,0.995,0.995],"11":[1.0,1.0,1.0,1.0,1.0,1.0,1.0,1.0,1.0,1.0,1.0,1.0,1.0,1.0,1.0,1.0,1.0,1.0,1.0,1.0],"36":[0.515,0.515,0.515,0.515,0.515,0.515,0.515,0.515,0.515,0.515,0.515,0.515,0.515,0.515,0.515,0.515,0.515,0.515,0.515,0.515],"68":[0.995,0.995,0.995,0.995,0.995,0.995,0.995,0.995,0.995,0.995,0.995,0.995,0.995,0.995,0.995,0.995,0.995,0.995,0.995,0.995],"69":[0.99,0.99,0.99,0.99,0.99,0.99,0.99,0.99,0.99,0.99,0.99,0.99,0.99,0.99,0.99,0.99,0.99,0.99,0.99,0.99],"98":[0.9775,0.9775,0.9775,0.9775,0.9775,0.9775,0.9775,0.9775,0.9775,0.9775,0.9775,0.9775,0.9775,0.9775,0.9775,0.9775,0.9775,0.9775,0.9775,0.9775],"82":[1.0,1.0,1.0,1.0,1.0,1.0,1.0,1.0,1.0,1.0,1.0,1.0,1.0,1.0,1.0,1.0,1.0,1.0,1.0,1.0],"85":[1.0,1.0,1.0,1.0,1.0,1.0,1.0,1.0,1.0,1.0,1.0,1.0,1.0,1.0,1.0,1.0,1.0,1.0,1.0,1.0],"39":[0.9400000000000001,0.9400000000000001,0.9400000000000001,0.9400000000000001,0.9400000000000001,0.9400000000000001,0.9400000000000001,0.9400000000000001,0.9400000000000001,0.9400000000000001,0.9400000000000001,0.9400000000000001,0.9400000000000001,0.9400000000000001,0.9400000000000001,0.9400000000000001,0.9400000000000001,0.9400000000000001,0.9400000000000001,0.9400000000000001],"84":[0.995,0.995,0.995,0.995,0.995,0.995,0.995,0.995,0.995,0.995,0.995,0.995,0.995,0.995,0.995,0.995,0.995,0.995,0.995,0.995],"77":[0.995,0.995,0.995,0.995,0.995,0.995,0.995,0.995,0.995,0.995,0.995,0.995,0.995,0.995,0.995,0.995,0.995,0.995,0.995,0.995],"7":[0.9575,0.9575,0.9575,0.9575,0.9575,0.9575,0.9575,0.9575,0.9575,0.9575,0.9575,0.9575,0.9575,0.9575,0.9575,0.9575,0.9575,0.9575,0.9575,0.9575],"25":[0.99,0.99,0.99,0.99,0.99,0.99,0.99,0.99,0.99,0.99,0.99,0.99,0.99,0.99,0.99,0.99,0.99,0.99,0.99,0.99],"95":[0.985,0.985,0.985,0.985,0.985,0.985,0.985,0.985,0.985,0.985,0.985,0.985,0.985,0.985,0.985,0.985,0.985,0.985,0.985,0.985],"71":[0.9875,0.9875,0.9875,0.9875,0.9875,0.9875,0.9875,0.9875,0.9875,0.9875,0.9875,0.9875,0.9875,0.9875,0.9875,0.9875,0.9875,0.9875,0.9875,0.9875],"66":[0.99,0.99,0.99,0.99,0.99,0.99,0.99,0.99,0.99,0.99,0.99,0.99,0.99,0.99,0.99,0.99,0.99,0.99,0.99,0.99],"76":[0.9875,0.9875,0.9875,0.9875,0.9875,0.9875,0.9875,0.9875,0.9875,0.9875,0.9875,0.9875,0.9875,0.9875,0.9875,0.9875,0.9875,0.9875,0.9875,0.9875],"103":[0.99,0.99,0.99,0.99,0.99,0.99,0.99,0.99,0.99,0.99,0.99,0.99,0.99,0.99,0.99,0.99,0.99,0.99,0.99,0.99],"34":[0.9975,0.9975,0.9975,0.9975,0.9975,0.9975,0.9975,0.9975,0.9975,0.9975,0.9975,0.9975,0.9975,0.9975,0.9975,0.9975,0.9975,0.9975,0.9975,0.9975],"50":[0.9925,0.9925,0.9925,0.9925,0.9925,0.9925,0.9925,0.9925,0.9925,0.9925,0.9925,0.9925,0.9925,0.9925,0.9925,0.9925,0.9925,0.9925,0.9925,0.9925],"59":[0.995,0.995,0.995,0.995,0.995,0.995,0.995,0.995,0.995,0.995,0.995,0.995,0.995,0.995,0.995,0.995,0.995,0.995,0.995,0.995],"93":[0.985,0.9825,0.985,0.9825,0.985,0.9825,0.985,0.9825,0.985,0.9825,0.985,0.9825,0.985,0.9825,0.985,0.9825,0.985,0.9825,0.985,0.9825],"2":[0.34750000000000003,0.34750000000000003,0.34750000000000003,0.34750000000000003,0.34750000000000003,0.34750000000000003,0.34750000000000003,0.34750000000000003,0.34750000000000003,0.34750000000000003,0.34750000000000003,0.34750000000000003,0.34750000000000003,0.34750000000000003,0.34750000000000003,0.34750000000000003,0.34750000000000003,0.34750000000000003,0.34750000000000003,0.34750000000000003],"10":[0.985,0.985,0.985,0.985,0.985,0.985,0.985,0.985,0.985,0.985,0.985,0.985,0.985,0.985,0.985,0.985,0.985,0.985,0.985,0.985],