{"5":[0.9675,0.9675,0.9675,0.9675,0.9675,0.9675,0.9675,0.9675,0.9675,0.9675,0.9675,0.9675,0.9675,0.9675,0.9675,0.9675,0.9675,0.9675,0.9675,0.9675],"56":[0.9825,0.9825,0.9825,0.9825,0.9825,0.9825,0.9825,0.9825,0.9825,0.9825,0.9825,0.9825,0.9825,0.9825,0.9825,0.9825,0.9825,0.9825,0.9825,0.9825],"35":[0.995,0.995,0.995,0.995,0.995,0.995,0.995,0.995,0.995,0.995,0.995,0.995,0.995,0.995,0.995,0.995,0.995,0.995,0.995,0.995],"55":[0.9825,0.9825,0.9825,0.9825,0.9825,0.9825,0.9825,0.9825,0.9825,0.9825,0.9825,0.9825,0.9825,0.9825,0.9825,0.9825,0.9825,0.9825,0.9825,0.9825],"60":[0.9975,0.9975,0.9975,0.9975,0.9975,0.9975,0.9975,0.9975,0.9975,0.9975,0.9975,0.9975,0.9975,0.9975,0.9975,0.9975,0.9975,0.9975,0.9975,0.9975],"30":[0.99,0.99,0.99,0.99,0.99,0.99,0.99,0.99,0.99,0.99,0.99,0.99,0.99,0.99,0.99,0.99,0.99,0.99,0.99,0.99],"32":[1.0,1.0,1.0,1.0,1.0,1.0,1.0,1.0,1.0,1.0,1.0,1.0,1.0,1.0,1.0,1.0,1.0,1.0,1.0,1.0],"6":[0.965,0.965,0.965,0.965,0.965,0.965,0.965,0.965,0.965,0.965,0.965,0.965,0.965,0.965,0.965,0.965,0.965,0.965,0.965,0.965],"67":[0.99,0.99,0.99,0.99,0.99,0.99,0.99,0.99,0.99,0.99,0.99,0.99,0.99,0.99,0.99,0.99,0.99,0.99,0.99,0.99],"45":[0.9975,0.9975,0.9975,0.9975,0.9975,0.9975,0.9975,0.9975,0.9975,0.9975,0.9975,0.9975,0.9975,0.9975,0.9975,0.9975,0.9975,0.9975,0.9975,0.9975],"73":[0.9875,0.9875,0.9875,0.9875,0.9875,0.9875,0.9875,0.9875,0.9875,0.9875,0.9875,0.9875,0.9875,0.9875,0.9875,0.9875,0.9875,0.9875,0.9875,0.9875],"64":[0.9500000000000001,0.9500000000000001,0.9500000000000001,0.9500000000000001,0.9500000000000001,0.9500000000000001,0.9500000000000001,0.9500000000000001,0.9500000000000001,0.9500000000000001,0.9500000000000001,0.9500000000000001,0.9500000000000001,0.9500000000000001,0.9500000000000001,0.9500000000000001,0.9500000000000001,0.9500000000000001,0.9500000000000001,0.9500000000000001],"90":[0.9975,0.9975,0.9975,0.9975,0.9975,0.9975,0.9975,0.9975,0.9975,0.9975,0.9975,0.9975,0.9975,0.9975,0.9975,0.9975,0.9975,0.9975,0.9975,0.9975],"4":[0.8875000000000001,0.8875000000000001,0.8875000000000001,0.8875000000000001,0.8875000000000001,0.8875000000000001,0.8875000000000001,0.8875000000000001,0.8875000000000001,0.8875000000000001,0.8875000000000001,0.8875000000000001,0.8875000000000001,0.8875000000000001,0.8875000000000001,0.8875000000000001,0.8875000000000001,0.8875000000000001,0.8875000000000001,0.8875000000000001],"13":[0.995,0.995,0.995,0.995,0.995,0.995,0.995,0.995,0.995,0.995,0.995,0.995,0.995,0.995,0.995,0.995,0.995,0.995,0.995,0.995],"54":[0.985,0.985,0.985,0.985,0.985,0.985,0.985,0.985,0.985,0.985,0.985,0.985,0.985,0.985,0.985,0.985,0.985,0.985,0.985,0.985],"63":[0.9875,0.9875,0.9875,0.9875,0.9875,0.9875,0.9875,0.9875,0.9875,0.9875,0.9875,0.9875,0.9875,0.9875,0.9875,0.9875,0.9875,0.9875,0.9875,0.9875],"86":[0.995,0.995,0.995,0.995,0.995,0.995,0.995,0.995,0.995,0.995,0.995,0.995,0.995,0.995,0.995,0.995,0.995,0.995,0.995,0.995],"104":[1.0,1.0,1.0,1.0,1.0,1.0,1.0,1.0,1.0,1.0,1.0,1.0,1.0,1.0,1.0,1.0,1.0,1.0,1.0,1.0],"91":[0.975,0.97,0.975,0.97,0.975,0.97,0.975,0.97,0.975,0.97,0.975,0.97,0.975,0.97,0.975,0.97,0.975,0.97,0.975,0.97],"62":[0.995,0.995,0.995,0.995,0.995,0.995,0.995,0.995,0.995,0.995,0.995,0.995,0.995,0.995,0.995,0.995,0.995,0.995,0.995,0.995],"58":[0.9875,0.9875,0.9875,0.9875,0.9875,0.9875,0.9875,0.9875,0.9875,0.9875,0.9875,0.9875,0.9875,0.9875,0.9875,0.9875,0.9875,0.9875,0.9875,0.9875],"52":[1.0,1.0,1.0,1.0,1.0,1.0,1.0,1.0,1.0,1.0,1.0,1.0,1.0,1.0,1.0,1.0,1.0,1.0,1.0,1.0],"12":[1.0,1.0,1.0,1.0,1.0,1.0,1.0,1.0,1.0,1.0,1.0,1.0,1.0,1.0,1.0,1.0,1.0,1.0,1.0,1.0],"28":[1.0,1.0,1.0,1.0,1.0,1.0,1.0,1.0,1.0,1.0,1.0,1.0,1.0,1.0,1.0,1.0,1.0,1.0,1.0,1.0],"75":[0.9875,0.9875,0.9875,0.9875,0.9875,0.9875,0.9875,0.9875,0.9875,0.9875,0.9875,0.9875,0.9875,0.9875,0.9875,0.9875,0.9875,0.9875,0.9875,0.9875],"23":[0.9975,0.9975,0.9975,0.9975,0.9975,0.9975,0.9975,0.9975,0.9975,0.9975,0.9975,0.9975,0.9975,0.9975,0.9975,0.9975,0.9975,0.9975,0.9975,0.9975],"92":[0.9725,0.9725,0.9725,0.9725,0.9725,0.9725,0.9725,0.9725,0.9725,0.9725,0.9725,0.9725,0.9725,0.9725,0.9725,0.9725,0.9725,0.9725,0.9725,0.9725],"41":[0.985,0.985,0.985,0.985,0.985,0.985,0.985,0.985,0.985,0.985,0.985,0.985,0.985,0.985,0.985,0.985,0.985,0.985,0.985,0.985],"43":[0.9925,0.9925,0.9925,0.9925,0.9925,0.9925,0.9925,0.9925,0.9925,0.9925,0.9925,0.9925,0.9925,0.9925,0.9925,0.9925,0.9925,0.9925,0.9925,0.9925],"11":[0.995,0.995,0.995,0.995,0.995,0.995,0.995,0.995,0.995,0.995,0.995,0.995,0.995,0.995,0.995,0.995,0.995,0.995,0.995,0.995],"36":[0.9775,0.9775,0.9775,0.9775,0.9775,0.9775,0.9775,0.9775,0.9775,0.9775,0.9775,0.9775,0.9775,0.9775,0.9775,0.9775,0.9775,0.9775,0.9775,0.9775],"68":[0.9975,0.9975,0.9975,0.9975,0.9975,0.9975,0.9975,0.9975,0.9975,0.9975,0.9975,0.9975,0.9975,0.9975,0.9975,0.9975,0.9975,0.9975,0.9975,0.9975],"69":[1.0,1.0,1.0,1.0,1.0,1.0,1.0,1.0,1.0,1.0,1.0,1.0,1.0,1.0,1.0,1.0,1.0,1.0,1.0,1.0],"98":[0.9975,0.9975,0.9975,0.9975,0.9975,0.9975,0.9975,0.9975,0.9975,0.9975,0.9975,0.9975,0.9975,0.9975,0.9975,0.9975,0.9975,0.9975,0.9975,0.9975],"82":[0.9925,0.9925,0.9925,0.9925,0.9925,0.9925,0.9925,0.9925,0.9925,0.9925,0.9925,0.9925,0.9925,0.9925,0.9925,0.9925,0.9925,0.9925,0.9925,0.9925],"85":[0.53,0.5225,0.53,0.5225,0.53,0.5225,0.53,0.5225,0.53,0.5225,0.53,0.5225,0.53,0.5225,0.53,0.5225,0.53,0.5225,0.53,0.5225],"39":[0.98,0.98,0.98,0.98,0.98,0.98,0.98,0.98,0.98,0.98,0.98,0.98,0.98,0.98,0.98,0.98,0.98,0.98,0.98,0.98],"84":[0.97,0.965,0.97,0.965,0.97,0.965,0.97,0.965,0.97,0.965,0.97,0.965,0.97,0.965,0.97,0.965,0.97,0.965,0.97,0.965],"77":[0.965,0.965,0.965,0.965,0.965,0.965,0.965,0.965,0.965,0.965,0.965,0.965,0.965,0.965,0.965,0.965,0.965,0.965,0.965,0.965],"7":[0.985,0.985,0.985,0.985,0.985,0.985,0.985,0.985,0.985,0.985,0.985,0.985,0.985,0.985,0.985,0.985,0.985,0.985,0.985,0.985],"25":[0.9975,0.9975,0.9975,0.9975,0.9975,0.9975,0.9975,0.9975,0.9975,0.9975,0.9975,0.9975,0.9975,0.9975,0.9975,0.9975,0.9975,0.9975,0.9975,0.9975],"95":[0.985,0.985,0.985,0.985,0.985,0.985,0.985,0.985,0.985,0.985,0.985,0.985,0.985,0.985,0.985,0.985,0.985,0.985,0.985,0.985],"71":[0.995,0.995,0.995,0.995,0.995,0.995,0.995,0.995,0.995,0.995,0.995,0.995,0.995,0.995,0.995,0.995,0.995,0.995,0.995,0.995],"66":[0.9925,0.9925,0.9925,0.9925,0.9925,0.9925,0.9925,0.9925,0.9925,0.9925,0.9925,0.9925,0.9925,0.9925,0.9925,0.9925,0.9925,0.9925,0.9925,0.9925],"76":[0.9675,0.9675,0.9675,0.9675,0.9675,0.9675,0.9675,0.9675,0.9675,0.9675,0.9675,0.9675,0.9675,0.9675,0.9675,0.9675,0.9675,0.9675,0.9675,0.9675],"103":[0.99,0.99,0.99,0.99,0.99,0.99,0.99,0.99,0.99,0.99,0.99,0.99,0.99,0.99,0.99,0.99,0.99,0.99,0.99,0.99],"34":[0.98,0.98,0.98,0.98,0.98,0.98,0.98,0.98,0.98,0.98,0.98,0.98,0.98,0.98,0.98,0.98,0.98,0.98,0.98,0.98],"50":[0.9975,0.9975,0.9975,0.9975,0.9975,0.9975,0.9975,0.9975,0.9975,0.9975,0.9975,0.9975,0.9975,0.9975,0.9975,0.9975,0.9975,0.9975,0.9975,0.9975],"59":[0.995,0.995,0.995,0.995,0.995,0.995,0.995,0.995,0.995,0.995,0.995,0.995,0.995,0.995,0.995,0.995,0.995,0.995,0.995,0.995],"93":[0.995,0.995,0.995,0.995,0.995,0.995,0.995,0.995,0.995,0.995,0.995,0.995,0.995,0.995,0.995,0.995,0.995,0.995,0.995,0.995],"2":[1.0,1.0,1.0,1.0,1.0,1.0,1.0,1.0,1.0,1.0,1.0,1.0,1.0,1.0,1.0,1.0,1.0,1.0,1.0,1.0],"10":[1.0,1.0,1.0,1.0,1.0,1.0,1.0,1.0,1.0,1.0,1.0,1.0,1.0,1.0,1.0,1.0,1.0,1.0,1.0,1.0],"18":[0.9925,0.9925,0.9925,0.9925,0.9925,0.9925,0.9925,0.9925,0.9925,0.9925,0.9925,0.9925,0.9925,0.9925,0.9925,0.9925,0.9925,0.9925,0.9925,0.9925],"26":[0.9675,0.9675,0.9675,0.9675,0.9675,0.9675,0.9675,0.9675,0.9675,0.9675,0.9675,0.9675,0.9675,0.9675,0.9675,0.9675,0.9675,0.9675,0.9675,0.9675],"27":[1.0,1.0,1.0,1.0,1.0,1.0,1.0,1.0,1.0,1.0,1.0,1.0,1.0,1.0,1.0,1.0,1.0,1.0,1.0,1.0],"42":[0.99,0.99,0.99,0.99,0.99,0.99,0.99,0.99,0.99,0.99,0.99,0.99,0.99,0.99,0.99,0.99,0.99,0.99,0.99,0.99],"87":[0.9125,0.9125,0.9125,0.9125,0.9125,0.9125,0.9125,0.9125,0.9125,0.9125,0.9125,0.9125,0.9125,0.9125,0.9125,0.9125,0.9125,0.9125,0.9125,0.9125],"100":[1.0,1.0,1.0,1.0,1.0,1.0,1.0,1.0,1.0,1.0,1.0,1.0,1.0,1.0,1.0,1.0,1.0,1.0,1.0,1.0],