{"5":[0.9925,0.9925,0.9925,0.9925,0.9925,0.9925,0.9925,0.9925,0.9925,0.9925,0.9925,0.9925,0.9925,0.9925,0.9925,0.9925,0.9925,0.9925,0.9925,0.9925],"56":[1.0,1.0,1.0,1.0,1.0,1.0,1.0,1.0,1.0,1.0,1.0,1.0,1.0,1.0,1.0,1.0,1.0,1.0,1.0,1.0],"35":[0.9975,0.9975,0.9975,0.9975,0.9975,0.9975,0.9975,0.9975,0.9975,0.9975,0.9975,0.9975,0.9975,0.9975,0.9975,0.9975,0.9975,0.9975,0.9975,0.9975],"55":[0.8925000000000001,0.8925000000000001,0.8925000000000001,0.8925000000000001,0.8925000000000001,0.8925000000000001,0.8925000000000001,0.8925000000000001,0.8925000000000001,0.8925000000000001,0.8925000000000001,0.8925000000000001,0.8925000000000001,0.8925000000000001,0.8925000000000001,0.8925000000000001,0.8925000000000001,0.8925000000000001,0.8925000000000001,0.8925000000000001],"60":[0.9325,0.9325,0.9325,0.9325,0.9325,0.9325,0.9325,0.9325,0.9325,0.9325,0.9325,0.9325,0.9325,0.9325,0.9325,0.9325,0.9325,0.9325,0.9325,0.9325],"30":[0.9875,0.9875,0.9875,0.9875,0.9875,0.9875,0.9875,0.9875,0.9875,0.9875,0.9875,0.9875,0.9875,0.9875,0.9875,0.9875,0.9875,0.9875,0.9875,0.9875],"32":[0.995,0.995,0.995,0.995,0.995,0.995,0.995,0.995,0.995,0.995,0.995,0.995,0.995,0.995,0.995,0.995,0.995,0.995,0.995,0.995],"6":[0.9725,0.9725,0.9725,0.9725,0.9725,0.9725,0.9725,0.9725,0.9725,0.9725,0.9725,0.9725,0.9725,0.9725,0.9725,0.9725,0.9725,0.9725,0.9725,0.9725],"67":[1.0,1.0,1.0,1.0,1.0,1.0,1.0,1.0,1.0,1.0,1.0,1.0,1.0,1.0,1.0,1.0,1.0,1.0,1.0,1.0],"45":[0.9925,0.9925,0.9925,0.9925,0.9925,0.9925,0.9925,0.9925,0.9925,0.9925,0.9925,0.9925,0.9925,0.9925,0.9925,0.9925,0.9925,0.9925,0.9925,0.9925],"73":[0.99,0.99,0.99,0.99,0.99,0.99,0.99,0.99,0.99,0.99,0.99,0.99,0.99,0.99,0.99,0.99,0.99,0.99,0.99,0.99],"64":[0.9975,0.9975,0.9975,0.9975,0.9975,0.9975,0.9975,0.9975,0.9975,0.9975,0.9975,0.9975,0.9975,0.9975,0.9975,0.9975,0.9975,0.9975,0.9975,0.9975],"90":[0.965,0.965,0.965,0.965,0.965,0.965,0.965,0.965,0.965,0.965,0.965,0.965,0.965,0.965,0.965,0.965,0.965,0.965,0.965,0.965],"4":[0.9925,0.9925,0.9925,0.9925,0.9925,0.9925,0.9925,0.9925,0.9925,0.9925,0.9925,0.9925,0.9925,0.9925,0.9925,0.9925,0.9925,0.9925,0.9925,0.9925],"13":[0.9675,0.9675,0.9675,0.9675,0.9675,0.9675,0.9675,0.9675,0.9675,0.9675,0.9675,0.9675,0.9675,0.9675,0.9675,0.9675,0.9675,0.9675,0.9675,0.9675],"54":[0.9825,0.9825,0.9825,0.9825,0.9825,0.9825,0.9825,0.9825,0.9825,0.9825,0.9825,0.9825,0.9825,0.9825,0.9825,0.9825,0.9825,0.9825,0.9825,0.9825],"63":[0.9975,0.9975,0.9975,0.9975,0.9975,0.9975,0.9975,0.9975,0.9975,0.9975,0.9975,0.9975,0.9975,0.9975,0.9975,0.9975,0.9975,0.9975,0.9975,0.9975],"86":[0.9975,0.9975,0.9975,0.9975,0.9975,0.9975,0.9975,0.9975,0.9975,0.9975,0.9975,0.9975,0.9975,0.9975,0.9975,0.9975,0.9975,0.9975,0.9975,0.9975],"104":[0.98,0.98,0.98,0.98,0.98,0.98,0.98,0.98,0.98,0.98,0.98,0.98,0.98,0.98,0.98,0.98,0.98,0.98,0.98,0.98],"91":[0.9975,0.9975,0.9975,0.9975,0.9975,0.9975,0.9975,0.9975,0.9975,0.9975,0.9975,0.9975,0.9975,0.9975,0.9975,0.9975,0.9975,0.9975,0.9975,0.9975],"62":[0.9975,0.9975,0.9975,0.9975,0.9975,0.9975,0.9975,0.9975,0.9975,0.9975,0.9975,0.9975,0.9975,0.9975,0.9975,0.9975,0.9975,0.9975,0.9975,0.9975],"58":[1.0,1.0,1.0,1.0,1.0,1.0,1.0,1.0,1.0,1.0,1.0,1.0,1.0,1.0,1.0,1.0,1.0,1.0,1.0,1.0],"52":[0.9875,0.9875,0.9875,0.9875,0.9875,0.9875,0.9875,0.9875,0.9875,0.9875,0.9875,0.9875,0.9875,0.9875,0.9875,0.9875,0.9875,0.9875,0.9875,0.9875],"12":[0.9925,0.9925,0.9925,0.9925,0.9925,0.9925,0.9925,0.9925,0.9925,0.9925,0.9925,0.9925,0.9925,0.9925,0.9925,0.9925,0.9925,0.9925,0.9925,0.9925],"28":[0.9625,0.9625,0.9625,0.9625,0.9625,0.9625,0.9625,0.9625,0.9625,0.9625,0.9625,0.9625,0.9625,0.9625,0.9625,0.9625,0.9625,0.9625,0.9625,0.9625],"75":[0.9975,0.9975,0.9975,0.9975,0.9975,0.9975,0.9975,0.9975,0.9975,0.9975,0.9975,0.9975,0.9975,0.9975,0.9975,0.9975,0.9975,0.9975,0.9975,0.9975],"23":[0.9825,0.9825,0.9825,0.9825,0.9825,0.9825,0.9825,0.9825,0.9825,0.9825,0.9825,0.9825,0.9825,0.9825,0.9825,0.9825,0.9825,0.9825,0.9825,0.9825],"92":[0.9975,0.9975,0.9975,0.9975,0.9975,0.9975,0.9975,0.9975,0.9975,0.9975,0.9975,0.9975,0.9975,0.9975,0.9975,0.9975,0.9975,0.9975,0.9975,0.9975],"41":[0.9975,0.9975,0.9975,0.9975,0.9975,0.9975,0.9975,0.9975,0.9975,0.9975,0.9975,0.9975,0.9975,0.9975,0.9975,0.9975,0.9975,0.9975,0.9975,0.9975],"43":[0.985,0.985,0.985,0.985,0.985,0.985,0.985,0.985,0.985,0.985,0.985,0.985,0.985,0.985,0.985,0.985,0.985,0.985,0.985,0.985],"11":[0.9975,0.9975,0.9975,0.9975,0.9975,0.9975,0.9975,0.9975,0.9975,0.9975,0.9975,0.9975,0.9975,0.9975,0.9975,0.9975,0.9975,0.9975,0.9975,0.9975],"36":[0.995,0.995,0.995,0.995,0.995,0.995,0.995,0.995,0.995,0.995,0.995,0.995,0.995,0.995,0.995,0.995,0.995,0.995,0.995,0.995],"68":[0.985,0.985,0.985,0.985,0.985,0.985,0.985,0.985,0.985,0.985,0.985,0.985,0.985,0.985,0.985,0.985,0.985,0.985,0.985,0.985],"69":[0.985,0.985,0.985,0.985,0.985,0.985,0.985,0.985,0.985,0.985,0.985,0.985,0.985,0.985,0.985,0.985,0.985,0.985,0.985,0.985],"98":[0.9975,0.9975,0.9975,0.9975,0.9975,0.9975,0.9975,0.9975,0.9975,0.9975,0.9975,0.9975,0.9975,0.9975,0.9975,0.9975,0.9975,0.9975,0.9975,0.9975],"82":[0.985,0.985,0.985,0.985,0.985,0.985,0.985,0.985,0.985,0.985,0.985,0.985,0.985,0.985,0.985,0.985,0.985,0.985,0.985,0.985],"85":[0.755,0.755,0.755,0.755,0.755,0.755,0.755,0.755,0.755,0.755,0.755,0.755,0.755,0.755,0.755,0.755,0.755,0.755,0.755,0.755],"39":[0.9975,0.9975,0.9975,0.9975,0.9975,0.9975,0.9975,0.9975,0.9975,0.9975,0.9975,0.9975,0.9975,0.9975,0.9975,0.9975,0.9975,0.9975,0.9975,0.9975],"84":[0.9925,0.9925,0.9925,0.9925,0.9925,0.9925,0.9925,0.9925,0.9925,0.9925,0.9925,0.9925,0.9925,0.9925,0.9925,0.9925,0.9925,0.9925,0.9925,0.9925],"77":[0.97,0.97,0.97,0.97,0.97,0.97,0.97,0.97,0.97,0.97,0.97,0.97,0.97,0.97,0.97,0.97,0.97,0.97,0.97,0.97],"7":[0.9725,0.9725,0.9725,0.9725,0.9725,0.9725,0.9725,0.9725,0.9725,0.9725,0.9725,0.9725,0.9725,0.9725,0.9725,0.9725,0.9725,0.9725,0.9725,0.9725],"25":[0.9775,0.9775,0.9775,0.9775,0.9775,0.9775,0.9775,0.9775,0.9775,0.9775,0.9775,0.9775,0.9775,0.9775,0.9775,0.9775,0.9775,0.9775,0.9775,0.9775],"95":[0.96,0.96,0.96,0.96,0.96,0.96,0.96,0.96,0.96,0.96,0.96,0.96,0.96,0.96,0.96,0.96,0.96,0.96,0.96,0.96],"71":[0.97,0.97,0.97,0.97,0.97,0.97,0.97,0.97,0.97,0.97,0.97,0.97,0.97,0.97,0.97,0.97,0.97,0.97,0.97,0.97],"66":[0.995,0.995,0.995,0.995,0.995,0.995,0.995,0.995,0.995,0.995,0.995,0.995,0.995,0.995,0.995,0.995,0.995,0.995,0.995,0.995],"76":[0.995,0.995,0.995,0.995,0.995,0.995,0.995,0.995,0.995,0.995,0.995,0.995,0.995,0.995,0.995,0.995,0.995,0.995,0.995,0.995],"103":[0.9975,0.9975,0.9975,0.9975,0.9975,0.9975,0.9975,0.9975,0.9975,0.9975,0.9975,0.9975,0.9975,0.9975,0.9975,0.9975,0.9975,0.9975,0.9975,0.9975],"34":[0.98,0.98,0.98,0.98,0.98,0.98,0.98,0.98,0.98,0.98,0.98,0.98,0.98,0.98,0.98,0.98,0.98,0.98,0.98,0.98],"50":[0.985,0.985,0.985,0.985,0.985,0.985,0.985,0.985,0.985,0.985,0.985,0.985,0.985,0.985,0.985,0.985,0.985,0.985,0.985,0.985],"59":[1.0,1.0,1.0,1.0,1.0,1.0,1.0,1.0,1.0,1.0,1.0,1.0,1.0,1.0,1.0,1.0,1.0,1.0,1.0,1.0],"93":[0.99,0.99,0.99,0.99,0.99,0.99,0.99,0.99,0.99,0.99,0.99,0.99,0.99,0.99,0.99,0.99,0.99,0.99,0.99,0.99],"2":[0.995,0.995,0.995,0.995,0.995,0.995,0.995,0.995,0.995,0.995,0.995,0.995,0.995,0.995,0.995,0.995,0.995,0.995,0.995,0.995],"10":[0.975,0.975,0.975,0.975,0.975,0.975,0.975,0.975,0.975,0.975,0.975,0.975,0.975,0.975,0.975,0.975,0.975,0.975,0.975,0.975],"18":[0.9975,0.9975,0.9975,0.9975,0.9975,0.9975,0.9975,0.9975,0.9975,0.9975,0.9975,0.9975,0.9975,0.9975,0.9975,0.9975,0.9975,0.9975,0.9975,0.9975],"26":[0.9925,0.9925,0.9925,0.9925,0.9925,0.9925,0.9925,0.9925,0.9925,0.9925,0.9925,0.9925,0.9925,0.9925,0.9925,0.9925,0.9925,0.9925,0.9925,0.9925],"27":[0.9975,0.9975,0.9975,0.9975,0.9975,0.9975,0.9975,0.9975,0.9975,0.9975,0.9975,0.9975,0.9975,0.9975,0.9975,0.9975,0.9975,0.9975,0.9975,0.9975],