{"5":[1.0,1.0,1.0,1.0,1.0,1.0,1.0,1.0,1.0,1.0,1.0,1.0,1.0,1.0,1.0,1.0,1.0,1.0,1.0,1.0],"56":[0.9325,0.9325,0.9325,0.9325,0.9325,0.9325,0.9325,0.9325,0.9325,0.9325,0.9325,0.9325,0.9325,0.9325,0.9325,0.9325,0.9325,0.9325,0.9325,0.9325],"35":[0.9625,0.965,0.9625,0.965,0.9625,0.965,0.9625,0.965,0.9625,0.965,0.9625,0.965,0.9625,0.965,0.9625,0.965,0.9625,0.965,0.9625,0.965],"55":[0.9875,0.9875,0.9875,0.9875,0.9875,0.9875,0.9875,0.9875,0.9875,0.9875,0.9875,0.9875,0.9875,0.9875,0.9875,0.9875,0.9875,0.9875,0.9875,0.9875],"110":[0.93,0.93,0.93,0.93,0.93,0.93,0.93,0.93,0.93,0.93,0.93,0.93,0.93,0.93,0.93,0.93,0.93,0.93,0.93,0.93],"60":[0.9875,0.9875,0.9875,0.9875,0.9875,0.9875,0.9875,0.9875,0.9875,0.9875,0.9875,0.9875,0.9875,0.9875,0.9875,0.9875,0.9875,0.9875,0.9875,0.9875],"30":[0.9925,0.9925,0.9925,0.9925,0.9925,0.9925,0.9925,0.9925,0.9925,0.9925,0.9925,0.9925,0.9925,0.9925,0.9925,0.9925,0.9925,0.9925,0.9925,0.9925],"32":[0.9875,0.9875,0.9875,0.9875,0.9875,0.9875,0.9875,0.9875,0.9875,0.9875,0.9875,0.9875,0.9875,0.9875,0.9875,0.9875,0.9875,0.9875,0.9875,0.9875],"6":[0.975,0.975,0.975,0.975,0.975,0.975,0.975,0.975,0.975,0.975,0.975,0.975,0.975,0.975,0.975,0.975,0.975,0.975,0.975,0.975],"67":[0.9875,0.9875,0.9875,0.9875,0.9875,0.9875,0.9875,0.9875,0.9875,0.9875,0.9875,0.9875,0.9875,0.9875,0.9875,0.9875,0.9875,0.9875,0.9875,0.9875],"45":[0.975,0.975,0.975,0.975,0.975,0.975,0.975,0.975,0.975,0.975,0.975,0.975,0.975,0.975,0.975,0.975,0.975,0.975,0.975,0.975],"73":[1.0,1.0,1.0,1.0,1.0,1.0,1.0,1.0,1.0,1.0,1.0,1.0,1.0,1.0,1.0,1.0,1.0,1.0,1.0,1.0],"112":[0.995,0.995,0.995,0.995,0.995,0.995,0.995,0.995,0.995,0.995,0.995,0.995,0.995,0.995,0.995,0.995,0.995,0.995,0.995,0.995],"64":[0.9925,0.9925,0.9925,0.9925,0.9925,0.9925,0.9925,0.9925,0.9925,0.9925,0.9925,0.9925,0.9925,0.9925,0.9925,0.9925,0.9925,0.9925,0.9925,0.9925],"90":[0.9500000000000001,0.9500000000000001,0.9500000000000001,0.9500000000000001,0.9500000000000001,0.9500000000000001,0.9500000000000001,0.9500000000000001,0.9500000000000001,0.9500000000000001,0.9500000000000001,0.9500000000000001,0.9500000000000001,0.9500000000000001,0.9500000000000001,0.9500000000000001,0.9500000000000001,0.9500000000000001,0.9500000000000001,0.9500000000000001],"4":[0.99,0.99,0.99,0.99,0.99,0.99,0.99,0.99,0.99,0.99,0.99,0.99,0.99,0.99,0.99,0.99,0.99,0.99,0.99,0.99],"13":[0.9425,0.9425,0.9425,0.9425,0.9425,0.9425,0.9425,0.9425,0.9425,0.9425,0.9425,0.9425,0.9425,0.9425,0.9425,0.9425,0.9425,0.9425,0.9425,0.9425],"54":[0.9625,0.9625,0.9625,0.9625,0.9625,0.9625,0.9625,0.9625,0.9625,0.9625,0.9625,0.9625,0.9625,0.9625,0.9625,0.9625,0.9625,0.9625,0.9625,0.9625],"63":[1.0,1.0,1.0,1.0,1.0,1.0,1.0,1.0,1.0,1.0,1.0,1.0,1.0,1.0,1.0,1.0,1.0,1.0,1.0,1.0],"86":[0.98,0.98,0.98,0.98,0.98,0.98,0.98,0.98,0.98,0.98,0.98,0.98,0.98,0.98,0.98,0.98,0.98,0.98,0.98,0.98],"104":[0.995,0.995,0.995,0.995,0.995,0.995,0.995,0.995,0.995,0.995,0.995,0.995,0.995,0.995,0.995,0.995,0.995,0.995,0.995,0.995],"91":[0.9,0.905,0.9,0.905,0.9,0.905,0.9,0.905,0.9,0.905,0.9,0.905,0.9,0.905,0.9,0.905,0.9,0.905,0.9,0.905],"62":[0.9675,0.9675,0.9675,0.9675,0.9675,0.9675,0.9675,0.9675,0.9675,0.9675,0.9675,0.9675,0.9675,0.9675,0.9675,0.9675,0.9675,0.9675,0.9675,0.9675],"58":[1.0,1.0,1.0,1.0,1.0,1.0,1.0,1.0,1.0,1.0,1.0,1.0,1.0,1.0,1.0,1.0,1.0,1.0,1.0,1.0],"52":[0.99,0.99,0.99,0.99,0.99,0.99,0.99,0.99,0.99,0.99,0.99,0.99,0.99,0.99,0.99,0.99,0.99,0.99,0.99,0.99],"12":[0.985,0.985,0.985,0.985,0.985,0.985,0.985,0.985,0.985,0.985,0.985,0.985,0.985,0.985,0.985,0.985,0.985,0.985,0.985,0.985],"28":[0.99,0.99,0.99,0.99,0.99,0.99,0.99,0.99,0.99,0.99,0.99,0.99,0.99,0.99,0.99,0.99,0.99,0.99,0.99,0.99],"75":[0.9550000000000001,0.9550000000000001,0.9550000000000001,0.9550000000000001,0.9550000000000001,0.9550000000000001,0.9550000000000001,0.9550000000000001,0.9550000000000001,0.9550000000000001,0.9550000000000001,0.9550000000000001,0.9550000000000001,0.9550000000000001,0.9550000000000001,0.9550000000000001,0.9550000000000001,0.9550000000000001,0.9550000000000001,0.9550000000000001],"23":[0.995,0.995,0.995,0.995,0.995,0.995,0.995,0.995,0.995,0.995,0.995,0.995,0.995,0.995,0.995,0.995,0.995,0.995,0.995,0.995],"111":[0.9625,0.9625,0.9625,0.9625,0.9625,0.9625,0.9625,0.9625,0.9625,0.9625,0.9625,0.9625,0.9625,0.9625,0.9625,0.9625,0.9625,0.9625,0.9625,0.9625],"92":[0.8475,0.8475,0.8475,0.8475,0.8475,0.8475,0.8475,0.8475,0.8475,0.8475,0.8475,0.8475,0.8475,0.8475,0.8475,0.8475,0.8475,0.8475,0.8475,0.8475],"41":[0.9775,0.9775,0.9775,0.9775,0.9775,0.9775,0.9775,0.9775,0.9775,0.9775,0.9775,0.9775,0.9775,0.9775,0.9775,0.9775,0.9775,0.9775,0.9775,0.9775],"43":[0.9975,0.9975,0.9975,0.9975,0.9975,0.9975,0.9975,0.9975,0.9975,0.9975,0.9975,0.9975,0.9975,0.9975,0.9975,0.9975,0.9975,0.9975,0.9975,0.9975],"11":[0.9975,0.9975,0.9975,0.9975,0.9975,0.9975,0.9975,0.9975,0.9975,0.9975,0.9975,0.9975,0.9975,0.9975,0.9975,0.9975,0.9975,0.9975,0.9975,0.9975],"36":[0.9975,0.9975,0.9975,0.9975,0.9975,0.9975,0.9975,0.9975,0.9975,0.9975,0.9975,0.9975,0.9975,0.9975,0.9975,0.9975,0.9975,0.9975,0.9975,0.9975],"68":[0.9975,0.9975,0.9975,0.9975,0.9975,0.9975,0.9975,0.9975,0.9975,0.9975,0.9975,0.9975,0.9975,0.9975,0.9975,0.9975,0.9975,0.9975,0.9975,0.9975],"69":[0.9425,0.9425,0.9425,0.9425,0.9425,0.9425,0.9425,0.9425,0.9425,0.9425,0.9425,0.9425,0.9425,0.9425,0.9425,0.9425,0.9425,0.9425,0.9425,0.9425],"98":[0.9775,0.9775,0.9775,0.9775,0.9775,0.9775,0.9775,0.9775,0.9775,0.9775,0.9775,0.9775,0.9775,0.9775,0.9775,0.9775,0.9775,0.9775,0.9775,0.9775],"82":[0.9975,0.9975,0.9975,0.9975,0.9975,0.9975,0.9975,0.9975,0.9975,0.9975,0.9975,0.9975,0.9975,0.9975,0.9975,0.9975,0.9975,0.9975,0.9975,0.9975],"85":[0.9975,0.9975,0.9975,0.9975,0.9975,0.9975,0.9975,0.9975,0.9975,0.9975,0.9975,0.9975,0.9975,0.9975,0.9975,0.9975,0.9975,0.9975,0.9975,0.9975],"39":[1.0,1.0,1.0,1.0,1.0,1.0,1.0,1.0,1.0,1.0,1.0,1.0,1.0,1.0,1.0,1.0,1.0,1.0,1.0,1.0],"84":[0.9475,0.9475,0.9475,0.9475,0.9475,0.9475,0.9475,0.9475,0.9475,0.9475,0.9475,0.9475,0.9475,0.9475,0.9475,0.9475,0.9475,0.9475,0.9475,0.9475],"77":[0.9475,0.9475,0.9475,0.9475,0.9475,0.9475,0.9475,0.9475,0.9475,0.9475,0.9475,0.9475,0.9475,0.9475,0.9475,0.9475,0.9475,0.9475,0.9475,0.9475],"7":[0.99,0.99,0.99,0.99,0.99,0.99,0.99,0.99,0.99,0.99,0.99,0.99,0.99,0.99,0.99,0.99,0.99,0.99,0.99,0.99],"25":[0.9975,0.9975,0.9975,0.9975,0.9975,0.9975,0.9975,0.9975,0.9975,0.9975,0.9975,0.9975,0.9975,0.9975,0.9975,0.9975,0.9975,0.9975,0.9975,0.9975],"95":[0.8525,0.8575,0.8525,0.8575,0.8525,0.8575,0.8525,0.8575,0.8525,0.8575,0.8525,0.8575,0.8525,0.8575,0.8525,0.8575,0.8525,0.8575,0.8525,0.8575],"108":[0.9925,0.9925,0.9925,0.9925,0.9925,0.9925,0.9925,0.9925,0.9925,0.9925,0.9925,0.9925,0.9925,0.9925,0.9925,0.9925,0.9925,0.9925,0.9925,0.9925],"71":[0.9625,0.9625,0.9625,0.9625,0.9625,0.9625,0.9625,0.9625,0.9625,0.9625,0.9625,0.9625,0.9625,0.9625,0.9625,0.9625,0.9625,0.9625,0.9625,0.9625],"66":[1.0,1.0,1.0,1.0,1.0,1.0,1.0,1.0,1.0,1.0,1.0,1.0,1.0,1.0,1.0,1.0,1.0,1.0,1.0,1.0],"76":[0.985,0.985,0.985,0.985,0.985,0.985,0.985,0.985,0.985,0.985,0.985,0.985,0.985,0.985,0.985,0.985,0.985,0.985,0.985,0.985],"103":[0.9975,0.9975,0.9975,0.9975,0.9975,0.9975,0.9975,0.9975,0.9975,0.9975,0.9975,0.9975,0.9975,0.9975,0.9975,0.9975,0.9975,0.9975,0.9975,0.9975],"34":[0.9625,0.9625,0.9625,0.9625,0.9625,0.9625,0.9625,0.9625,0.9625,0.9625,0.9625,0.9625,0.9625,0.9625,0.9625,0.9625,0.9625,0.9625,0.9625,0.9625],"50":[0.9825,0.9825,0.9825,0.9825,0.9825,0.9825,0.9825,0.9825,0.9825,0.9825,0.9825,0.9825,0.9825,0.9825,0.9825,0.9825,0.9825,0.9825,0.9825,0.9825],"59":[0.9975,0.9975,0.9975,0.9975,0.9975,0.9975,0.9975,0.9975,0.9975,0.9975,0.9975,0.9975,0.9975,0.9975,0.9975,0.9975,0.9975,0.9975,0.9975,0.9975],"93":[0.975,0.975,0.975,0.975,0.975,0.975,0.975,0.975,0.975,0.975,0.975,0.975,0.975,0.975,0.975,0.975,0.975,0.975,0.975,0.975],"2":[0.9925,0.9925,0.9925,0.9925,0.9925,0.9925,0.9925,0.9925,0.9925,0.9925,0.9925,0.9925,0.9925,0.9925,0.9925,0.9925,0.9925,0.9925,0.9925,0.9925],