{"5":[1.0,1.0,1.0,1.0,1.0,1.0,1.0,1.0,1.0,1.0,1.0,1.0,1.0,1.0,1.0,1.0,1.0,1.0,1.0,1.0],"56":[0.985,0.985,0.985,0.985,0.985,0.985,0.985,0.985,0.985,0.985,0.985,0.985,0.985,0.985,0.985,0.985,0.985,0.985,0.985,0.985],"35":[0.99,0.99,0.99,0.99,0.99,0.99,0.99,0.99,0.99,0.99,0.99,0.99,0.99,0.99,0.99,0.99,0.99,0.99,0.99,0.99],"55":[0.9550000000000001,0.9575,0.9550000000000001,0.9575,0.9550000000000001,0.9575,0.9550000000000001,0.9575,0.9550000000000001,0.9575,0.9550000000000001,0.9575,0.9550000000000001,0.9575,0.9550000000000001,0.9575,0.9550000000000001,0.9575,0.9550000000000001,0.9575],"60":[0.9775,0.9775,0.9775,0.9775,0.9775,0.9775,0.9775,0.9775,0.9775,0.9775,0.9775,0.9775,0.9775,0.9775,0.9775,0.9775,0.9775,0.9775,0.9775,0.9775],"30":[0.935,0.935,0.935,0.935,0.935,0.935,0.935,0.935,0.935,0.935,0.935,0.935,0.935,0.935,0.935,0.935,0.935,0.935,0.935,0.935],"32":[1.0,1.0,1.0,1.0,1.0,1.0,1.0,1.0,1.0,1.0,1.0,1.0,1.0,1.0,1.0,1.0,1.0,1.0,1.0,1.0],"6":[0.9875,0.9875,0.9875,0.9875,0.9875,0.9875,0.9875,0.9875,0.9875,0.9875,0.9875,0.9875,0.9875,0.9875,0.9875,0.9875,0.9875,0.9875,0.9875,0.9875],"67":[0.995,0.995,0.995,0.995,0.995,0.995,0.995,0.995,0.995,0.995,0.995,0.995,0.995,0.995,0.995,0.995,0.995,0.995,0.995,0.995],"45":[1.0,1.0,1.0,1.0,1.0,1.0,1.0,1.0,1.0,1.0,1.0,1.0,1.0,1.0,1.0,1.0,1.0,1.0,1.0,1.0],"73":[0.995,0.995,0.995,0.995,0.995,0.995,0.995,0.995,0.995,0.995,0.995,0.995,0.995,0.995,0.995,0.995,0.995,0.995,0.995,0.995],"64":[0.995,0.995,0.995,0.995,0.995,0.995,0.995,0.995,0.995,0.995,0.995,0.995,0.995,0.995,0.995,0.995,0.995,0.995,0.995,0.995],"90":[0.9575,0.9575,0.9575,0.9575,0.9575,0.9575,0.9575,0.9575,0.9575,0.9575,0.9575,0.9575,0.9575,0.9575,0.9575,0.9575,0.9575,0.9575,0.9575,0.9575],"4":[0.9225,0.9225,0.9225,0.9225,0.9225,0.9225,0.9225,0.9225,0.9225,0.9225,0.9225,0.9225,0.9225,0.9225,0.9225,0.9225,0.9225,0.9225,0.9225,0.9225],"13":[0.995,0.995,0.995,0.995,0.995,0.995,0.995,0.995,0.995,0.995,0.995,0.995,0.995,0.995,0.995,0.995,0.995,0.995,0.995,0.995],"54":[1.0,1.0,1.0,1.0,1.0,1.0,1.0,1.0,1.0,1.0,1.0,1.0,1.0,1.0,1.0,1.0,1.0,1.0,1.0,1.0],"63":[0.995,0.995,0.995,0.995,0.995,0.995,0.995,0.995,0.995,0.995,0.995,0.995,0.995,0.995,0.995,0.995,0.995,0.995,0.995,0.995],"86":[0.4575,0.4575,0.4575,0.4575,0.4575,0.4575,0.4575,0.4575,0.4575,0.4575,0.4575,0.4575,0.4575,0.4575,0.4575,0.4575,0.4575,0.4575,0.4575,0.4575],"91":[1.0,1.0,1.0,1.0,1.0,1.0,1.0,1.0,1.0,1.0,1.0,1.0,1.0,1.0,1.0,1.0,1.0,1.0,1.0,1.0],"62":[0.8625,0.8625,0.8625,0.8625,0.8625,0.8625,0.8625,0.8625,0.8625,0.8625,0.8625,0.8625,0.8625,0.8625,0.8625,0.8625,0.8625,0.8625,0.8625,0.8625],"58":[0.5575,0.5575,0.5575,0.5575,0.5575,0.5575,0.5575,0.5575,0.5575,0.5575,0.5575,0.5575,0.5575,0.5575,0.5575,0.5575,0.5575,0.5575,0.5575,0.5575],"52":[0.9875,0.985,0.9875,0.985,0.9875,0.985,0.9875,0.985,0.9875,0.985,0.9875,0.985,0.9875,0.985,0.9875,0.985,0.9875,0.985,0.9875,0.985],"12":[0.985,0.985,0.985,0.985,0.985,0.985,0.985,0.985,0.985,0.985,0.985,0.985,0.985,0.985,0.985,0.985,0.985,0.985,0.985,0.985],"28":[0.9925,0.9925,0.9925,0.9925,0.9925,0.9925,0.9925,0.9925,0.9925,0.9925,0.9925,0.9925,0.9925,0.9925,0.9925,0.9925,0.9925,0.9925,0.9925,0.9925],"75":[0.98,0.98,0.98,0.98,0.98,0.98,0.98,0.98,0.98,0.98,0.98,0.98,0.98,0.98,0.98,0.98,0.98,0.98,0.98,0.98],"23":[1.0,1.0,1.0,1.0,1.0,1.0,1.0,1.0,1.0,1.0,1.0,1.0,1.0,1.0,1.0,1.0,1.0,1.0,1.0,1.0],"92":[0.985,0.985,0.985,0.985,0.985,0.985,0.985,0.985,0.985,0.985,0.985,0.985,0.985,0.985,0.985,0.985,0.985,0.985,0.985,0.985],"41":[0.995,0.995,0.995,0.995,0.995,0.995,0.995,0.995,0.995,0.995,0.995,0.995,0.995,0.995,0.995,0.995,0.995,0.995,0.995,0.995],"43":[0.98,0.98,0.98,0.98,0.98,0.98,0.98,0.98,0.98,0.98,0.98,0.98,0.98,0.98,0.98,0.98,0.98,0.98,0.98,0.98],"11":[0.99,0.99,0.99,0.99,0.99,0.99,0.99,0.99,0.99,0.99,0.99,0.99,0.99,0.99,0.99,0.99,0.99,0.99,0.99,0.99],"36":[0.925,0.925,0.925,0.925,0.925,0.925,0.925,0.925,0.925,0.925,0.925,0.925,0.925,0.925,0.925,0.925,0.925,0.925,0.925,0.925],"68":[0.9975,0.9975,0.9975,0.9975,0.9975,0.9975,0.9975,0.9975,0.9975,0.9975,0.9975,0.9975,0.9975,0.9975,0.9975,0.9975,0.9975,0.9975,0.9975,0.9975],"69":[0.9625,0.9625,0.9625,0.9625,0.9625,0.9625,0.9625,0.9625,0.9625,0.9625,0.9625,0.9625,0.9625,0.9625,0.9625,0.9625,0.9625,0.9625,0.9625,0.9625],"98":[0.985,0.985,0.985,0.985,0.985,0.985,0.985,0.985,0.985,0.985,0.985,0.985,0.985,0.985,0.985,0.985,0.985,0.985,0.985,0.985],"82":[0.9525,0.9550000000000001,0.9525,0.9550000000000001,0.9525,0.9550000000000001,0.9525,0.9550000000000001,0.9525,0.9550000000000001,0.9525,0.9550000000000001,0.9525,0.9550000000000001,0.9525,0.9550000000000001,0.9525,0.9550000000000001,0.9525,0.9550000000000001],"85":[0.9825,0.9825,0.9825,0.9825,0.9825,0.9825,0.9825,0.9825,0.9825,0.9825,0.9825,0.9825,0.9825,0.9825,0.9825,0.9825,0.9825,0.9825,0.9825,0.9825],"39":[0.985,0.985,0.985,0.985,0.985,0.985,0.985,0.985,0.985,0.985,0.985,0.985,0.985,0.985,0.985,0.985,0.985,0.985,0.985,0.985],"84":[0.99,0.99,0.99,0.99,0.99,0.99,0.99,0.99,0.99,0.99,0.99,0.99,0.99,0.99,0.99,0.99,0.99,0.99,0.99,0.99],"77":[0.99,0.99,0.99,0.99,0.99,0.99,0.99,0.99,0.99,0.99,0.99,0.99,0.99,0.99,0.99,0.99,0.99,0.99,0.99,0.99],"7":[0.9925,0.9925,0.9925,0.9925,0.9925,0.9925,0.9925,0.9925,0.9925,0.9925,0.9925,0.9925,0.9925,0.9925,0.9925,0.9925,0.9925,0.9925,0.9925,0.9925],"25":[1.0,1.0,1.0,1.0,1.0,1.0,1.0,1.0,1.0,1.0,1.0,1.0,1.0,1.0,1.0,1.0,1.0,1.0,1.0,1.0],"95":[0.525,0.525,0.525,0.525,0.525,0.525,0.525,0.525,0.525,0.525,0.525,0.525,0.525,0.525,0.525,0.525,0.525,0.525,0.525,0.525],"71":[0.9925,0.9925,0.9925,0.9925,0.9925,0.9925,0.9925,0.9925,0.9925,0.9925,0.9925,0.9925,0.9925,0.9925,0.9925,0.9925,0.9925,0.9925,0.9925,0.9925],"66":[1.0,1.0,1.0,1.0,1.0,1.0,1.0,1.0,1.0,1.0,1.0,1.0,1.0,1.0,1.0,1.0,1.0,1.0,1.0,1.0],"76":[0.96,0.9625,0.96,0.9625,0.96,0.9625,0.96,0.9625,0.96,0.9625,0.96,0.9625,0.96,0.9625,0.96,0.9625,0.96,0.9625,0.96,0.9625],"103":[0.9450000000000001,0.9450000000000001,0.9450000000000001,0.9450000000000001,0.9450000000000001,0.9450000000000001,0.9450000000000001,0.9450000000000001,0.9450000000000001,0.9450000000000001,0.9450000000000001,0.9450000000000001,0.9450000000000001,0.9450000000000001,0.9450000000000001,0.9450000000000001,0.9450000000000001,0.9450000000000001,0.9450000000000001,0.9450000000000001],"34":[0.9775,0.9775,0.9775,0.9775,0.9775,0.9775,0.9775,0.9775,0.9775,0.9775,0.9775,0.9775,0.9775,0.9775,0.9775,0.9775,0.9775,0.9775,0.9775,0.9775],"50":[1.0,1.0,1.0,1.0,1.0,1.0,1.0,1.0,1.0,1.0,1.0,1.0,1.0,1.0,1.0,1.0,1.0,1.0,1.0,1.0],"59":[0.9875,0.9875,0.9875,0.9875,0.9875,0.9875,0.9875,0.9875,0.9875,0.9875,0.9875,0.9875,0.9875,0.9875,0.9875,0.9875,0.9875,0.9875,0.9875,0.9875],"93":[0.9550000000000001,0.9550000000000001,0.9550000000000001,0.9550000000000001,0.9550000000000001,0.9550000000000001,0.9550000000000001,0.9550000000000001,0.9550000000000001,0.9550000000000001,0.9550000000000001,0.9550000000000001,0.9550000000000001,0.9550000000000001,0.9550000000000001,0.9550000000000001,0.9550000000000001,0.9550000000000001,0.9550000000000001,0.9550000000000001],"2":[0.9625,0.9625,0.9625,0.9625,0.9625,0.9625,0.9625,0.9625,0.9625,0.9625,0.9625,0.9625,0.9625,0.9625,0.9625,0.9625,0.9625,0.9625,0.9625,0.9625],"10":[0.9575,0.9575,0.9575,0.9575,0.9575,0.9575,0.9575,0.9575,0.9575,0.9575,0.9575,0.9575,0.9575,0.9575,0.9575,0.9575,0.9575,0.9575,0.9575,0.9575],"18":[1.0,1.0,1.0,1.0,1.0,1.0,1.0,1.0,1.0,1.0,1.0,1.0,1.0,1.0,1.0,1.0,1.0,1.0,1.0,1.0],"26":[1.0,1.0,1.0,1.0,1.0,1.0,1.0,1.0,1.0,1.0,1.0,1.0,1.0,1.0,1.0,1.0,1.0,1.0,1.0,1.0],"27":[0.995,0.995,0.995,0.995,0.995,0.995,0.995,0.995,0.995,0.995,0.995,0.995,0.995,0.995,0.995,0.995,0.995,0.995,0.995,0.995],"42":[0.9525,0.9525,0.9525,0.9525,0.9525,0.9525,0.9525,0.9525,0.9525,0.9525,0.9525,0.9525,0.9525,0.9525,0.9525,0.9525,0.9525,0.9525,0.9525,0.9525],"87":[0.9725,0.9725,0.9725,0.9725,0.9725,0.9725,0.9725,0.9725,0.9725,0.9725,0.9725,0.9725,0.9725,0.9725,0.9725,0.9725,0.9725,0.9725,0.9725,0.9725],